time,open,high,low,close,volume,amount,settelementPrice,openInterest,preClose,suspendFlag
1617120000000,0.631,0.635,0.63,0.633,1279985,80963777.00000001,0.0,15,0.636,0
1617206400000,0.634,0.64,0.634,0.639,879884,56042720.0,0.0,15,0.633,0
1617292800000,0.64,0.644,0.638,0.641,629428,40371500.0,0.0,15,0.639,0
1617638400000,0.644,0.649,0.638,0.647,635956,41051835.00000001,0.0,15,0.641,0
1617724800000,0.647,0.647,0.642,0.646,402043,25880907.0,0.0,15,0.647,0
1617811200000,0.647,0.65,0.643,0.646,487412,31490250.000000004,0.0,15,0.646,0
1617897600000,0.647,0.647,0.643,0.646,462566,29827411.000000004,0.0,15,0.646,0
1618156800000,0.649,0.649,0.631,0.633,697597,44483534.0,0.0,15,0.646,0
1618243200000,0.633,0.633,0.627,0.628,495445,31259474.0,0.0,15,0.633,0
1618329600000,0.628,0.638,0.628,0.638,670668,42444177.0,0.0,15,0.628,0
1618416000000,0.636,0.636,0.631,0.634,567516,35935468.0,0.0,15,0.638,0
1618502400000,0.634,0.643,0.634,0.642,537989,34442822.0,0.0,15,0.634,0
1618761600000,0.641,0.653,0.641,0.652,717947,46681035.0,0.0,15,0.642,0
1618848000000,0.651,0.656,0.644,0.652,716010,46800127.0,0.0,15,0.652,0
1618934400000,0.651,0.653,0.645,0.651,731939,47593618.0,0.0,15,0.652,0
1619020800000,0.652,0.654,0.651,0.652,812759,53068654.0,0.0,15,0.651,0
1619107200000,0.652,0.653,0.648,0.652,764230,49693615.0,0.0,15,0.652,0
1619366400000,0.652,0.658,0.649,0.65,723105,47304503.00000001,0.0,15,0.652,0
1619452800000,0.65,0.65,0.64,0.644,782388,50302239.0,0.0,15,0.65,0
1619539200000,0.644,0.65,0.643,0.648,807076,52285699.0,0.0,15,0.644,0
1619625600000,0.647,0.651,0.646,0.647,711249,46124736.0,0.0,15,0.648,0
1619712000000,0.646,0.646,0.641,0.645,827003,53278452.0,0.0,15,0.647,0
1620230400000,0.646,0.648,0.641,0.647,780473,50400812.00000001,0.0,15,0.645,0
1620316800000,0.647,0.648,0.639,0.64,703749,45274220.0,0.0,15,0.647,0
1620576000000,0.64,0.643,0.637,0.638,797727,50978340.0,0.0,15,0.64,0
1620662400000,0.638,0.643,0.632,0.642,807688,51578122.0,0.0,15,0.638,0
1620748800000,0.641,0.651,0.638,0.65,820396,52873015.00000001,0.0,15,0.642,0
1620835200000,0.644,0.651,0.642,0.646,740963,47946344.0,0.0,15,0.65,0
1620921600000,0.646,0.655,0.645,0.653,857310,55834400.00000001,0.0,15,0.646,0
1621180800000,0.654,0.657,0.651,0.652,899258,58819854.0,0.0,15,0.653,0
1621267200000,0.653,0.657,0.651,0.657,731086,47883446.0,0.0,15,0.652,0
1621353600000,0.657,0.658,0.652,0.657,896855,58910390.0,0.0,15,0.657,0
1621440000000,0.658,0.659,0.653,0.657,897323,58858046.0,0.0,15,0.657,0
1621526400000,0.658,0.66,0.656,0.657,737925,48526872.00000001,0.0,15,0.657,0
1621785600000,0.655,0.665,0.655,0.665,772735,50980404.0,0.0,15,0.657,0
1621872000000,0.665,0.672,0.664,0.67,748996,50063415.0,0.0,15,0.665,0
1621958400000,0.671,0.677,0.67,0.676,745427,50350406.00000001,0.0,15,0.67,0
1622044800000,0.676,0.682,0.674,0.682,747748,50875619.0,0.0,15,0.676,0
1622131200000,0.683,0.686,0.679,0.683,927347,63300910.0,0.0,15,0.682,0
1622390400000,0.683,0.6930000000000001,0.683,0.6930000000000001,802192,55265408.0,0.0,15,0.683,0
1622476800000,0.6930000000000001,0.7000000000000001,0.6890000000000001,0.6980000000000001,818111,56786881.0,0.0,15,0.6930000000000001,0
1622563200000,0.6980000000000001,0.6980000000000001,0.6890000000000001,0.6910000000000001,791870,54861326.0,0.0,15,0.6980000000000001,0
1622649600000,0.687,0.6960000000000001,0.687,0.6910000000000001,825522,57188974.00000001,0.0,15,0.6910000000000001,0
1622736000000,0.6900000000000001,0.6950000000000001,0.686,0.6940000000000001,870283,60250426.0,0.0,15,0.6910000000000001,0
1622995200000,0.6930000000000001,0.7030000000000001,0.6920000000000001,0.7020000000000001,797949,55757024.00000001,0.0,15,0.6940000000000001,0
1623081600000,0.7030000000000001,0.7060000000000001,0.6950000000000001,0.6970000000000001,712742,49817979.99999999,0.0,15,0.7020000000000001,0
1623168000000,0.6930000000000001,0.6990000000000001,0.6930000000000001,0.6990000000000001,744542,51880704.00000001,0.0,15,0.6970000000000001,0
1623254400000,0.6990000000000001,0.7080000000000001,0.6960000000000001,0.7080000000000001,750992,52789798.99999999,0.0,15,0.6990000000000001,0
1623340800000,0.7080000000000001,0.7090000000000001,0.7020000000000001,0.7030000000000001,708763,49927003.0,0.0,15,0.7080000000000001,0
1623686400000,0.7030000000000001,0.7040000000000001,0.6960000000000001,0.6990000000000001,807924,56500922.0,0.0,15,0.7030000000000001,0
1623772800000,0.6990000000000001,0.6990000000000001,0.683,0.685,739951,51059394.00000001,0.0,15,0.6990000000000001,0
1623859200000,0.684,0.6980000000000001,0.684,0.6970000000000001,808364,55977357.0,0.0,15,0.685,0
1623945600000,0.7000000000000001,0.7040000000000001,0.6950000000000001,0.7030000000000001,768872,53870080.00000001,0.0,15,0.6970000000000001,0
1624204800000,0.6980000000000001,0.7150000000000001,0.6980000000000001,0.7140000000000001,674255,47975458.0,0.0,15,0.7030000000000001,0
1624291200000,0.714,0.74,0.713,0.72,715205,51329112.00000001,0.0,15,0.714,0
1624377600000,0.72,0.726,0.717,0.725,660667,47705219.0,0.0,15,0.72,0
1624464000000,0.725,0.726,0.717,0.718,739414,53203528.0,0.0,15,0.725,0
1624550400000,0.718,0.722,0.714,0.721,813770,58483302.99999999,0.0,15,0.718,0
1624809600000,0.724,0.728,0.72,0.726,650318,47160175.99999999,0.0,15,0.721,0
1624896000000,0.725,0.728,0.72,0.722,637695,46121732.0,0.0,15,0.726,0
1624982400000,0.722,0.73,0.722,0.729,590132,42856212.0,0.0,15,0.722,0
1625068800000,0.729,0.73,0.717,0.718,666551,48349921.0,0.0,15,0.729,0
1625155200000,0.716,0.717,0.712,0.713,556089,39727829.00000001,0.0,15,0.718,0
1625414400000,0.712,0.721,0.712,0.72,628388,45082722.0,0.0,15,0.713,0
1625500800000,0.72,0.726,0.711,0.721,843769,60710574.0,0.0,15,0.72,0
1625587200000,0.718,0.733,0.715,0.732,745577,54002988.0,0.0,15,0.721,0
1625673600000,0.735,0.737,0.733,0.736,760299,55881347.0,0.0,15,0.732,0
1625760000000,0.736,0.742,0.725,0.74,594534,43504647.0,0.0,15,0.736,0
1626019200000,0.737,0.755,0.737,0.755,623728,46795280.0,0.0,15,0.74,0
1626105600000,0.753,0.759,0.751,0.758,643681,48594718.00000001,0.0,15,0.755,0
1626192000000,0.758,0.758,0.749,0.75,766541,57720666.00000001,0.0,15,0.758,0
1626278400000,0.75,0.75,0.735,0.747,661705,49226334.00000001,0.0,15,0.75,0
1626364800000,0.746,0.756,0.745,0.749,751093,56397601.0,0.0,15,0.747,0
1626624000000,0.749,0.751,0.743,0.745,659519,49258923.0,0.0,15,0.749,0
1626710400000,0.744,0.75,0.74,0.75,654484,48849713.0,0.0,15,0.745,0
1626796800000,0.75,0.768,0.75,0.766,751849,57353672.00000001,0.0,15,0.75,0
1626883200000,0.763,0.771,0.761,0.771,609732,46729489.99999999,0.0,15,0.766,0
1626969600000,0.77,0.775,0.762,0.767,947811,72867918.0,0.0,15,0.771,0
1627228800000,0.766,0.77,0.743,0.759,723648,55098762.0,0.0,15,0.767,0
1627315200000,0.755,0.765,0.74,0.741,775209,58694540.0,0.0,15,0.759,0
1627401600000,0.7270000000000001,0.7400000000000001,0.7030000000000001,0.7220000000000001,982490,71060009.0,0.0,15,0.7410000000000001,0
1627488000000,0.726,0.751,0.726,0.747,764004,56764154.0,0.0,15,0.722,0
1627574400000,0.748,0.756,0.743,0.755,729677,54694059.0,0.0,15,0.747,0
1627833600000,0.76,0.771,0.755,0.771,541404,41273818.0,0.0,15,0.755,0
1627920000000,0.767,0.772,0.758,0.761,613389,46994094.0,0.0,15,0.771,0
1628006400000,0.76,0.777,0.76,0.777,653373,50226320.00000001,0.0,15,0.761,0
1628092800000,0.777,0.779,0.768,0.776,592093,45800012.99999999,0.0,15,0.777,0
1628179200000,0.776,0.779,0.771,0.778,511668,39654461.0,0.0,15,0.776,0
1628438400000,0.776,0.78,0.768,0.778,577068,44681202.0,0.0,15,0.778,0
1628524800000,0.776,0.785,0.776,0.785,602049,47068711.99999999,0.0,15,0.778,0
1628611200000,0.786,0.792,0.78,0.792,528425,41560885.0,0.0,15,0.785,0
1628697600000,0.792,0.8,0.789,0.798,651953,51868416.0,0.0,15,0.792,0
1628784000000,0.798,0.805,0.792,0.798,685100,54713640.0,0.0,15,0.798,0
1629043200000,0.798,0.798,0.785,0.788,518153,40947236.0,0.0,15,0.798,0
1629129600000,0.788,0.789,0.765,0.77,686725,53481174.0,0.0,15,0.788,0
1629216000000,0.769,0.778,0.765,0.774,729655,56244536.99999999,0.0,15,0.77,0
1629302400000,0.768,0.784,0.765,0.78,657737,50989781.0,0.0,15,0.774,0
1629388800000,0.777,0.783,0.769,0.78,630450,48897789.0,0.0,15,0.78,0
1629648000000,0.779,0.8,0.778,0.798,469141,37134885.00000001,0.0,15,0.78,0
1629734400000,0.799,0.807,0.795,0.805,656763,52716419.0,0.0,15,0.798,0
1629820800000,0.805,0.811,0.8,0.811,507821,40876220.0,0.0,15,0.805,0
1629907200000,0.81,0.811,0.8,0.801,629746,50650179.0,0.0,15,0.811,0
1629993600000,0.796,0.803,0.791,0.802,509968,40714169.0,0.0,15,0.801,0
1630252800000,0.804,0.8130000000000001,0.802,0.805,742230,59907826.0,0.0,15,0.802,0
1630339200000,0.804,0.807,0.798,0.806,595512,47821411.00000001,0.0,15,0.805,0
1630425600000,0.806,0.808,0.782,0.793,824074,65538740.00000001,0.0,15,0.806,0
1630512000000,0.793,0.803,0.788,0.803,711306,56816258.0,0.0,15,0.793,0
1630598400000,0.81,0.8130000000000001,0.787,0.794,813447,64945379.0,0.0,15,0.803,0
1630857600000,0.794,0.805,0.786,0.805,718932,57456185.0,0.0,15,0.794,0
1630944000000,0.805,0.8230000000000001,0.803,0.8220000000000001,576609,47071188.0,0.0,15,0.805,0
1631030400000,0.8230000000000001,0.8260000000000001,0.8200000000000001,0.8240000000000001,563219,46381246.00000001,0.0,15,0.8220000000000001,0
1631116800000,0.8200000000000001,0.8270000000000001,0.8180000000000001,0.8240000000000001,474638,38997669.0,0.0,15,0.8240000000000001,0
1631203200000,0.8240000000000001,0.8290000000000001,0.8170000000000001,0.8280000000000001,528935,43579205.00000001,0.0,15,0.8240000000000001,0
1631462400000,0.8280000000000001,0.8310000000000001,0.8230000000000001,0.8280000000000001,525408,43426801.0,0.0,15,0.8280000000000001,0
1631548800000,0.8260000000000001,0.8400000000000001,0.8230000000000001,0.8260000000000001,856855,71280858.0,0.0,15,0.8280000000000001,0
1631635200000,0.8250000000000001,0.8340000000000001,0.8210000000000001,0.8340000000000001,783048,64972485.0,0.0,15,0.8260000000000001,0
1631721600000,0.8340000000000001,0.8350000000000001,0.808,0.81,697059,57159222.0,0.0,15,0.8340000000000001,0
1631808000000,0.803,0.8140000000000001,0.792,0.808,794264,63932451.0,0.0,15,0.81,0
1632240000000,0.798,0.8130000000000001,0.798,0.812,1346541,108861161.0,0.0,15,0.808,0
1632326400000,0.8150000000000001,0.8200000000000001,0.8130000000000001,0.8170000000000001,782436,63918430.00000001,0.0,15,0.812,0
1632412800000,0.8160000000000001,0.8160000000000001,0.803,0.804,814195,66028920.00000001,0.0,15,0.8170000000000001,0
1632672000000,0.801,0.807,0.772,0.779,1068034,83843630.00000001,0.0,15,0.804,0
1632758400000,0.779,0.783,0.774,0.778,812502,63308331.0,0.0,15,0.779,0
1632844800000,0.773,0.773,0.751,0.753,941712,71687903.0,0.0,15,0.778,0
1632931200000,0.75,0.774,0.75,0.773,889329,68211331.00000001,0.0,15,0.753,0
1633622400000,0.779,0.785,0.769,0.775,899643,69658923.00000001,0.0,15,0.773,0
1633881600000,0.774,0.776,0.767,0.77,733067,56591831.0,0.0,15,0.775,0
1633968000000,0.765,0.769,0.743,0.751,936851,70588853.0,0.0,15,0.77,0
1634054400000,0.75,0.762,0.746,0.76,1412851,106117594.0,0.0,15,0.751,0
1634140800000,0.759,0.768,0.756,0.766,589405,44997478.0,0.0,15,0.76,0
1634227200000,0.766,0.77,0.76,0.768,623978,47828151.0,0.0,15,0.766,0
1634486400000,0.768,0.776,0.764,0.776,566325,43541586.00000001,0.0,15,0.768,0
1634572800000,0.775,0.784,0.773,0.783,568352,44368454.99999999,0.0,15,0.776,0
1634659200000,0.779,0.789,0.778,0.784,543100,42533789.0,0.0,15,0.783,0
1634745600000,0.785,0.788,0.781,0.783,472842,37133445.0,0.0,15,0.784,0
1634832000000,0.783,0.787,0.776,0.777,753949,58867148.00000001,0.0,15,0.783,0
1635091200000,0.776,0.788,0.776,0.787,578682,45289276.00000001,0.0,15,0.777,0
1635177600000,0.787,0.793,0.783,0.785,415236,32761094.0,0.0,15,0.787,0
1635264000000,0.785,0.785,0.773,0.777,631001,48954553.99999999,0.0,15,0.785,0
1635350400000,0.776,0.776,0.757,0.761,468006,35812535.0,0.0,15,0.777,0
1635436800000,0.758,0.771,0.756,0.771,480712,36781285.0,0.0,15,0.761,0
1635696000000,0.768,0.782,0.767,0.778,430676,33417879.0,0.0,15,0.771,0
1635782400000,0.777,0.783,0.762,0.77,549686,42452415.0,0.0,15,0.778,0
1635868800000,0.77,0.773,0.764,0.772,426362,32742339.000000004,0.0,15,0.77,0
1635955200000,0.771,0.781,0.771,0.781,298799,23243579.999999996,0.0,15,0.772,0
1636041600000,0.78,0.782,0.772,0.772,574614,44663395.00000001,0.0,15,0.781,0
1636300800000,0.772,0.775,0.767,0.775,415246,32020347.999999996,0.0,15,0.772,0
1636387200000,0.775,0.786,0.775,0.786,373895,29175760.999999996,0.0,15,0.775,0
1636473600000,0.786,0.787,0.775,0.787,479846,37475312.0,0.0,15,0.786,0
1636560000000,0.786,0.794,0.785,0.792,300155,23715389.0,0.0,15,0.787,0
1636646400000,0.792,0.807,0.792,0.806,609381,48841900.0,0.0,15,0.792,0
1636905600000,0.81,0.811,0.801,0.801,1079939,86712949.0,0.0,15,0.806,0
1636992000000,0.803,0.804,0.792,0.793,361486,28881305.0,0.0,15,0.801,0
1637078400000,0.793,0.81,0.793,0.81,388581,31226049.0,0.0,15,0.793,0
1637164800000,0.81,0.8130000000000001,0.803,0.808,537654,43401220.0,0.0,15,0.81,0
1637251200000,0.806,0.8190000000000001,0.806,0.8190000000000001,729681,59335287.00000001,0.0,15,0.808,0
1637510400000,0.8200000000000001,0.8330000000000001,0.8200000000000001,0.8330000000000001,805188,66788026.0,0.0,15,0.8190000000000001,0
1637596800000,0.8320000000000001,0.8340000000000001,0.8290000000000001,0.8310000000000001,458870,38165945.0,0.0,15,0.8330000000000001,0
1637683200000,0.8300000000000001,0.8350000000000001,0.8280000000000001,0.8300000000000001,766979,63694546.0,0.0,15,0.8310000000000001,0
1637769600000,0.8270000000000001,0.8320000000000001,0.8270000000000001,0.8280000000000001,557551,46264717.00000001,0.0,15,0.8300000000000001,0
1637856000000,0.8250000000000001,0.8320000000000001,0.8250000000000001,0.8310000000000001,625845,51925058.0,0.0,15,0.8280000000000001,0
1638115200000,0.8240000000000001,0.8390000000000001,0.8220000000000001,0.8390000000000001,699275,58294160.0,0.0,15,0.8310000000000001,0
1638201600000,0.839,0.847,0.833,0.845,696964,58716918.0,0.0,15,0.839,0
1638288000000,0.845,0.846,0.838,0.845,614915,51773691.99999999,0.0,15,0.845,0
1638374400000,0.844,0.844,0.833,0.836,644451,53935310.0,0.0,15,0.845,0
1638460800000,0.836,0.841,0.833,0.841,641356,53725584.0,0.0,15,0.836,0
1638720000000,0.8400000000000001,0.8400000000000001,0.8260000000000001,0.8270000000000001,1033700,86309705.0,0.0,15,0.8410000000000001,0
1638806400000,0.8330000000000001,0.8330000000000001,0.809,0.8150000000000001,1062439,86630723.0,0.0,15,0.8270000000000001,0
1638892800000,0.8180000000000001,0.8310000000000001,0.8170000000000001,0.8290000000000001,588782,48623764.0,0.0,15,0.8150000000000001,0
1638979200000,0.8280000000000001,0.8320000000000001,0.8270000000000001,0.8310000000000001,676408,56119417.0,0.0,15,0.8290000000000001,0
1639065600000,0.8300000000000001,0.8350000000000001,0.8270000000000001,0.8350000000000001,472716,39339054.0,0.0,15,0.8310000000000001,0
1639324800000,0.8350000000000001,0.8390000000000001,0.8310000000000001,0.8360000000000001,544552,45433377.0,0.0,15,0.8350000000000001,0
1639411200000,0.835,0.839,0.833,0.837,371144,31016283.0,0.0,15,0.836,0
1639497600000,0.836,0.842,0.833,0.837,602906,50565878.00000001,0.0,15,0.837,0
1639584000000,0.837,0.841,0.835,0.839,538616,45162449.0,0.0,15,0.837,0
1639670400000,0.8370000000000001,0.8380000000000001,0.8300000000000001,0.8300000000000001,606527,50513242.0,0.0,15,0.8390000000000001,0
1639929600000,0.8240000000000001,0.8320000000000001,0.8150000000000001,0.8170000000000001,602981,49539555.99999999,0.0,15,0.8300000000000001,0
1640016000000,0.8160000000000001,0.8250000000000001,0.8150000000000001,0.8240000000000001,651954,53452253.00000001,0.0,15,0.8170000000000001,0
1640102400000,0.8230000000000001,0.8350000000000001,0.8220000000000001,0.8330000000000001,909169,75601790.0,0.0,15,0.8240000000000001,0
1640188800000,0.8300000000000001,0.8360000000000001,0.8290000000000001,0.8350000000000001,835860,69672385.0,0.0,15,0.8330000000000001,0
1640275200000,0.8370000000000001,0.8370000000000001,0.8160000000000001,0.8200000000000001,1118139,92026500.00000001,0.0,15,0.8350000000000001,0
1640534400000,0.8200000000000001,0.8230000000000001,0.8130000000000001,0.8170000000000001,416348,34090635.0,0.0,15,0.8200000000000001,0
1640620800000,0.8170000000000001,0.8250000000000001,0.8170000000000001,0.8250000000000001,448653,36801272.0,0.0,15,0.8170000000000001,0
1640707200000,0.8260000000000001,0.8280000000000001,0.8230000000000001,0.8240000000000001,478598,39501241.0,0.0,15,0.8250000000000001,0
1640793600000,0.8240000000000001,0.8350000000000001,0.8240000000000001,0.8320000000000001,387473,32168118.0,0.0,15,0.8240000000000001,0
1640880000000,0.835,0.841,0.833,0.841,477863,40102022.0,0.0,15,0.832,0
1641225600000,0.842,0.846,0.833,0.839,728121,60955480.0,0.0,15,0.841,0
1641312000000,0.8370000000000001,0.8370000000000001,0.81,0.8160000000000001,1027918,84192565.0,0.0,15,0.8390000000000001,0
1641398400000,0.8150000000000001,0.8250000000000001,0.809,0.8240000000000001,1100324,89891825.00000001,0.0,15,0.8160000000000001,0
1641484800000,0.8240000000000001,0.8280000000000001,0.806,0.807,576010,46908873.0,0.0,15,0.8240000000000001,0
1641744000000,0.806,0.8150000000000001,0.801,0.812,560285,45372006.0,0.0,15,0.807,0
1641830400000,0.812,0.8160000000000001,0.801,0.804,544073,43909631.99999999,0.0,15,0.812,0
1641916800000,0.802,0.8180000000000001,0.802,0.8180000000000001,565592,45939911.99999999,0.0,15,0.804,0
1642003200000,0.8180000000000001,0.8180000000000001,0.802,0.804,677698,54821817.0,0.0,15,0.8180000000000001,0
1642089600000,0.803,0.809,0.797,0.803,1720313,138693112.0,0.0,15,0.804,0
1642348800000,0.801,0.8200000000000001,0.801,0.8190000000000001,983620,79965795.0,0.0,15,0.803,0
1642435200000,0.8200000000000001,0.8200000000000001,0.811,0.8140000000000001,756312,61667090.0,0.0,15,0.8190000000000001,0
1642521600000,0.812,0.812,0.797,0.803,846854,68085727.0,0.0,15,0.8140000000000001,0
1642608000000,0.8,0.803,0.785,0.787,863417,68519383.0,0.0,15,0.803,0
1642694400000,0.785,0.786,0.774,0.775,590451,46009159.00000001,0.0,15,0.787,0
1642953600000,0.775,0.783,0.769,0.779,460036,35756628.0,0.0,15,0.775,0
1643040000000,0.773,0.78,0.749,0.752,629849,48082388.00000001,0.0,15,0.779,0
1643126400000,0.75,0.759,0.743,0.754,437088,32871872.000000004,0.0,15,0.752,0
1643212800000,0.753,0.756,0.732,0.733,500770,37238097.0,0.0,15,0.754,0
1643299200000,0.734,0.745,0.721,0.735,624775,45927505.0,0.0,15,0.733,0
1644163200000,0.748,0.748,0.739,0.743,501785,37263104.00000001,0.0,15,0.735,0
1644249600000,0.742,0.746,0.729,0.746,614094,45278059.0,0.0,15,0.743,0
1644336000000,0.746,0.76,0.741,0.757,656282,49274624.0,0.0,15,0.746,0
1644422400000,0.758,0.759,0.749,0.755,674822,50873493.0,0.0,15,0.757,0
1644508800000,0.752,0.752,0.738,0.74,588266,43859969.99999999,0.0,15,0.755,0
1644768000000,0.733,0.746,0.732,0.737,519952,38479867.0,0.0,15,0.74,0
1644854400000,0.736,0.748,0.734,0.748,599957,44520522.0,0.0,15,0.737,0
1644940800000,0.752,0.757,0.749,0.754,605018,45595184.0,0.0,15,0.748,0
1645027200000,0.752,0.764,0.749,0.758,524127,39642874.00000001,0.0,15,0.754,0
1645113600000,0.755,0.763,0.751,0.762,451287,34195909.00000001,0.0,15,0.758,0
1645372800000,0.765,0.772,0.762,0.772,537858,41152255.0,0.0,15,0.762,0
1645459200000,0.77,0.77,0.758,0.766,483734,36894696.00000001,0.0,15,0.772,0
1645545600000,0.767,0.783,0.767,0.783,393239,30574491.000000004,0.0,15,0.766,0
1645632000000,0.776,0.786,0.755,0.766,598794,46291318.0,0.0,15,0.783,0
1645718400000,0.773,0.781,0.772,0.774,496403,38562053.0,0.0,15,0.766,0
1645977600000,0.773,0.781,0.766,0.781,495737,38295955.0,0.0,15,0.774,0
1646064000000,0.785,0.785,0.775,0.781,455848,35494884.0,0.0,15,0.781,0
1646150400000,0.774,0.78,0.771,0.778,536064,41603961.0,0.0,15,0.781,0
1646236800000,0.778,0.784,0.77,0.772,496528,38480290.0,0.0,15,0.778,0
1646323200000,0.764,0.773,0.759,0.762,540342,41481577.99999999,0.0,15,0.772,0
1646582400000,0.758,0.76,0.741,0.745,595494,44773719.0,0.0,15,0.762,0
1646668800000,0.745,0.748,0.718,0.724,604991,44369659.0,0.0,15,0.745,0
1646755200000,0.7260000000000001,0.7280000000000001,0.685,0.7170000000000001,627094,44720856.0,0.0,15,0.7240000000000001,0
1646841600000,0.735,0.737,0.723,0.732,600429,43879056.0,0.0,15,0.717,0
1646928000000,0.719,0.737,0.713,0.736,511091,36977668.0,0.0,15,0.732,0
1647187200000,0.729,0.734,0.714,0.715,562005,40788348.0,0.0,15,0.736,0
1647273600000,0.7130000000000001,0.7140000000000001,0.681,0.682,616927,43201581.0,0.0,15,0.7150000000000001,0
1647360000000,0.6910000000000001,0.7050000000000001,0.665,0.7040000000000001,591636,40518207.0,0.0,15,0.682,0
1647446400000,0.712,0.728,0.709,0.715,878441,63079555.0,0.0,15,0.704,0
1647532800000,0.71,0.723,0.71,0.722,512091,36637356.0,0.0,15,0.715,0
1647792000000,0.722,0.732,0.72,0.73,703708,51116896.0,0.0,15,0.722,0
1647878400000,0.726,0.733,0.723,0.727,578384,42054434.0,0.0,15,0.73,0
1647964800000,0.73,0.733,0.724,0.731,773050,56435941.0,0.0,15,0.727,0
1648051200000,0.728,0.73,0.719,0.726,434937,31496924.000000004,0.0,15,0.731,0
1648137600000,0.723,0.73,0.716,0.717,503275,36348074.0,0.0,15,0.726,0
1648396800000,0.7130000000000001,0.7180000000000001,0.7020000000000001,0.7110000000000001,439367,31172179.0,0.0,15,0.7170000000000001,0
1648483200000,0.712,0.715,0.704,0.708,528285,37470806.0,0.0,15,0.711,0
1648569600000,0.712,0.72,0.708,0.72,455049,32527449.000000004,0.0,15,0.708,0
1648656000000,0.719,0.719,0.709,0.711,511983,36515061.0,0.0,15,0.72,0
1648742400000,0.7050000000000001,0.7130000000000001,0.7020000000000001,0.7110000000000001,453625,32180622.0,0.0,15,0.7110000000000001,0
1649174400000,0.71,0.711,0.704,0.71,424606,30006332.0,0.0,15,0.711,0
1649260800000,0.7090000000000001,0.7100000000000001,0.6960000000000001,0.6970000000000001,529805,37190434.0,0.0,15,0.7100000000000001,0
1649347200000,0.6960000000000001,0.6980000000000001,0.682,0.6930000000000001,689956,47665206.0,0.0,15,0.6970000000000001,0
1649606400000,0.6890000000000001,0.6890000000000001,0.662,0.665,455310,30637660.0,0.0,15,0.6930000000000001,0
1649692800000,0.665,0.675,0.658,0.675,496125,32997633.0,0.0,15,0.665,0
1649779200000,0.675,0.675,0.66,0.661,529520,35258996.0,0.0,15,0.675,0
1649865600000,0.667,0.671,0.661,0.666,516086,34325572.0,0.0,15,0.661,0
1649952000000,0.666,0.666,0.653,0.659,766781,50558694.0,0.0,15,0.666,0
1650211200000,0.65,0.665,0.646,0.663,735423,48287849.0,0.0,15,0.659,0
1650297600000,0.663,0.669,0.661,0.665,606596,40318372.0,0.0,15,0.663,0
1650384000000,0.665,0.666,0.651,0.654,614471,40569149.0,0.0,15,0.665,0
1650470400000,0.653,0.654,0.625,0.628,721458,46314501.0,0.0,15,0.654,0
1650556800000,0.623,0.628,0.614,0.62,740702,45959143.0,0.0,15,0.628,0
1650816000000,0.6100000000000001,0.6100000000000001,0.5730000000000001,0.5740000000000001,923867,54492056.00000001,0.0,15,0.6200000000000001,0
1650902400000,0.5690000000000001,0.5770000000000001,0.554,0.558,916646,51838561.00000001,0.0,15,0.5740000000000001,0
1650988800000,0.551,0.5840000000000001,0.544,0.5830000000000001,828297,46642888.00000001,0.0,15,0.558,0
1651075200000,0.5740000000000001,0.5860000000000001,0.5720000000000001,0.5760000000000001,894505,51754690.0,0.0,15,0.5830000000000001,0
1651161600000,0.578,0.605,0.578,0.604,854042,50573090.00000001,0.0,15,0.576,0
1651680000000,0.6,0.619,0.598,0.613,589054,36020738.0,0.0,15,0.604,0
1651766400000,0.6,0.611,0.591,0.607,770348,46692032.0,0.0,15,0.613,0
1652025600000,0.609,0.617,0.606,0.616,858209,52593159.0,0.0,15,0.607,0
1652112000000,0.611,0.627,0.604,0.625,654299,40411706.0,0.0,15,0.616,0
1652198400000,0.624,0.647,0.623,0.633,804269,51435939.0,0.0,15,0.625,0
1652284800000,0.63,0.639,0.626,0.636,715398,45348529.00000001,0.0,15,0.633,0
1652371200000,0.646,0.646,0.631,0.64,677309,43062627.0,0.0,15,0.636,0
1652630400000,0.64,0.656,0.637,0.642,761063,48727495.0,0.0,15,0.64,0
1652716800000,0.642,0.645,0.633,0.645,559145,35806526.0,0.0,15,0.642,0
1652803200000,0.645,0.652,0.64,0.646,713315,46112839.0,0.0,15,0.645,0
1652889600000,0.64,0.651,0.633,0.651,802202,51500433.0,0.0,15,0.646,0
1652976000000,0.651,0.66,0.649,0.659,587544,38475823.99999999,0.0,15,0.651,0
1653235200000,0.662,0.669,0.659,0.668,585506,38855563.0,0.0,15,0.659,0
1653321600000,0.668,0.67,0.641,0.642,753989,49460461.00000001,0.0,15,0.668,0
1653408000000,0.641,0.652,0.639,0.652,556856,35912955.0,0.0,15,0.642,0
1653494400000,0.653,0.658,0.641,0.655,599704,39120199.00000001,0.0,15,0.652,0
1653580800000,0.657,0.662,0.649,0.654,717982,47054204.0,0.0,15,0.655,0
1653840000000,0.655,0.662,0.65,0.662,648346,42609015.0,0.0,15,0.654,0
1653926400000,0.661,0.672,0.655,0.671,745158,49439387.0,0.0,15,0.662,0
1654012800000,0.669,0.676,0.666,0.673,1414787,95176116.0,0.0,15,0.671,0
1654099200000,0.671,0.682,0.668,0.68,757964,51198943.00000001,0.0,15,0.673,0
1654444800000,0.678,0.6970000000000001,0.676,0.6960000000000001,710084,49111273.0,0.0,15,0.68,0
1654531200000,0.6950000000000001,0.6990000000000001,0.6900000000000001,0.6950000000000001,564481,39184005.0,0.0,15,0.6960000000000001,0
1654617600000,0.6960000000000001,0.7030000000000001,0.683,0.6960000000000001,708160,49005865.0,0.0,15,0.6950000000000001,0
1654704000000,0.6950000000000001,0.6950000000000001,0.682,0.687,718628,49522788.0,0.0,15,0.6960000000000001,0
1654790400000,0.6880000000000001,0.7010000000000001,0.68,0.7010000000000001,572037,39709302.00000001,0.0,15,0.687,0
1655049600000,0.6950000000000001,0.7070000000000001,0.6950000000000001,0.7060000000000001,493889,34712531.0,0.0,15,0.7010000000000001,0
1655136000000,0.6950000000000001,0.7060000000000001,0.683,0.7060000000000001,848016,58786851.0,0.0,15,0.7060000000000001,0
1655222400000,0.7060000000000001,0.7150000000000001,0.7010000000000001,0.7010000000000001,1018339,72257103.0,0.0,15,0.7060000000000001,0
1655308800000,0.7010000000000001,0.7140000000000001,0.7010000000000001,0.7090000000000001,729800,51744896.00000001,0.0,15,0.7010000000000001,0
1655395200000,0.7070000000000001,0.7170000000000001,0.7000000000000001,0.7170000000000001,775660,54989334.0,0.0,15,0.7090000000000001,0
1655654400000,0.72,0.726,0.716,0.725,1086028,78390252.0,0.0,15,0.717,0
1655740800000,0.724,0.725,0.711,0.715,1075596,77291233.0,0.0,15,0.725,0
1655827200000,0.716,0.721,0.707,0.71,765099,54682705.0,0.0,15,0.715,0
1655913600000,0.71,0.725,0.704,0.724,618355,44327863.0,0.0,15,0.71,0
1656000000000,0.724,0.736,0.724,0.733,3633336,266532567.00000003,0.0,15,0.724,0
1656259200000,0.735,0.743,0.735,0.741,1060508,78494025.0,0.0,15,0.733,0
1656345600000,0.74,0.751,0.737,0.75,1101982,81845265.0,0.0,15,0.741,0
1656432000000,0.75,0.75,0.731,0.732,1507350,111577318.0,0.0,15,0.75,0
1656518400000,0.733,0.744,0.733,0.74,1438480,106432692.0,0.0,15,0.732,0
1656604800000,0.74,0.746,0.737,0.739,1880495,139206427.0,0.0,15,0.74,0
1656864000000,0.739,0.75,0.732,0.75,1451536,107921716.00000001,0.0,15,0.739,0
1656950400000,0.749,0.754,0.737,0.745,1826373,135838645.0,0.0,15,0.75,0
1657036800000,0.743,0.745,0.729,0.736,2000683,147615641.0,0.0,15,0.745,0
1657123200000,0.733,0.747,0.732,0.744,3123216,231021796.0,0.0,15,0.736,0
1657209600000,0.743,0.749,0.74,0.742,1892301,140835791.99999997,0.0,15,0.744,0
1657468800000,0.742,0.742,0.724,0.731,2210163,160979840.0,0.0,15,0.742,0
1657555200000,0.73,0.732,0.717,0.719,2625898,189555770.0,0.0,15,0.731,0
1657641600000,0.715,0.725,0.713,0.724,1843418,132628136.00000001,0.0,15,0.719,0
1657728000000,0.724,0.736,0.72,0.732,1523889,111239488.0,0.0,15,0.724,0
1657814400000,0.731,0.737,0.726,0.727,1806221,132229010.0,0.0,15,0.732,0
1658073600000,0.73,0.737,0.725,0.736,2377830,173754651.0,0.0,15,0.727,0
1658160000000,0.74,0.745,0.733,0.742,5086365,376912339.99999994,0.0,15,0.736,0
1658246400000,0.744,0.753,0.743,0.753,6059118,454243200.0,0.0,15,0.742,0
1658332800000,0.753,0.755,0.747,0.748,15400308,1158617920.0000002,0.0,15,0.753,0
1658419200000,0.749,0.754,0.735,0.742,30052112,2237474830.0,0.0,15,0.748,0
1658678400000,0.742,0.748,0.732,0.733,20045677,1482473456.0,0.0,15,0.742,0
1658764800000,0.733,0.745,0.73,0.743,19397664,1430788696.0000002,0.0,15,0.733,0
1658851200000,0.742,0.752,0.74,0.75,16898551,1263307781.0,0.0,15,0.743,0
1658937600000,0.754,0.761,0.751,0.756,23404338,1771760416.0,0.0,15,0.75,0
1659024000000,0.756,0.76,0.751,0.753,27053316,2042135072.0,0.0,15,0.756,0
1659283200000,0.751,0.758,0.744,0.758,27924600,2102034766.0000002,0.0,15,0.753,0
1659369600000,2.1279999999999997,2.13,2.058,2.0989999999999998,13556790,2834394494.0,0.0,15,2.1519999999999997,0
1659456000000,2.095,2.124,2.067,2.069,12469863,2628524899.0,0.0,15,2.099,0
1659542400000,2.075,2.091,2.0460000000000003,2.083,14045352,2915292408.0,0.0,15,2.0690000000000004,0
1659628800000,2.077,2.133,2.077,2.133,12489417,2625409746.0,0.0,15,2.0829999999999997,0
1659888000000,2.11,2.151,2.11,2.1479999999999997,7451562,1593009309.0,0.0,15,2.133,0
1659974400000,2.148,2.1590000000000003,2.1350000000000002,2.157,5538395,1190001168.0000002,0.0,15,2.148,0
1660060800000,2.151,2.168,2.149,2.16,6296527,1359864343.0,0.0,15,2.157,0
1660147200000,2.164,2.1910000000000003,2.1630000000000003,2.189,10422236,2271692638.0000005,0.0,15,2.16,0
1660233600000,2.188,2.194,2.165,2.169,9217127,2010818878.0,0.0,15,2.189,0
1660492800000,2.16,2.1900000000000004,2.1590000000000003,2.181,6458424,1408169342.0,0.0,15,2.169,0
1660579200000,2.1809999999999996,2.2089999999999996,2.179,2.194,8280281,1816984162.0000002,0.0,15,2.1809999999999996,0
1660665600000,2.198,2.204,2.181,2.198,7505885,1646227857.0,0.0,15,2.194,0
1660752000000,2.198,2.21,2.19,2.205,8684133,1909283847.0,0.0,15,2.198,0
1660838400000,2.201,2.213,2.1670000000000003,2.1700000000000004,7967435,1744816293.0000002,0.0,15,2.205,0
1661097600000,2.164,2.187,2.149,2.183,9835547,2137091196.0000002,0.0,15,2.17,0
1661184000000,2.177,2.192,2.176,2.192,10003933,2184326400.0000005,0.0,15,2.1830000000000003,0
1661270400000,2.1919999999999997,2.194,2.106,2.113,8862886,1901285184.0,0.0,15,2.1919999999999997,0
1661356800000,2.112,2.117,2.081,2.105,7765915,1627639367.0,0.0,15,2.113,0
1661443200000,2.102,2.127,2.086,2.097,6666653,1407103847.0,0.0,15,2.105,0
1661702400000,2.066,2.108,2.06,2.105,6855531,1435915777.0,0.0,15,2.097,0
1661788800000,2.099,2.105,2.083,2.095,7118734,1491048653.0,0.0,15,2.105,0
1661875200000,2.0860000000000003,2.092,2.0180000000000002,2.0260000000000002,10176549,2084449089.0000002,0.0,15,2.095,0
1661961600000,2.017,2.044,2.005,2.016,8569013,1735908260.0000002,0.0,15,2.026,0
1662048000000,2.017,2.04,2.009,2.029,7657683,1550480710.0,0.0,15,2.016,0
1662307200000,2.018,2.0509999999999997,2.017,2.036,8805699,1790869709.0000002,0.0,15,2.029,0
1662393600000,2.036,2.0740000000000003,2.0300000000000002,2.0730000000000004,7361977,1511284948.0,0.0,15,2.036,0
1662480000000,2.0700000000000003,2.095,2.063,2.085,6206277,1292874431.0,0.0,15,2.073,0
1662566400000,2.0860000000000003,2.092,2.067,2.069,6809746,1414371149.0,0.0,15,2.085,0
1662652800000,2.069,2.077,2.056,2.074,11356994,2349280681.0,0.0,15,2.069,0
1662998400000,2.0799999999999996,2.0869999999999997,2.062,2.0669999999999997,6956656,1440714335.0,0.0,15,2.074,0
1663084800000,2.032,2.053,2.032,2.045,7089192,1448759272.0,0.0,15,2.067,0
1663171200000,2.048,2.057,1.959,1.984,11939825,2386851710.0,0.0,15,2.045,0
1663257600000,1.978,1.986,1.938,1.9409999999999998,8923516,1757274895.0,0.0,15,1.984,0
1663516800000,1.9380000000000002,1.949,1.9040000000000001,1.919,6664277,1283417031.0,0.0,15,1.941,0
1663603200000,1.9249999999999998,1.962,1.924,1.9429999999999998,5209668,1012298252.9999999,0.0,15,1.919,0
1663689600000,1.9360000000000002,1.9520000000000002,1.9120000000000001,1.9420000000000002,7759147,1500295778.0,0.0,15,1.943,0
1663776000000,1.936,1.966,1.927,1.946,7555487,1474647969.0000002,0.0,15,1.942,0
1663862400000,1.9420000000000002,1.9520000000000002,1.8900000000000001,1.905,8997091,1724270494.0000002,0.0,15,1.9460000000000002,0
1664121600000,1.891,1.9220000000000002,1.8800000000000001,1.883,8991094,1709282910.0000002,0.0,15,1.905,0
1664208000000,1.8880000000000001,1.921,1.8840000000000001,1.9180000000000001,9931702,1886516960.0,0.0,15,1.8830000000000002,0
1664294400000,1.9120000000000001,1.917,1.862,1.862,7694145,1449370261.0,0.0,15,1.9180000000000001,0
1664380800000,1.875,1.891,1.854,1.867,10652955,2000336988.0,0.0,15,1.862,0
1664467200000,1.867,1.873,1.833,1.835,9287474,1717221309.0,0.0,15,1.867,0
1665331200000,1.832,1.8430000000000002,1.7850000000000001,1.7910000000000001,7983311,1451670201.0,0.0,15,1.8350000000000002,0
1665417600000,1.794,1.8090000000000002,1.7810000000000001,1.8,8345040,1498835037.0000002,0.0,15,1.7910000000000001,0
1665504000000,1.8,1.854,1.77,1.852,10802935,1937945361.9999998,0.0,15,1.8,0
1665590400000,1.841,1.891,1.841,1.873,8797352,1646903934.0,0.0,15,1.8519999999999999,0
1665676800000,1.8800000000000001,1.929,1.8800000000000001,1.9240000000000002,10275480,1962312496.0,0.0,15,1.8730000000000002,0
1665936000000,1.911,1.942,1.901,1.934,7698094,1481520050.0,0.0,15,1.924,0
1666022400000,1.938,1.962,1.927,1.945,9279653,1804161371.0,0.0,15,1.934,0
1666108800000,1.94,1.959,1.933,1.936,7809373,1519517934.0,0.0,15,1.945,0
1666195200000,1.935,1.958,1.895,1.928,10487638,2014047854.0000002,0.0,15,1.936,0
1666281600000,1.927,1.941,1.911,1.926,8249519,1589164287.0000002,0.0,15,1.928,0
1666540800000,1.929,1.9680000000000002,1.8960000000000001,1.915,12294974,2382478210.0,0.0,15,1.9260000000000002,0
1666627200000,1.9060000000000001,1.9200000000000002,1.87,1.907,9440777,1791669755.0,0.0,15,1.915,0
1666713600000,1.9040000000000001,1.9660000000000002,1.9040000000000001,1.945,12397768,2405400830.0,0.0,15,1.907,0
1666800000000,1.95,1.964,1.932,1.936,10693300,2084404221.0000002,0.0,15,1.9449999999999998,0
1666886400000,1.93,1.934,1.859,1.8659999999999999,11544074,2192756877.0,0.0,15,1.936,0
1667145600000,1.855,1.9040000000000001,1.85,1.883,10450368,1967098493.0000002,0.0,15,1.866,0
1667232000000,1.881,1.935,1.8780000000000001,1.935,11954045,2280292568.0,0.0,15,1.883,0
1667318400000,1.934,1.963,1.927,1.954,9395052,1830166074.0,0.0,15,1.935,0
1667404800000,1.945,1.972,1.941,1.966,9915686,1943330294.0,0.0,15,1.954,0
1667491200000,1.966,2.017,1.964,2.014,11917977,2378328813.0000005,0.0,15,1.966,0
1667750400000,2.013,2.0260000000000002,1.993,2.009,9606678,1931603271.0,0.0,15,2.0140000000000002,0
1667836800000,2.01,2.01,1.992,2.006,8268733,1651703524.0000002,0.0,15,2.009,0
1667923200000,2.0060000000000002,2.02,1.993,2.0,7949390,1592360179.0,0.0,15,2.0060000000000002,0
1668009600000,1.994,1.995,1.973,1.981,8643325,1713545100.0,0.0,15,2.0,0
1668096000000,2.034,2.04,1.986,1.988,13687740,2752432281.0,0.0,15,1.981,0
1668355200000,1.996,2.007,1.966,1.9769999999999999,11345527,2252000209.0,0.0,15,1.988,0
1668441600000,1.965,2.02,1.965,2.02,8326733,1668962278.0,0.0,15,1.977,0
1668528000000,2.021,2.028,2.003,2.005,7996971,1610364600.0000002,0.0,15,2.02,0
1668614400000,2.003,2.012,1.986,2.01,7828251,1560266628.0,0.0,15,2.005,0
1668700800000,2.01,2.023,1.99,1.996,9442696,1897239594.0,0.0,15,2.01,0
1668960000000,1.9869999999999999,2.005,1.974,2.002,8064277,1606772651.0,0.0,15,1.996,0
1669046400000,1.997,2.0020000000000002,1.961,1.972,11635044,2310518272.0,0.0,15,2.0020000000000002,0
1669132800000,1.969,1.976,1.931,1.968,7445912,1453792024.0,0.0,15,1.972,0
1669219200000,1.97,1.98,1.96,1.9729999999999999,6639086,1307989269.0,0.0,15,1.968,0
1669305600000,1.968,1.9709999999999999,1.948,1.9529999999999998,6846948,1339913525.0000002,0.0,15,1.9729999999999999,0
1669564800000,1.925,1.9480000000000002,1.9140000000000001,1.945,7948900,1540758525.0,0.0,15,1.953,0
1669651200000,1.952,1.982,1.947,1.973,9365107,1843670739.0,0.0,15,1.945,0
1669737600000,1.968,1.98,1.962,1.97,8048773,1587823154.0,0.0,15,1.9729999999999999,0
1669824000000,1.993,2.0060000000000002,1.985,1.993,7875417,1572100760.0,0.0,15,1.9700000000000002,0
1669910400000,1.992,2.015,1.986,1.9969999999999999,7840280,1569582656.0,0.0,15,1.9929999999999999,0
1670169600000,2.004,2.013,1.996,2.008,8008639,1604910701.0,0.0,15,1.9969999999999999,0
1670256000000,2.005,2.017,1.992,2.004,8486195,1700705951.9999998,0.0,15,2.008,0
1670342400000,2.004,2.016,1.997,2.0060000000000002,7818382,1569055018.0,0.0,15,2.004,0
1670428800000,1.9989999999999999,2.004,1.988,1.9949999999999999,7468447,1491484735.0,0.0,15,2.006,0
1670515200000,1.9949999999999999,2.006,1.982,2.0,6807689,1358454688.0000002,0.0,15,1.9949999999999999,0
1670774400000,1.995,2.0020000000000002,1.981,1.994,6019615,1198690137.0,0.0,15,2.0,0
1670860800000,1.998,1.998,1.973,1.976,5864531,1160952853.0,0.0,15,1.994,0
1670947200000,1.984,1.9849999999999999,1.96,1.966,6734649,1328618827.0,0.0,15,1.976,0
1671033600000,1.958,1.978,1.958,1.9729999999999999,6072332,1196347672.0,0.0,15,1.966,0
1671120000000,1.966,1.972,1.946,1.9549999999999998,7314220,1429286779.0,0.0,15,1.9729999999999999,0
1671379200000,1.95,1.961,1.907,1.916,8205907,1582069637.0000002,0.0,15,1.955,0
1671465600000,1.91,1.915,1.891,1.896,9195658,1750590672.9999998,0.0,15,1.916,0
1671552000000,1.9020000000000001,1.9020000000000001,1.87,1.8860000000000001,8284754,1561671762.0,0.0,15,1.8960000000000001,0
1671638400000,1.8900000000000001,1.8940000000000001,1.846,1.854,7098511,1331053577.0,0.0,15,1.8860000000000001,0
1671724800000,1.847,1.858,1.83,1.843,8614206,1591312746.0,0.0,15,1.854,0
1671984000000,1.843,1.881,1.839,1.877,7715001,1442282885.0,0.0,15,1.843,0
1672070400000,1.881,1.8920000000000001,1.87,1.891,5855693,1101693023.0,0.0,15,1.877,0
1672156800000,1.881,1.886,1.871,1.878,6071738,1140299807.0000002,0.0,15,1.891,0
1672243200000,1.873,1.891,1.869,1.875,6679396,1255600195.9999998,0.0,15,1.878,0
1672329600000,1.881,1.885,1.875,1.879,10978658,2065154208.0,0.0,15,1.875,0
1672675200000,1.879,1.925,1.8760000000000001,1.9220000000000002,9308269,1773492626.0,0.0,15,1.879,0
1672761600000,1.921,1.9260000000000002,1.9080000000000001,1.9200000000000002,7164791,1374986205.0,0.0,15,1.9220000000000002,0
1672848000000,1.921,1.941,1.917,1.941,6781600,1311117829.0,0.0,15,1.92,0
1672934400000,1.941,1.955,1.937,1.944,7017824,1366829394.0000002,0.0,15,1.941,0
1673193600000,1.944,1.9649999999999999,1.944,1.952,6148827,1202785654.0,0.0,15,1.944,0
1673280000000,1.954,1.958,1.943,1.955,5612027,1095901646.0,0.0,15,1.952,0
1673366400000,1.95,1.9629999999999999,1.938,1.942,6148944,1200158832.0,0.0,15,1.9549999999999998,0
1673452800000,1.94,1.956,1.935,1.941,6783677,1319408164.0,0.0,15,1.942,0
1673539200000,1.946,1.954,1.938,1.954,6517338,1266570857.0,0.0,15,1.9409999999999998,0
1673798400000,1.955,1.985,1.955,1.971,8989308,1774829298.0000002,0.0,15,1.9540000000000002,0
1673884800000,1.97,1.984,1.969,1.97,6552896,1294937236.0,0.0,15,1.971,0
1673971200000,1.978,1.988,1.974,1.978,6941796,1375354379.0,0.0,15,1.97,0
1674057600000,1.978,2.0,1.969,1.999,7734044,1537963895.0,0.0,15,1.978,0
1674144000000,2.006,2.019,2.004,2.017,8146764,1639724935.0,0.0,15,1.999,0
1675008000000,2.048,2.0570000000000004,2.0260000000000002,2.028,9982808,2033669968.0000002,0.0,15,2.0170000000000003,0
1675094400000,2.028,2.042,2.021,2.0349999999999997,9680578,1970603794.9999998,0.0,15,2.028,0
1675180800000,2.042,2.067,2.036,2.067,9565446,1961990465.0,0.0,15,2.035,0
1675267200000,2.078,2.0869999999999997,2.065,2.072,12189980,2531145032.0,0.0,15,2.0669999999999997,0
1675353600000,2.068,2.074,2.041,2.0709999999999997,8093115,1665509797.0,0.0,15,2.072,0
1675612800000,2.062,2.0709999999999997,2.049,2.061,8961813,1845929050.0,0.0,15,2.0709999999999997,0
1675699200000,2.0700000000000003,2.0740000000000003,2.051,2.0700000000000003,7684717,1583885870.0,0.0,15,2.061,0
1675785600000,2.0799999999999996,2.0799999999999996,2.054,2.058,5868994,1211484886.0,0.0,15,2.07,0
1675872000000,2.052,2.096,2.048,2.095,13154147,2738990723.0,0.0,15,2.058,0
1675958400000,2.0949999999999998,2.0989999999999998,2.069,2.089,10156276,2117233133.0,0.0,15,2.0949999999999998,0
1676217600000,2.078,2.1119999999999997,2.078,2.1119999999999997,8475893,1780675441.0,0.0,15,2.089,0
1676304000000,2.109,2.1140000000000003,2.099,2.111,6873616,1447547676.0,0.0,15,2.112,0
1676390400000,2.1149999999999998,2.1149999999999998,2.102,2.1119999999999997,6314280,1331627100.0,0.0,15,2.1109999999999998,0
1676476800000,2.1140000000000003,2.124,2.059,2.071,9227411,1935630184.0,0.0,15,2.112,0
1676563200000,2.0749999999999997,2.0799999999999996,2.05,2.053,8919271,1840818887.0,0.0,15,2.0709999999999997,0
1676822400000,2.052,2.08,2.0380000000000003,2.0780000000000003,9638610,1981878662.0000002,0.0,15,2.0530000000000004,0
1676908800000,2.079,2.098,2.072,2.087,6004998,1252332249.0,0.0,15,2.078,0
1676995200000,2.084,2.098,2.076,2.094,4459028,931043396.0000001,0.0,15,2.087,0
1677081600000,2.094,2.097,2.069,2.0829999999999997,4622133,962991702.0,0.0,15,2.094,0
1677168000000,2.0900000000000003,2.091,2.063,2.076,4852093,1007195902.9999999,0.0,15,2.083,0
1677427200000,2.07,2.076,2.053,2.062,5902780,1219972085.0,0.0,15,2.076,0
1677513600000,2.0669999999999997,2.082,2.054,2.0799999999999996,5547924,1148677759.0,0.0,15,2.062,0
1677600000000,2.782,2.799,2.769,2.797,3675950,1024517542.0,0.0,15,2.782,0
1677686400000,2.799,2.81,2.782,2.79,4200805,1172930305.0,0.0,15,2.797,0
1677772800000,2.799,2.801,2.765,2.7840000000000003,5103294,1419288762.0,0.0,15,2.79,0
1678032000000,2.78,2.804,2.77,2.795,3889688,1082921593.0,0.0,15,2.784,0
1678118400000,2.7969999999999997,2.7969999999999997,2.743,2.743,6185737,1709764525.0,0.0,15,2.795,0
1678204800000,2.7409999999999997,2.76,2.735,2.7529999999999997,4567913,1255662081.0,0.0,15,2.743,0
1678291200000,2.752,2.76,2.738,2.756,5484492,1509186112.0,0.0,15,2.753,0
1678377600000,2.745,2.749,2.717,2.722,6103948,1667478583.0,0.0,15,2.7560000000000002,0
1678636800000,2.715,2.735,2.699,2.731,5285873,1434796317.0000002,0.0,15,2.722,0
1678723200000,2.731,2.731,2.678,2.705,5149093,1392706553.0,0.0,15,2.731,0
1678809600000,2.718,2.739,2.713,2.72,3893292,1062088542.0,0.0,15,2.705,0
1678896000000,2.712,2.713,2.6710000000000003,2.6790000000000003,6553619,1766674482.9999998,0.0,15,2.72,0
1678982400000,2.701,2.7150000000000003,2.6830000000000003,2.697,7151972,1932347051.0,0.0,15,2.6790000000000003,0
1679241600000,2.701,2.704,2.676,2.69,5960409,1604645709.0000002,0.0,15,2.697,0
1679328000000,2.697,2.721,2.692,2.718,5533433,1499225023.0,0.0,15,2.6900000000000004,0
1679414400000,2.724,2.736,2.721,2.733,4684829,1278800927.0,0.0,15,2.718,0
1679500800000,2.733,2.7430000000000003,2.724,2.742,4910180,1342273053.0,0.0,15,2.733,0
1679587200000,2.743,2.749,2.733,2.744,4606899,1263138875.0000002,0.0,15,2.742,0
1679846400000,2.7470000000000003,2.7560000000000002,2.728,2.7510000000000003,4668055,1281431576.0,0.0,15,2.744,0
1679932800000,2.7430000000000003,2.748,2.728,2.733,6193101,1694607285.0000002,0.0,15,2.7510000000000003,0
1680019200000,2.7369999999999997,2.7399999999999998,2.715,2.7249999999999996,6286441,1712908502.9999998,0.0,15,2.7329999999999997,0
1680105600000,2.723,2.726,2.702,2.7239999999999998,7131582,1936035944.0,0.0,15,2.725,0
1680192000000,2.723,2.7489999999999997,2.723,2.7479999999999998,5470880,1497844282.0,0.0,15,2.7239999999999998,0
1680451200000,2.755,2.785,2.753,2.779,7135911,1973776475.0,0.0,15,2.748,0
1680537600000,2.7800000000000002,2.783,2.765,2.7800000000000002,5279464,1465124589.0,0.0,15,2.779,0
1680710400000,2.775,2.792,2.77,2.789,4802955,1337110246.0,0.0,15,2.78,0
1680796800000,2.794,2.817,2.79,2.814,3703292,1039250750.0,0.0,15,2.789,0
1681056000000,2.815,2.821,2.781,2.789,4528316,1266923573.0,0.0,15,2.814,0
1681142400000,2.78,2.797,2.778,2.789,5796665,1614983281.0,0.0,15,2.789,0
1681228800000,2.8040000000000003,2.807,2.789,2.805,5398598,1511322914.0,0.0,15,2.789,0
1681315200000,2.803,2.806,2.785,2.789,4832393,1350961939.0,0.0,15,2.805,0
1681401600000,2.7910000000000004,2.8070000000000004,2.7800000000000002,2.8030000000000004,6536440,1827314688.0000002,0.0,15,2.789,0
1681660800000,2.805,2.809,2.7960000000000003,2.8070000000000004,4496512,1259922606.9999998,0.0,15,2.8030000000000004,0
1681747200000,2.805,2.805,2.7840000000000003,2.7950000000000004,4371293,1220896314.9999998,0.0,15,2.8070000000000004,0
1681833600000,2.797,2.802,2.781,2.7840000000000003,3671266,1025587590.0000001,0.0,15,2.795,0
1681920000000,2.779,2.7849999999999997,2.767,2.7849999999999997,4041144,1121487872.0,0.0,15,2.784,0
1682006400000,2.779,2.782,2.713,2.714,6043589,1659445760.0,0.0,15,2.785,0
1682265600000,2.7,2.7150000000000003,2.68,2.692,8412611,2267753139.0,0.0,15,2.714,0
1682352000000,2.692,2.692,2.609,2.646,11546203,3060117099.0,0.0,15,2.692,0
1682438400000,2.638,2.6639999999999997,2.634,2.65,9598761,2542763410.0,0.0,15,2.646,0
1682524800000,2.6430000000000002,2.672,2.64,2.6550000000000002,14627461,3886432676.0000005,0.0,15,2.65,0
1682611200000,2.662,2.697,2.657,2.694,9249412,2477214486.0,0.0,15,2.6550000000000002,0
1683129600000,2.685,2.697,2.676,2.692,5828924,1565623018.0,0.0,15,2.694,0
1683216000000,2.6950000000000003,2.6950000000000003,2.644,2.662,6317573,1678802519.0,0.0,15,2.692,0
1683475200000,2.668,2.6870000000000003,2.6630000000000003,2.6790000000000003,5949049,1591043632.0,0.0,15,2.6620000000000004,0
1683561600000,2.686,2.686,2.646,2.647,6455947,1721613106.0,0.0,15,2.679,0
1683648000000,2.638,2.662,2.634,2.6519999999999997,8123962,2150063994.0,0.0,15,2.647,0
1683734400000,2.652,2.662,2.645,2.647,5519413,1463627552.0000002,0.0,15,2.652,0
1683820800000,2.649,2.657,2.613,2.617,5943284,1563775554.0000002,0.0,15,2.647,0
1684080000000,2.618,2.636,2.588,2.632,5442329,1419521075.0,0.0,15,2.617,0
1684166400000,2.64,2.64,2.599,2.607,6164790,1611146987.9999998,0.0,15,2.632,0
1684252800000,2.603,2.6260000000000003,2.603,2.62,5828403,1524327970.0000002,0.0,15,2.607,0
1684339200000,2.618,2.638,2.618,2.634,6056785,1593019728.0,0.0,15,2.6199999999999997,0
1684425600000,2.629,2.654,2.617,2.647,5605759,1478600644.0,0.0,15,2.634,0
1684684800000,2.638,2.65,2.622,2.641,4914295,1295755029.0,0.0,15,2.647,0
1684771200000,2.642,2.6470000000000002,2.616,2.62,5686573,1496977176.0,0.0,15,2.641,0
1684857600000,2.608,2.632,2.597,2.612,6491634,1696768675.0,0.0,15,2.62,0
1684944000000,2.608,2.625,2.571,2.6060000000000003,6940782,1803926165.0,0.0,15,2.612,0
1685030400000,2.608,2.6310000000000002,2.583,2.6260000000000003,6933296,1806305037.0,0.0,15,2.6060000000000003,0
1685289600000,2.626,2.64,2.609,2.6189999999999998,6366318,1670930425.0,0.0,15,2.626,0
1685376000000,2.624,2.636,2.592,2.633,8020507,2096719640.0,0.0,15,2.619,0
1685462400000,2.63,2.64,2.613,2.632,6538967,1717391513.0,0.0,15,2.633,0
1685548800000,2.617,2.6550000000000002,2.615,2.6390000000000002,7609876,2010311250.0,0.0,15,2.632,0
1685635200000,2.644,2.665,2.6430000000000002,2.6580000000000004,5363513,1425289057.9999998,0.0,15,2.6390000000000002,0
1685894400000,2.665,2.6660000000000004,2.6510000000000002,2.6590000000000003,5115850,1360119380.0,0.0,15,2.6580000000000004,0
1685980800000,2.6590000000000003,2.6590000000000003,2.596,2.603,5117703,1347643636.0,0.0,15,2.6590000000000003,0
1686067200000,2.605,2.617,2.597,2.602,4314594,1124777925.0,0.0,15,2.6029999999999998,0
1686153600000,2.6039999999999996,2.605,2.57,2.59,5774867,1493508772.0000002,0.0,15,2.602,0
1686240000000,2.593,2.6109999999999998,2.582,2.61,4912139,1274653988.0,0.0,15,2.59,0
1686499200000,2.6100000000000003,2.6310000000000002,2.603,2.623,6795999,1781024913.9999998,0.0,15,2.6100000000000003,0
1686585600000,2.6229999999999998,2.635,2.617,2.631,4422244,1162434539.9999998,0.0,15,2.6229999999999998,0
1686672000000,2.633,2.646,2.628,2.64,4791798,1263712484.9999998,0.0,15,2.6310000000000002,0
1686758400000,2.6390000000000002,2.6630000000000003,2.6390000000000002,2.6550000000000002,5442221,1443114809.0000002,0.0,15,2.64,0
1686844800000,2.661,2.684,2.6550000000000002,2.6790000000000003,5309209,1419681508.0,0.0,15,2.6550000000000002,0
1687104000000,2.6820000000000004,2.693,2.6790000000000003,2.688,8624389,2317133226.0000005,0.0,15,2.6790000000000003,0
1687190400000,2.692,2.6990000000000003,2.68,2.688,6220407,1672919185.0,0.0,15,2.688,0
1687276800000,2.679,2.688,2.637,2.637,7656432,2034535053.0,0.0,15,2.688,0
1687708800000,2.623,2.6310000000000002,2.579,2.587,11441368,2976323067.0,0.0,15,2.637,0
1687795200000,2.58,2.621,2.58,2.616,5442238,1419082668.0000002,0.0,15,2.587,0
1687881600000,2.61,2.613,2.564,2.607,9141750,2365778404.0,0.0,15,2.616,0
1687968000000,2.602,2.63,2.601,2.6229999999999998,9358471,2448429531.0,0.0,15,2.6069999999999998,0
1688054400000,2.6279999999999997,2.665,2.618,2.658,6633245,1755835532.0,0.0,15,2.6229999999999998,0
1688313600000,2.66,2.675,2.645,2.656,4524642,1202514362.0,0.0,15,2.658,0
1688400000000,2.658,2.67,2.657,2.667,4629379,1233431449.0,0.0,15,2.656,0
1688486400000,2.667,2.67,2.645,2.651,4385173,1166957735.0,0.0,15,2.667,0
1688572800000,2.649,2.667,2.637,2.643,5461867,1447604159.0,0.0,15,2.651,0
1688659200000,2.6390000000000002,2.641,2.612,2.6270000000000002,4767081,1250915133.0,0.0,15,2.6430000000000002,0
1688918400000,2.6319999999999997,2.6479999999999997,2.618,2.629,4890898,1286384601.0,0.0,15,2.627,0
1689004800000,2.632,2.652,2.624,2.65,5517360,1456657133.9999998,0.0,15,2.629,0
1689091200000,2.647,2.65,2.61,2.613,6484739,1704435067.0,0.0,15,2.65,0
1689177600000,2.621,2.6420000000000003,2.619,2.636,7213338,1897872126.9999998,0.0,15,2.6130000000000004,0
1689264000000,2.6359999999999997,2.646,2.634,2.635,4005958,1057645473.0000001,0.0,15,2.6359999999999997,0
1689523200000,2.635,2.635,2.609,2.626,6205670,1624237556.0,0.0,15,2.635,0
1689609600000,2.629,2.634,2.613,2.628,5185761,1359724915.0000002,0.0,15,2.626,0
1689696000000,2.621,2.6310000000000002,2.604,2.617,4876545,1275568221.0,0.0,15,2.628,0
1689782400000,2.62,2.627,2.581,2.586,10935774,2849012404.0,0.0,15,2.617,0
1689868800000,2.586,2.6,2.572,2.582,9081008,2347749701.0,0.0,15,2.586,0
1690128000000,2.5749999999999997,2.597,2.569,2.576,6294360,1626101069.0000002,0.0,15,2.582,0
1690214400000,2.593,2.622,2.593,2.6149999999999998,7987374,2085924767.0,0.0,15,2.576,0
1690300800000,2.617,2.617,2.597,2.6029999999999998,7228941,1883598402.0,0.0,15,2.6149999999999998,0
1690387200000,2.607,2.612,2.58,2.586,6947599,1801740836.0,0.0,15,2.603,0
1690473600000,2.577,2.6109999999999998,2.57,2.606,7430245,1925811522.0,0.0,15,2.586,0
1690732800000,2.609,2.643,2.609,2.621,6623347,1742377826.0,0.0,15,2.606,0
1690819200000,2.622,2.63,2.613,2.62,5313295,1393153071.0,0.0,15,2.621,0
1690905600000,2.6199999999999997,2.6239999999999997,2.606,2.6149999999999998,6262866,1636860858.0,0.0,15,2.6199999999999997,0
1690992000000,2.612,2.617,2.601,2.617,6089709,1590163656.0,0.0,15,2.6149999999999998,0
1691078400000,2.6260000000000003,2.6460000000000004,2.619,2.632,5434773,1431150821.0,0.0,15,2.6170000000000004,0
1691337600000,2.63,2.6350000000000002,2.616,2.622,6258867,1641435175.0,0.0,15,2.632,0
1691424000000,2.6199999999999997,2.621,2.598,2.61,5276439,1376166826.0000002,0.0,15,2.622,0
1691510400000,2.602,2.6069999999999998,2.585,2.59,7793832,2022209529.0,0.0,15,2.61,0
1691596800000,2.5900000000000003,2.596,2.575,2.587,4907256,1269080958.0,0.0,15,2.5900000000000003,0
1691683200000,2.588,2.591,2.54,2.542,7162611,1834326410.0,0.0,15,2.587,0
1691942400000,2.531,2.549,2.503,2.548,5524890,1394336337.0000002,0.0,15,2.5420000000000003,0
1692028800000,2.541,2.552,2.5,2.525,6988100,1762881099.0,0.0,15,2.548,0
1692115200000,2.515,2.5220000000000002,2.495,2.495,7079307,1775319658.9999998,0.0,15,2.525,0
1692201600000,2.49,2.5220000000000002,2.47,2.516,7253776,1814752678.0,0.0,15,2.495,0
1692288000000,2.516,2.525,2.465,2.465,7282822,1815214354.0000002,0.0,15,2.516,0
1692547200000,2.458,2.482,2.439,2.441,6848999,1686897921.0,0.0,15,2.465,0
1692633600000,2.451,2.46,2.41,2.4570000000000003,8813286,2149991436.0,0.0,15,2.4410000000000003,0
1692720000000,2.44,2.447,2.404,2.409,8543266,2073652909.9999998,0.0,15,2.457,0
1692806400000,2.4090000000000003,2.439,2.3970000000000002,2.419,7112098,1717584853.0,0.0,15,2.4090000000000003,0
1692892800000,2.4,2.412,2.359,2.374,7387609,1764100248.0,0.0,15,2.419,0
1693152000000,2.5,2.573,2.378,2.384,12558416,3048737828.0000005,0.0,15,2.374,0
1693238400000,2.37,2.471,2.37,2.458,10265907,2500886183.0,0.0,15,2.384,0
1693324800000,2.468,2.496,2.459,2.472,7779586,1927307773.0000002,0.0,15,2.458,0
1693411200000,2.464,2.4739999999999998,2.453,2.4629999999999996,6091936,1499743322.9999998,0.0,15,2.472,0
1693497600000,2.472,2.479,2.455,2.462,6320280,1556735805.0,0.0,15,2.463,0
1693756800000,2.472,2.4989999999999997,2.461,2.4979999999999998,7937476,1970307024.0,0.0,15,2.4619999999999997,0
1693843200000,2.494,2.504,2.479,2.486,6231511,1550719357.0,0.0,15,2.498,0
1693929600000,2.475,2.504,2.463,2.495,5845559,1452094074.0,0.0,15,2.486,0
1694016000000,2.493,2.493,2.451,2.454,5756167,1422193936.0,0.0,15,2.495,0
1694102400000,2.439,2.469,2.439,2.46,7183644,1765171607.0000002,0.0,15,2.454,0
1694361600000,2.458,2.5010000000000003,2.45,2.4890000000000003,5343459,1325264798.9999998,0.0,15,2.46,0
1694448000000,2.494,2.503,2.486,2.4930000000000003,3736901,931993375.0,0.0,15,2.4890000000000003,0
1694534400000,2.493,2.4939999999999998,2.44,2.4619999999999997,6002067,1476127584.0,0.0,15,2.493,0
1694620800000,2.458,2.462,2.435,2.449,6028979,1475501704.0,0.0,15,2.462,0
1694707200000,2.448,2.469,2.437,2.449,5297550,1297158953.0,0.0,15,2.449,0
1694966400000,2.45,2.4650000000000003,2.434,2.455,6363937,1561126440.0,0.0,15,2.4490000000000003,0
1695052800000,2.451,2.452,2.426,2.435,5811591,1413651714.0,0.0,15,2.455,0
1695139200000,2.43,2.4370000000000003,2.414,2.414,5265536,1277239442.0,0.0,15,2.435,0
1695225600000,2.411,2.421,2.391,2.395,4159396,999623863.9999999,0.0,15,2.414,0
1695312000000,2.3930000000000002,2.4440000000000004,2.3890000000000002,2.4440000000000004,8543873,2069456772.0,0.0,15,2.395,0
1695571200000,2.443,2.445,2.424,2.431,5319180,1292829857.0,0.0,15,2.444,0
1695657600000,2.4299999999999997,2.4339999999999997,2.42,2.423,4348267,1054700522.0,0.0,15,2.431,0
1695744000000,2.4259999999999997,2.448,2.416,2.437,6059331,1476900421.0,0.0,15,2.423,0
1695830400000,2.44,2.453,2.436,2.453,6292076,1538224775.0,0.0,15,2.437,0
1696780800000,2.453,2.455,2.427,2.443,5810245,1417431899.0,0.0,15,2.453,0
1696867200000,2.451,2.457,2.432,2.435,5597546,1365345725.0000002,0.0,15,2.443,0
1696953600000,2.441,2.464,2.433,2.449,8462556,2070881320.0000002,0.0,15,2.4349999999999996,0
1697040000000,2.454,2.4610000000000003,2.442,2.4610000000000003,5829744,1429936532.9999998,0.0,15,2.4490000000000003,0
1697126400000,2.444,2.4539999999999997,2.444,2.453,4900875,1200649260.0,0.0,15,2.461,0
1697385600000,2.456,2.457,2.419,2.429,5758791,1399421766.0,0.0,15,2.453,0
1697472000000,2.4290000000000003,2.4290000000000003,2.4050000000000002,2.422,5280718,1274937004.0,0.0,15,2.4290000000000003,0
1697558400000,2.4210000000000003,2.4210000000000003,2.378,2.38,6910214,1650601020.0,0.0,15,2.422,0
1697644800000,2.371,2.389,2.352,2.356,6919378,1640907712.0,0.0,15,2.38,0
1697731200000,2.345,2.362,2.322,2.33,6032945,1411438278.0,0.0,15,2.356,0
1697990400000,2.325,2.325,2.2600000000000002,2.2680000000000002,8176682,1870010016.9999998,0.0,15,2.33,0
1698076800000,2.2760000000000002,2.314,2.265,2.302,7547845,1729288253.0,0.0,15,2.2680000000000002,0
1698163200000,2.317,2.343,2.317,2.3240000000000003,5108326,1190573632.0,0.0,15,2.302,0
1698249600000,2.313,2.3480000000000003,2.301,2.339,4699488,1090544246.0,0.0,15,2.3240000000000003,0
1698336000000,2.335,2.396,2.324,2.387,4007535,947452523.0000001,0.0,15,2.339,0
1698595200000,2.379,2.426,2.375,2.418,4256701,1023565109.0,0.0,15,2.387,0
1698681600000,2.4170000000000003,2.4210000000000003,2.3930000000000002,2.403,4063710,977699448.0,0.0,15,2.418,0
1698768000000,2.411,2.4139999999999997,2.392,2.4019999999999997,3195100,766867988.0,0.0,15,2.403,0
1698854400000,2.4010000000000002,2.415,2.374,2.375,3993981,954172672.0,0.0,15,2.402,0
1698940800000,2.375,2.416,2.375,2.406,6376314,1533196255.0,0.0,15,2.375,0
1699200000000,2.414,2.458,2.414,2.4570000000000003,6709235,1639681877.0000002,0.0,15,2.406,0
1699286400000,2.4459999999999997,2.473,2.445,2.461,5040270,1238030168.0000002,0.0,15,2.457,0
1699372800000,2.46,2.48,2.455,2.47,4702923,1161491823.0,0.0,15,2.461,0
1699459200000,2.47,2.483,2.451,2.455,4579996,1127496498.0,0.0,15,2.47,0
1699545600000,2.451,2.4570000000000003,2.438,2.452,3767942,922700605.0,0.0,15,2.455,0
1699804800000,2.46,2.478,2.454,2.478,3251121,801007954.0,0.0,15,2.4520000000000004,0
1699891200000,2.48,2.495,2.47,2.4930000000000003,3907624,971090228.0,0.0,15,2.478,0
1699977600000,2.527,2.527,2.491,2.505,3786181,946733689.0,0.0,15,2.493,0
1700064000000,2.5029999999999997,2.5029999999999997,2.473,2.473,3886700,965626893.0000001,0.0,15,2.505,0
1700150400000,2.471,2.5,2.468,2.4979999999999998,3309617,821011727.0000001,0.0,15,2.473,0
1700409600000,2.5,2.522,2.488,2.52,3149750,788761012.0,0.0,15,2.4979999999999998,0
1700496000000,2.525,2.528,2.497,2.502,2800541,704200282.0000001,0.0,15,2.52,0
1700582400000,2.49,2.508,2.47,2.472,3154895,785355863.0,0.0,15,2.5020000000000002,0
1700668800000,2.463,2.499,2.459,2.498,3709730,920889613.0,0.0,15,2.472,0
1700755200000,2.496,2.497,2.456,2.4659999999999997,3922344,969299592.0,0.0,15,2.4979999999999998,0
1701014400000,2.466,2.47,2.447,2.462,2902983,713022332.0,0.0,15,2.466,0
1701100800000,2.457,2.477,2.44,2.4739999999999998,3065984,755357739.0,0.0,15,2.4619999999999997,0
1701187200000,2.472,2.4779999999999998,2.457,2.4619999999999997,2620091,647005157.0,0.0,15,2.4739999999999998,0
1701273600000,2.461,2.463,2.428,2.447,3787007,925247690.0000001,0.0,15,2.4619999999999997,0
1701360000000,2.447,2.476,2.439,2.469,2661776,652657703.0,0.0,15,2.447,0
1701619200000,2.469,2.477,2.459,2.461,2785904,687369786.0,0.0,15,2.469,0
1701705600000,2.459,2.459,2.415,2.417,2420249,589576026.0,0.0,15,2.461,0
1701792000000,2.412,2.4450000000000003,2.406,2.426,2465276,597727131.0,0.0,15,2.4170000000000003,0
1701878400000,2.423,2.437,2.407,2.429,4060053,983619722.0,0.0,15,2.426,0
1701964800000,2.428,2.442,2.419,2.423,3029308,735591168.0,0.0,15,2.429,0
1702224000000,2.4090000000000003,2.455,2.394,2.448,3904514,947001601.0000001,0.0,15,2.423,0
1702310400000,2.448,2.453,2.44,2.451,3474622,850111514.0,0.0,15,2.448,0
1702396800000,2.4520000000000004,2.4520000000000004,2.4250000000000003,2.4290000000000003,2852492,696430780.0000001,0.0,15,2.451,0
1702483200000,2.4370000000000003,2.451,2.414,2.4170000000000003,3981241,969124803.0,0.0,15,2.4290000000000003,0
1702569600000,2.427,2.43,2.391,2.399,4219140,1015137369.0000001,0.0,15,2.417,0
1702828800000,2.3890000000000002,2.3970000000000002,2.357,2.363,2492880,593129103.0,0.0,15,2.399,0
1702915200000,2.363,2.375,2.348,2.367,3038965,717225503.0,0.0,15,2.363,0
1703001600000,2.361,2.373,2.325,2.327,2946236,690230501.0,0.0,15,2.367,0
1703088000000,2.318,2.347,2.293,2.3360000000000003,3434801,797114908.9999999,0.0,15,2.327,0
1703174400000,2.3310000000000004,2.3480000000000003,2.3040000000000003,2.3150000000000004,4089906,950155438.0,0.0,15,2.3360000000000003,0
1703433600000,2.314,2.323,2.297,2.311,3044341,702485553.0,0.0,15,2.315,0
1703520000000,2.3120000000000003,2.313,2.273,2.282,2777339,634616989.0,0.0,15,2.311,0
1703606400000,2.283,2.301,2.27,2.298,3365668,768989757.0,0.0,15,2.282,0
1703692800000,2.2960000000000003,2.349,2.281,2.343,5096211,1183615283.0,0.0,15,2.298,0
1703779200000,2.348,2.377,2.34,2.3739999999999997,3689357,872399300.0,0.0,15,2.343,0
1704124800000,2.373,2.379,2.358,2.36,4093212,968603431.0,0.0,15,2.374,0
1704211200000,2.351,2.362,2.33,2.344,4101308,961018699.0,0.0,15,2.36,0
1704297600000,2.345,2.345,2.317,2.333,3171429,738279509.0,0.0,15,2.3440000000000003,0
1704384000000,2.329,2.335,2.281,2.289,3187942,736783686.0,0.0,15,2.333,0
1704643200000,2.2790000000000004,2.282,2.232,2.234,3778016,850939461.0,0.0,15,2.289,0
1704729600000,2.234,2.258,2.22,2.2350000000000003,2836031,635427182.0,0.0,15,2.234,0
1704816000000,2.227,2.252,2.199,2.218,2647395,588900708.0,0.0,15,2.235,0
1704902400000,2.217,2.274,2.213,2.2600000000000002,3617697,813406834.0,0.0,15,2.218,0
1704988800000,2.258,2.2760000000000002,2.245,2.245,3714838,839104004.0,0.0,15,2.2600000000000002,0
1705248000000,2.234,2.2609999999999997,2.223,2.239,2730124,611772676.0000001,0.0,15,2.2449999999999997,0
1705334400000,2.234,2.2430000000000003,2.2,2.2350000000000003,2767222,614917734.0,0.0,15,2.2390000000000003,0
1705420800000,2.223,2.226,2.17,2.17,3094011,682561865.0,0.0,15,2.235,0
1705507200000,2.165,2.18,2.1,2.178,3712843,792658382.0000001,0.0,15,2.17,0
1705593600000,2.1510000000000002,2.174,2.136,2.137,2436621,525535314.0,0.0,15,2.178,0
1705852800000,2.135,2.137,2.0,2.02,2487714,514942623.99999994,0.0,15,2.137,0
1705939200000,2.004,2.057,1.987,2.043,3522022,714537458.0,0.0,15,2.02,0
1706025600000,2.051,2.079,1.994,2.075,2217599,452326337.0,0.0,15,2.043,0
1706112000000,2.065,2.147,2.058,2.146,3528703,745606061.0,0.0,15,2.0749999999999997,0
1706198400000,2.1430000000000002,2.1550000000000002,2.115,2.119,2932976,627971402.0,0.0,15,2.1460000000000004,0
1706457600000,2.12,2.137,2.067,2.067,2709908,566821649.9999999,0.0,15,2.119,0
1706544000000,2.052,2.075,2.004,2.012,2297817,470025404.0,0.0,15,2.067,0
1706630400000,2.0,2.011,1.926,1.9289999999999998,1920974,377657507.0,0.0,15,2.012,0
1706716800000,1.921,1.96,1.889,1.915,2815369,541925829.0,0.0,15,1.929,0
1706803200000,1.919,1.935,1.7850000000000001,1.8370000000000002,2877343,540186487.0,0.0,15,1.915,0
1707062400000,1.82,1.823,1.681,1.739,5301096,929403249.0000001,0.0,15,1.837,0
1707148800000,1.7,1.877,1.687,1.858,24225634,4268183736.0000005,0.0,15,1.739,0
1707235200000,1.854,1.9600000000000002,1.854,1.939,16737505,3223023628.0,0.0,15,1.858,0
1707321600000,1.95,2.046,1.94,2.019,8778682,1766672858.0,0.0,15,1.939,0
1708272000000,2.034,2.047,1.992,2.018,13694162,2762247022.0,0.0,15,2.019,0
1708358400000,2.017,2.037,1.991,2.025,6259379,1259458127.9999998,0.0,15,2.0180000000000002,0
1708444800000,2.014,2.1,2.0,2.036,5940486,1222502882.0,0.0,15,2.025,0
1708531200000,2.036,2.078,2.02,2.075,4037715,830266180.0,0.0,15,2.036,0
1708617600000,2.084,2.11,2.056,2.11,3873714,805716701.9999999,0.0,15,2.075,0
1708876800000,2.107,2.145,2.092,2.112,3038612,643257732.0,0.0,15,2.11,0
1708963200000,2.105,2.174,2.098,2.174,4186002,896620267.0000001,0.0,15,2.1119999999999997,0
1709049600000,2.1750000000000003,2.206,2.072,2.072,7663101,1633141650.0000002,0.0,15,2.174,0
1709136000000,2.057,2.154,2.056,2.154,4903568,1040986354.0000001,0.0,15,2.072,0
1709222400000,2.1510000000000002,2.181,2.1390000000000002,2.177,4094717,884137486.0,0.0,15,2.1540000000000004,0
1709481600000,2.1790000000000003,2.188,2.1430000000000002,2.1790000000000003,3673423,796427951.0,0.0,15,2.177,0
1709568000000,2.17,2.1790000000000003,2.148,2.168,10718600,2323316166.0,0.0,15,2.1790000000000003,0
1709654400000,2.151,2.187,2.137,2.165,2532899,548893076.0,0.0,15,2.168,0
1709740800000,2.164,2.189,2.1310000000000002,2.132,2740611,591857083.9999999,0.0,15,2.165,0
1709827200000,2.1350000000000002,2.17,2.124,2.158,2352589,504927416.0,0.0,15,2.132,0
1710086400000,2.159,2.203,2.15,2.203,3163052,687345702.0,0.0,15,2.158,0
1710172800000,2.202,2.226,2.189,2.21,3053079,673500167.0,0.0,15,2.203,0
1710259200000,2.201,2.241,2.2,2.2190000000000003,2196706,487819732.00000006,0.0,15,2.21,0
1710345600000,2.21,2.2319999999999998,2.187,2.2079999999999997,2187622,483730125.99999994,0.0,15,2.219,0
1710432000000,2.1999999999999997,2.242,2.195,2.242,2982735,660495522.0,0.0,15,2.2079999999999997,0
1710691200000,2.247,2.2769999999999997,2.235,2.275,3232389,730274091.0,0.0,15,2.242,0
1710777600000,2.276,2.278,2.254,2.254,2835497,642436863.0,0.0,15,2.275,0
1710864000000,2.252,2.282,2.25,2.278,3699075,838730046.0000001,0.0,15,2.254,0
1710950400000,2.279,2.293,2.262,2.277,2594458,590763421.0,0.0,15,2.278,0
1711036800000,2.269,2.2750000000000004,2.232,2.2520000000000002,3057038,687921442.0,0.0,15,2.277,0
1711296000000,2.2520000000000002,2.257,2.197,2.197,3498422,781476873.0,0.0,15,2.2520000000000002,0
1711382400000,2.193,2.213,2.168,2.1910000000000003,2410513,528131661.99999994,0.0,15,2.197,0
1711468800000,2.181,2.191,2.117,2.117,3914860,842421697.0,0.0,15,2.191,0
1711555200000,2.117,2.188,2.117,2.166,3871148,838575494.0,0.0,15,2.117,0
1711641600000,2.166,2.191,2.149,2.188,3741758,811884744.0,0.0,15,2.166,0
1711900800000,2.193,2.24,2.192,2.237,4490481,999531625.9999999,0.0,15,2.188,0
1711987200000,2.235,2.2359999999999998,2.207,2.223,5058268,1123440766.0,0.0,15,2.2369999999999997,0
1712073600000,2.2199999999999998,2.223,2.194,2.2119999999999997,4072462,899550024.0,0.0,15,2.223,0
1712505600000,2.208,2.208,2.1710000000000003,2.1710000000000003,2623431,575376756.0000001,0.0,15,2.212,0
1712592000000,2.17,2.201,2.166,2.199,1826788,398904228.0,0.0,15,2.171,0
1712678400000,2.195,2.195,2.142,2.158,1601588,346967195.0,0.0,15,2.199,0
1712764800000,2.148,2.191,2.145,2.164,2368337,514826524.0,0.0,15,2.158,0
1712851200000,2.158,2.177,2.142,2.145,2170542,468812198.0,0.0,15,2.1639999999999997,0
1713110400000,2.142,2.159,2.097,2.128,2704771,575648488.0,0.0,15,2.145,0
1713196800000,2.119,2.125,2.036,2.039,4878866,1010463074.0,0.0,15,2.128,0
1713283200000,2.057,2.129,2.05,2.1239999999999997,4475055,941492128.0000001,0.0,15,2.0389999999999997,0
1713369600000,2.116,2.153,2.101,2.126,4904896,1045399798.9999999,0.0,15,2.124,0
1713456000000,2.119,2.1380000000000003,2.099,2.1180000000000003,4152016,878021616.0000001,0.0,15,2.1260000000000003,0
1713715200000,2.097,2.136,2.084,2.111,2222743,470252914.0,0.0,15,2.118,0
1713801600000,2.108,2.12,2.088,2.096,2844690,597237769.0,0.0,15,2.111,0
1713888000000,2.0989999999999998,2.139,2.093,2.139,3627613,768892404.0000001,0.0,15,2.096,0
1713974400000,2.131,2.158,2.122,2.1359999999999997,3357584,719381385.0000001,0.0,15,2.139,0
1714060800000,2.138,2.184,2.133,2.181,5467350,1184270379.0000002,0.0,15,2.136,0
1714320000000,2.183,2.2369999999999997,2.183,2.234,7943085,1763969030.0,0.0,15,2.181,0
1714406400000,2.23,2.235,2.203,2.2089999999999996,3679941,816147327.0000001,0.0,15,2.234,0
1714924800000,2.2390000000000003,2.262,2.236,2.2520000000000002,5834480,1313691399.0000002,0.0,15,2.209,0
1715011200000,2.252,2.265,2.246,2.26,4752873,1072385071.0000001,0.0,15,2.252,0
1715097600000,2.258,2.258,2.223,2.227,6605352,1475309627.0,0.0,15,2.26,0
1715184000000,2.224,2.2710000000000004,2.224,2.265,3768809,850725633.0,0.0,15,2.2270000000000003,0
1715270400000,2.2729999999999997,2.274,2.231,2.2449999999999997,4097015,918921114.0,0.0,15,2.2649999999999997,0
1715529600000,2.23,2.238,2.201,2.221,3528639,783228997.0,0.0,15,2.245,0
1715616000000,2.222,2.246,2.221,2.232,3823562,853882235.0,0.0,15,2.221,0
1715702400000,2.232,2.237,2.208,2.212,3125266,694592201.0,0.0,15,2.232,0
1715788800000,2.213,2.234,2.202,2.21,3525244,783250817.0000001,0.0,15,2.2119999999999997,0
1715875200000,2.2070000000000003,2.2430000000000003,2.204,2.2430000000000003,3908744,869220175.0,0.0,15,2.21,0
1716134400000,2.2439999999999998,2.262,2.234,2.251,3976876,894848233.0,0.0,15,2.243,0
1716220800000,2.246,2.249,2.22,2.229,4051040,904169279.0,0.0,15,2.2510000000000003,0
1716307200000,2.23,2.238,2.217,2.229,1879261,418558392.99999994,0.0,15,2.229,0
1716393600000,2.2199999999999998,2.2239999999999998,2.174,2.178,2943176,645224747.0,0.0,15,2.229,0
1716480000000,2.1740000000000004,2.193,2.1550000000000002,2.157,1305711,283757087.0,0.0,15,2.1780000000000004,0
1716739200000,2.16,2.178,2.133,2.177,2034090,437857451.00000006,0.0,15,2.157,0
1716825600000,2.17,2.182,2.153,2.154,1724464,373823640.0,0.0,15,2.177,0
1716912000000,2.159,2.174,2.146,2.1559999999999997,2057618,444789387.0,0.0,15,2.154,0
1716998400000,2.15,2.169,2.141,2.153,1856823,400344885.00000006,0.0,15,2.156,0
1717084800000,2.158,2.174,2.157,2.16,2088882,452294442.0,0.0,15,2.153,0
1717344000000,2.161,2.1620000000000004,2.115,2.133,2758351,589157566.0,0.0,15,2.16,0
1717430400000,2.131,2.151,2.114,2.1479999999999997,2039899,434726961.0,0.0,15,2.133,0
1717516800000,2.145,2.1540000000000004,2.119,2.121,1346241,288039022.0,0.0,15,2.148,0
1717603200000,2.122,2.134,2.066,2.0799999999999996,2952314,617501639.0,0.0,15,2.121,0
1717689600000,2.09,2.102,2.061,2.082,2849845,593080565.0,0.0,15,2.08,0
1718035200000,2.07,2.109,2.057,2.1029999999999998,2608531,544495995.0,0.0,15,2.082,0
1718121600000,2.095,2.117,2.095,2.1100000000000003,2272025,479322637.0,0.0,15,2.103,0
1718208000000,2.111,2.113,2.091,2.096,1644994,345414978.00000006,0.0,15,2.1100000000000003,0
1718294400000,2.09,2.1069999999999998,2.082,2.102,2775110,581249725.0,0.0,15,2.0959999999999996,0
1718553600000,2.0959999999999996,2.1149999999999998,2.09,2.0999999999999996,2041010,429977125.0,0.0,15,2.102,0
1718640000000,2.107,2.126,2.1,2.123,3582291,758765014.0,0.0,15,2.1,0
1718726400000,2.121,2.128,2.091,2.091,3185352,668460839.9999999,0.0,15,2.123,0
1718812800000,2.09,2.0989999999999998,2.05,2.0549999999999997,2728630,564128722.0,0.0,15,2.0909999999999997,0
1718899200000,2.044,2.0650000000000004,2.0380000000000003,2.051,2053275,421376435.0,0.0,15,2.055,0
1719158400000,2.043,2.045,1.98,1.9829999999999999,2069427,415620169.00000006,0.0,15,2.051,0
1719244800000,1.985,1.994,1.955,1.969,3003407,592940859.0,0.0,15,1.983,0
1719331200000,1.964,2.028,1.955,2.027,4671451,931917286.0,0.0,15,1.969,0
1719417600000,2.016,2.017,1.974,1.978,4313617,859465936.0000001,0.0,15,2.027,0
1719504000000,1.975,2.021,1.973,1.989,4305776,863840246.0,0.0,15,1.978,0
1719763200000,1.992,2.014,1.964,2.004,3759194,746241549.0,0.0,15,1.9889999999999999,0
1719849600000,2.0,2.012,1.983,1.993,3027525,603995433.0,0.0,15,2.004,0
1719936000000,1.9889999999999999,1.9949999999999999,1.974,1.9749999999999999,1677365,333036927.0,0.0,15,1.9929999999999999,0
1720022400000,1.978,1.988,1.927,1.936,4944934,961831065.0,0.0,15,1.975,0
1720108800000,1.936,1.964,1.917,1.954,3265051,631800872.0,0.0,15,1.936,0
1720368000000,1.942,1.951,1.901,1.908,2836133,544853987.0,0.0,15,1.954,0
1720454400000,1.903,1.9580000000000002,1.8900000000000001,1.947,5555092,1067288916.0000001,0.0,15,1.9080000000000001,0
1720540800000,1.939,1.964,1.939,1.94,2817271,549270552.0,0.0,15,1.947,0
1720627200000,1.966,1.992,1.96,1.9909999999999999,3109191,615686138.0,0.0,15,1.94,0
1720713600000,1.9909999999999999,1.9929999999999999,1.974,1.982,2166205,429704356.0,0.0,15,1.9909999999999999,0
1720972800000,1.974,1.978,1.957,1.964,6970883,1373046945.9999998,0.0,15,1.982,0
1721059200000,1.9589999999999999,1.97,1.946,1.9649999999999999,4036182,790288942.0000001,0.0,15,1.964,0
1721145600000,1.9609999999999999,1.97,1.946,1.952,11333554,2219872658.0,0.0,15,1.9649999999999999,0
1721232000000,1.94,1.963,1.919,1.96,9324783,1807998994.9999998,0.0,15,1.952,0
1721318400000,1.946,1.978,1.944,1.9629999999999999,5163856,1014277327.9999999,0.0,15,1.96,0
1721577600000,1.96,1.974,1.951,1.962,2965103,581945041.0,0.0,15,1.963,0
1721664000000,1.962,1.967,1.909,1.909,1733874,336287668.0,0.0,15,1.962,0
1721750400000,1.903,1.916,1.881,1.881,3160556,600234386.0,0.0,15,1.909,0
1721836800000,1.8739999999999999,1.906,1.869,1.883,3448301,650845904.0,0.0,15,1.881,0
1721923200000,1.8820000000000001,1.919,1.8820000000000001,1.9120000000000001,2063758,394122397.00000006,0.0,15,1.883,0
1722182400000,1.914,1.917,1.899,1.904,1461788,278580645.0,0.0,15,1.912,0
1722268800000,1.903,1.922,1.885,1.914,1640384,311999867.0,0.0,15,1.904,0
1722355200000,1.914,1.993,1.907,1.993,6962734,1370432977.0,0.0,15,1.914,0
1722441600000,1.994,2.011,1.972,1.9849999999999999,2528586,503224961.00000006,0.0,15,1.9929999999999999,0
1722528000000,1.971,1.996,1.953,1.957,2739481,540141459.0,0.0,15,1.985,0
1722787200000,1.945,1.978,1.903,1.903,5091650,984401573.0000001,0.0,15,1.957,0
1722873600000,1.924,1.942,1.909,1.931,2737591,526852288.0,0.0,15,1.903,0
1722960000000,1.924,1.943,1.917,1.927,2637687,509216362.0,0.0,15,1.931,0
1723046400000,1.92,1.946,1.903,1.929,2034077,391790951.0,0.0,15,1.927,0
1723132800000,1.939,1.953,1.913,1.914,2763850,532797853.0,0.0,15,1.929,0
1723392000000,1.909,1.917,1.895,1.906,2006854,382223530.0,0.0,15,1.914,0
1723478400000,1.905,1.915,1.8900000000000001,1.9120000000000001,1889223,359511053.0,0.0,15,1.9060000000000001,0
1723564800000,1.9080000000000001,1.9120000000000001,1.8920000000000001,1.8920000000000001,1531933,291078363.0,0.0,15,1.9120000000000001,0
1723651200000,1.8860000000000001,1.9340000000000002,1.8820000000000001,1.907,5379961,1030118292.0000001,0.0,15,1.8920000000000001,0
1723737600000,1.9080000000000001,1.915,1.8920000000000001,1.8920000000000001,3494676,664188709.0,0.0,15,1.907,0
1723996800000,1.891,1.92,1.889,1.897,1702072,324486861.00000006,0.0,15,1.892,0
1724083200000,1.895,1.9040000000000001,1.856,1.867,6089234,1137733616.0,0.0,15,1.897,0
1724169600000,1.8579999999999999,1.871,1.851,1.853,2187508,406576939.00000006,0.0,15,1.867,0
1724256000000,1.851,1.8599999999999999,1.827,1.8319999999999999,2839084,522035081.99999994,0.0,15,1.853,0
1724342400000,1.829,1.8379999999999999,1.819,1.8319999999999999,3089154,565303400.0,0.0,15,1.8319999999999999,0
1724601600000,1.831,1.847,1.825,1.837,2624547,482367412.0,0.0,15,1.8319999999999999,0
1724688000000,1.833,1.835,1.812,1.818,5895469,1074033364.0,0.0,15,1.837,0
1724774400000,1.811,1.837,1.808,1.822,3493841,636809088.0,0.0,15,1.818,0
1724860800000,1.8159999999999998,1.859,1.813,1.849,3823897,704118536.0,0.0,15,1.8219999999999998,0
1724947200000,1.846,1.915,1.846,1.885,6652333,1256702804.0,0.0,15,1.849,0
1725206400000,1.881,1.8900000000000001,1.844,1.844,4527240,843968750.0,0.0,15,1.885,0
1725292800000,1.8439999999999999,1.876,1.839,1.861,2785374,517648759.00000006,0.0,15,1.8439999999999999,0
1725379200000,1.8499999999999999,1.873,1.843,1.8519999999999999,2212037,410621790.00000006,0.0,15,1.861,0
1725465600000,1.852,1.881,1.852,1.869,2316718,432535144.99999994,0.0,15,1.852,0
1725552000000,1.869,1.8739999999999999,1.833,1.8359999999999999,3546653,655582596.0000001,0.0,15,1.869,0
1725811200000,1.833,1.8439999999999999,1.815,1.821,1927971,352044151.0,0.0,15,1.8359999999999999,0
1725897600000,1.8250000000000002,1.838,1.7910000000000001,1.8290000000000002,2769695,501521454.0,0.0,15,1.8210000000000002,0
1725984000000,1.816,1.835,1.814,1.831,5673096,1036988342.0000001,0.0,15,1.829,0
1726070400000,1.8299999999999998,1.8519999999999999,1.819,1.8199999999999998,2364950,434223922.0,0.0,15,1.831,0
1726156800000,1.817,1.8259999999999998,1.799,1.801,1698175,307537840.0,0.0,15,1.8199999999999998,0
1726588800000,1.802,1.8030000000000002,1.7670000000000001,1.792,2077013,371051965.0,0.0,15,1.8010000000000002,0
1726675200000,1.796,1.8470000000000002,1.7850000000000001,1.8290000000000002,4649990,847000139.0,0.0,15,1.792,0
1726761600000,1.824,1.827,1.802,1.815,6515936,1182379625.0,0.0,15,1.829,0
1727020800000,1.812,1.841,1.808,1.819,2217303,404931674.99999994,0.0,15,1.815,0
1727107200000,1.835,1.8960000000000001,1.818,1.8960000000000001,8924065,1663896073.0,0.0,15,1.819,0
1727193600000,1.914,1.956,1.907,1.909,5106120,986070817.0,0.0,15,1.8960000000000001,0
1727280000000,1.9000000000000001,1.9920000000000002,1.9000000000000001,1.9920000000000002,9139293,1786779904.0,0.0,15,1.909,0
1727366400000,2.0220000000000002,2.18,2.0140000000000002,2.1550000000000002,27692318,5846749772.0,0.0,15,1.9920000000000002,0
1727625600000,2.22,2.371,2.169,2.371,17658376,4010874744.0,0.0,15,2.1550000000000002,0
1728316800000,2.608,2.608,2.39,2.543,15286557,3840212127.0,0.0,15,2.371,0
1728403200000,2.4400000000000004,2.49,2.305,2.3200000000000003,14060836,3387654332.0,0.0,15,2.543,0
1728489600000,2.33,2.4,2.283,2.3,8825109,2063357688.0000002,0.0,15,2.32,0
1728576000000,2.2880000000000003,2.2940000000000005,2.1750000000000003,2.2030000000000003,11572036,2568633349.0,0.0,15,2.3000000000000003,0
1728835200000,2.2100000000000004,2.293,2.1750000000000003,2.285,11982629,2678727554.0,0.0,15,2.2030000000000003,0
1728921600000,2.269,2.322,2.238,2.238,10523979,2396862552.0,0.0,15,2.285,0
1729008000000,2.202,2.284,2.202,2.25,5627089,1266550234.9999998,0.0,15,2.238,0
1729094400000,2.262,2.292,2.238,2.239,5257969,1190012052.0,0.0,15,2.25,0
1729180800000,2.24,2.414,2.233,2.353,12739199,2972876750.0000005,0.0,15,2.239,0
1729440000000,2.3449999999999998,2.423,2.34,2.3859999999999997,8285275,1978009791.9999998,0.0,15,2.3529999999999998,0
1729526400000,2.382,2.417,2.367,2.397,7604576,1816518547.0,0.0,15,2.386,0
1729612800000,2.391,2.445,2.384,2.403,3503651,846653363.0000001,0.0,15,2.397,0
1729699200000,2.396,2.399,2.366,2.388,4484982,1068758348.0,0.0,15,2.403,0
1729785600000,2.391,2.452,2.391,2.439,5036831,1222836859.0,0.0,15,2.388,0
1730044800000,2.44,2.478,2.427,2.477,5686657,1397223159.0,0.0,15,2.439,0
1730131200000,2.4819999999999998,2.4909999999999997,2.437,2.4419999999999997,9855183,2425739777.0,0.0,15,2.477,0
1730217600000,2.43,2.4640000000000004,2.4210000000000003,2.4530000000000003,4536680,1107806124.0,0.0,15,2.442,0
1730304000000,2.4539999999999997,2.52,2.444,2.495,5989519,1489750853.0000002,0.0,15,2.453,0
1730390400000,2.485,2.493,2.411,2.412,5867195,1432051244.0,0.0,15,2.495,0
1730649600000,2.4099999999999997,2.4699999999999998,2.408,2.4699999999999998,2158507,527695145.0,0.0,15,2.412,0
1730736000000,2.476,2.566,2.464,2.555,10882045,2756085589.0,0.0,15,2.4699999999999998,0
1730822400000,2.56,2.596,2.543,2.5660000000000003,7379221,1897159410.0000002,0.0,15,2.555,0
1730908800000,2.54,2.613,2.535,2.609,5084559,1310384311.0,0.0,15,2.5660000000000003,0
1730995200000,2.645,2.657,2.603,2.617,6525119,1713931685.0,0.0,15,2.609,0
1731254400000,2.602,2.679,2.597,2.676,5267015,1394582452.0,0.0,15,2.617,0
1731340800000,2.676,2.696,2.62,2.645,4196952,1118768192.0000002,0.0,15,2.676,0
1731427200000,2.641,2.6510000000000002,2.587,2.633,2229601,583235141.0000001,0.0,15,2.645,0
1731513600000,2.624,2.633,2.552,2.558,3224505,835240051.0,0.0,15,2.633,0
1731600000000,2.543,2.58,2.495,2.499,5038414,1279169391.0,0.0,15,2.5580000000000003,0
1731859200000,2.499,2.512,2.416,2.432,4872753,1195683090.0,0.0,15,2.499,0
1731945600000,2.43,2.5020000000000002,2.422,2.5020000000000002,2923236,718976259.9999999,0.0,15,2.432,0
1732032000000,2.4850000000000003,2.5490000000000004,2.482,2.5460000000000003,3992666,1004072890.0,0.0,15,2.5020000000000002,0
1732118400000,2.54,2.561,2.524,2.546,1386604,353174862.0,0.0,15,2.546,0
1732204800000,2.5420000000000003,2.556,2.45,2.4570000000000003,1950296,488089966.0,0.0,15,2.5460000000000003,0
1732464000000,2.461,2.4699999999999998,2.416,2.469,1560056,381355339.0,0.0,15,2.457,0
1732550400000,2.459,2.484,2.431,2.436,2229650,546782705.0,0.0,15,2.469,0
1732636800000,2.423,2.4970000000000003,2.3850000000000002,2.4970000000000003,2927872,712082026.9999999,0.0,15,2.4360000000000004,0
1732723200000,2.49,2.5100000000000002,2.474,2.479,1984790,495025451.0,0.0,15,2.4970000000000003,0
1732809600000,2.473,2.5429999999999997,2.457,2.522,2984827,751731773.0000001,0.0,15,2.4789999999999996,0
1733068800000,2.5220000000000002,2.5820000000000003,2.5180000000000002,2.571,1724386,441275038.99999994,0.0,15,2.5220000000000002,0
1733155200000,2.573,2.585,2.541,2.5629999999999997,3612126,925862652.0000001,0.0,15,2.5709999999999997,0
1733241600000,2.557,2.565,2.516,2.528,2836047,721714347.0,0.0,15,2.563,0
1733328000000,2.5140000000000002,2.567,2.5140000000000002,2.559,1800332,458703668.00000006,0.0,15,2.528,0
1733414400000,2.557,2.601,2.533,2.589,6127204,1578013061.9999998,0.0,15,2.5589999999999997,0
1733673600000,2.5829999999999997,2.594,2.545,2.564,3071799,789357126.0,0.0,15,2.589,0
1733760000000,2.66,2.665,2.583,2.593,5317405,1394154801.0,0.0,15,2.564,0
1733846400000,2.589,2.6270000000000002,2.588,2.624,3602795,942608290.0,0.0,15,2.593,0
1733932800000,2.626,2.646,2.6,2.644,2753866,722225807.0,0.0,15,2.624,0
1734019200000,2.621,2.63,2.588,2.594,4784436,1247362124.0,0.0,15,2.644,0
1734278400000,2.588,2.596,2.548,2.558,850891,218588672.0,0.0,15,2.594,0
1734364800000,2.552,2.555,2.499,2.5060000000000002,2999628,754004798.0,0.0,15,2.5580000000000003,0
1734451200000,2.509,2.542,2.493,2.522,2216624,558295394.0,0.0,15,2.506,0
1734537600000,2.49,2.5370000000000004,2.486,2.5290000000000004,1822494,456415033.0,0.0,15,2.5220000000000002,0
1734624000000,2.524,2.572,2.5220000000000002,2.556,1985109,506780578.00000006,0.0,15,2.5290000000000004,0
1734883200000,2.543,2.555,2.482,2.4850000000000003,2043235,513157315.00000006,0.0,15,2.556,0
1734969600000,2.486,2.5100000000000002,2.474,2.508,2001349,499325242.99999994,0.0,15,2.4850000000000003,0
1735056000000,2.508,2.508,2.461,2.4869999999999997,3671948,911423517.0,0.0,15,2.508,0
1735142400000,2.485,2.518,2.481,2.51,2428152,609153958.0,0.0,15,2.4869999999999997,0
1735228800000,2.508,2.549,2.497,2.513,1772817,447762062.0,0.0,15,2.51,0
1735488000000,2.5090000000000003,2.524,2.486,2.5060000000000002,1913484,479338697.00000006,0.0,15,2.5130000000000003,0
1735574400000,2.5060000000000002,2.513,2.423,2.426,2586286,634452604.0,0.0,15,2.5060000000000002,0
1735747200000,2.427,2.436,2.338,2.361,2601090,621210298.0000001,0.0,15,2.426,0
1735833600000,2.362,2.37,2.286,2.3,4290636,997593070.0000001,0.0,15,2.361,0
1736092800000,2.2929999999999997,2.316,2.267,2.282,3943845,902574363.0,0.0,15,2.3,0
1736179200000,2.28,2.318,2.271,2.316,3876678,891714838.0,0.0,15,2.282,0
1736265600000,2.3049999999999997,2.3249999999999997,2.239,2.306,3440759,783849486.0,0.0,15,2.316,0
1736352000000,2.2920000000000003,2.3270000000000004,2.2880000000000003,2.3110000000000004,2674721,619276199.0,0.0,15,2.306,0
1736438400000,2.309,2.3310000000000004,2.2600000000000002,2.2600000000000002,1455156,334033442.0,0.0,15,2.3110000000000004,0
1736697600000,2.247,2.283,2.225,2.2640000000000002,2405251,542478521.0,0.0,15,2.2600000000000002,0
1736784000000,2.266,2.3720000000000003,2.265,2.369,5296786,1237491479.0,0.0,15,2.2640000000000002,0
1736870400000,2.366,2.368,2.343,2.351,3841600,904235797.0,0.0,15,2.3689999999999998,0
1736956800000,2.366,2.4090000000000003,2.342,2.361,3779017,896993679.0,0.0,15,2.351,0
1737043200000,2.351,2.4000000000000004,2.345,2.3800000000000003,2142377,508530501.99999994,0.0,15,2.361,0
1737302400000,2.399,2.416,2.386,2.39,2329728,558835055.0,0.0,15,2.3800000000000003,0
1737388800000,2.4050000000000002,2.412,2.374,2.4050000000000002,2513010,601457942.0,0.0,15,2.39,0
1737475200000,2.3920000000000003,2.4010000000000002,2.373,2.3880000000000003,3522781,840214280.0,0.0,15,2.4050000000000002,0
1737561600000,2.403,2.444,2.376,2.3779999999999997,3272851,788622184.0,0.0,15,2.388,0
1737648000000,2.372,2.424,2.371,2.422,4622222,1112965744.9999998,0.0,15,2.378,0
1737907200000,2.426,2.4360000000000004,2.3810000000000002,2.382,3383144,811794116.0000001,0.0,15,2.422,0
1738684800000,2.4,2.419,2.382,2.395,2685232,644411926.0,0.0,15,2.382,0
1738771200000,2.387,2.465,2.383,2.46,1675390,408448523.00000006,0.0,15,2.395,0
1738857600000,2.462,2.532,2.458,2.5,5281971,1318215651.0,0.0,15,2.46,0
1739116800000,2.5,2.533,2.495,2.528,3898646,982003753.0000001,0.0,15,2.5,0
1739203200000,2.528,2.5349999999999997,2.501,2.5189999999999997,2363974,594792309.0,0.0,15,2.528,0
1739289600000,2.512,2.56,2.512,2.558,1703451,432865744.0,0.0,15,2.519,0
1739376000000,2.5580000000000003,2.5610000000000004,2.5300000000000002,2.531,1772163,450923272.0,0.0,15,2.5580000000000003,0
1739462400000,2.529,2.552,2.52,2.544,2384942,605203981.0,0.0,15,2.531,0
1739721600000,2.557,2.569,2.535,2.556,4693057,1199951416.0,0.0,15,2.544,0
1739808000000,2.557,2.56,2.492,2.504,2442158,616457822.0,0.0,15,2.556,0
1739894400000,2.5,2.564,2.497,2.562,1933245,490400985.0,0.0,15,2.504,0
1739980800000,2.5629999999999997,2.588,2.553,2.577,3362180,863643030.0,0.0,15,2.562,0
1740067200000,2.582,2.6350000000000002,2.572,2.632,1693270,442928314.0,0.0,15,2.577,0
1740326400000,2.627,2.6479999999999997,2.61,2.629,2373351,623605384.0,0.0,15,2.6319999999999997,0
1740412800000,2.593,2.6460000000000004,2.591,2.617,965599,253311326.0,0.0,15,2.629,0
1740499200000,2.622,2.662,2.612,2.657,948895,250575732.0,0.0,15,2.617,0
1740585600000,2.652,2.6670000000000003,2.607,2.6430000000000002,1150607,303342183.0,0.0,15,2.657,0
1740672000000,2.633,2.636,2.548,2.554,2025415,521121475.0,0.0,15,2.6430000000000002,0
1740931200000,2.563,2.599,2.543,2.555,1496157,384595503.0,0.0,15,2.5540000000000003,0
1741017600000,2.537,2.59,2.533,2.5869999999999997,1549207,398702443.0,0.0,15,2.5549999999999997,0
1741104000000,2.587,2.609,2.571,2.603,1184443,306588935.0,0.0,15,2.587,0
1741190400000,2.62,2.6740000000000004,2.615,2.664,1143205,303032790.0,0.0,15,2.603,0
1741276800000,2.6639999999999997,2.678,2.634,2.653,1616766,429786389.0,0.0,15,2.6639999999999997,0
1741536000000,2.6519999999999997,2.6639999999999997,2.63,2.655,1527879,404491093.00000006,0.0,15,2.653,0
1741622400000,2.628,2.676,2.623,2.6710000000000003,1056174,279602599.0,0.0,15,2.6550000000000002,0
1741708800000,2.681,2.706,2.67,2.673,971242,260741209.00000003,0.0,15,2.671,0
1741795200000,2.67,2.6759999999999997,2.606,2.634,1230533,323993227.0,0.0,15,2.673,0
1741881600000,2.628,2.682,2.616,2.682,2172252,578275696.0,0.0,15,2.634,0
1742140800000,2.682,2.69,2.668,2.682,1835324,491678751.0,0.0,15,2.682,0
1742227200000,2.6870000000000003,2.7070000000000003,2.6790000000000003,2.6900000000000004,884867,238148840.0,0.0,15,2.6820000000000004,0
1742313600000,2.69,2.69,2.661,2.675,1573425,420721846.99999994,0.0,15,2.69,0
1742400000000,2.6710000000000003,2.6860000000000004,2.6550000000000002,2.664,963294,257306838.0,0.0,15,2.6750000000000003,0
1742486400000,2.653,2.66,2.601,2.61,1841866,484293934.0,0.0,15,2.664,0
1742745600000,2.6,2.61,2.545,2.584,1401350,361136608.0,0.0,15,2.61,0
1742832000000,2.584,2.5980000000000003,2.559,2.572,1336063,344376238.00000006,0.0,15,2.584,0
1742918400000,2.57,2.596,2.564,2.578,970139,250788535.0,0.0,15,2.572,0
1743004800000,2.5749999999999997,2.605,2.545,2.58,1035327,266497288.0,0.0,15,2.578,0
1743091200000,2.58,2.59,2.549,2.5549999999999997,965318,247719399.0,0.0,15,2.58,0
1743350400000,2.541,2.551,2.504,2.537,1424654,360015780.0,0.0,15,2.555,0
1743436800000,2.537,2.5669999999999997,2.537,2.5469999999999997,936171,238974654.0,0.0,15,2.537,0
1743523200000,2.548,2.5740000000000003,2.543,2.556,554970,142018666.0,0.0,15,2.547,0
1743609600000,2.532,2.5700000000000003,2.5140000000000002,2.527,1063906,269849143.0,0.0,15,2.556,0
1743955200000,2.396,2.437,2.274,2.274,5479224,1271910036.0,0.0,15,2.527,0
1744041600000,2.231,2.298,2.211,2.247,36415413,8149153179.0,0.0,15,2.274,0
1744128000000,2.22,2.3160000000000003,2.128,2.3000000000000003,3345925,748878679.0000001,0.0,15,2.2470000000000003,0
1744214400000,2.339,2.4,2.336,2.3529999999999998,2517643,596816960.0,0.0,15,2.3,0
1744300800000,2.34,2.415,2.334,2.3850000000000002,1490542,355010862.0,0.0,15,2.353,0
1744560000000,2.406,2.434,2.406,2.416,1724503,416938914.0,0.0,15,2.3850000000000002,0
1744646400000,2.411,2.42,2.39,2.407,1983384,476589890.0,0.0,15,2.416,0
1744732800000,2.404,2.404,2.348,2.376,5258306,1247630807.0000002,0.0,15,2.407,0
1744819200000,2.36,2.4019999999999997,2.36,2.379,1646562,393524789.00000006,0.0,15,2.376,0
1744905600000,2.372,2.386,2.358,2.372,2451984,580823086.0,0.0,15,2.379,0
1745164800000,2.367,2.424,2.359,2.421,1474252,354191948.0,0.0,15,2.372,0
1745251200000,2.414,2.432,2.41,2.4210000000000003,1165639,282029726.0,0.0,15,2.4210000000000003,0
1745337600000,2.427,2.4539999999999997,2.424,2.435,1401639,342091643.0,0.0,15,2.421,0
1745424000000,2.428,2.436,2.4,2.413,907918,219592657.0,0.0,15,2.435,0
1745510400000,2.416,2.438,2.402,2.418,1853110,449039483.0,0.0,15,2.4130000000000003,0
1745769600000,2.416,2.42,2.388,2.3979999999999997,1391529,333655770.0,0.0,15,2.4179999999999997,0
1745856000000,2.387,2.414,2.378,2.404,828988,199167227.00000003,0.0,15,2.398,0
1745942400000,2.4010000000000002,2.4320000000000004,2.4010000000000002,2.4250000000000003,1185280,287451682.0,0.0,15,2.4040000000000004,0
1746460800000,2.437,2.485,2.437,2.485,1548895,382191685.0,0.0,15,2.425,0
1746547200000,2.527,2.531,2.471,2.49,2058822,514940580.0,0.0,15,2.485,0
1746633600000,2.485,2.515,2.479,2.508,1029851,257834170.00000003,0.0,15,2.49,0
1746720000000,2.504,2.507,2.467,2.481,1104401,274189443.00000006,0.0,15,2.508,0
1746979200000,2.509,2.514,2.489,2.514,1608256,402287190.00000006,0.0,15,2.481,0
1747065600000,2.5330000000000004,2.5330000000000004,2.5020000000000002,2.5090000000000003,1907788,479408143.0,0.0,15,2.5140000000000002,0
1747152000000,2.502,2.529,2.489,2.5109999999999997,1856607,465182691.0,0.0,15,2.509,0
1747238400000,2.506,2.506,2.468,2.4699999999999998,1317296,326907355.00000006,0.0,15,2.511,0
1747324800000,2.4619999999999997,2.488,2.461,2.472,1690986,418664704.0,0.0,15,2.4699999999999998,0
1747584000000,2.472,2.4890000000000003,2.45,2.484,1168917,288607965.0,0.0,15,2.472,0
1747670400000,2.489,2.512,2.476,2.508,1021916,254993568.0,0.0,15,2.484,0
1747756800000,2.5010000000000003,2.504,2.49,2.5,541978,135372529.00000003,0.0,15,2.508,0
1747843200000,2.496,2.509,2.473,2.476,1181700,293730447.0,0.0,15,2.5,0
1747929600000,2.472,2.49,2.443,2.449,1376944,339478827.0,0.0,15,2.476,0
1748188800000,2.446,2.464,2.439,2.458,789331,193609638.0,0.0,15,2.449,0
1748275200000,2.449,2.46,2.436,2.452,768531,188012068.00000003,0.0,15,2.4579999999999997,0
1748361600000,2.4570000000000003,2.46,2.438,2.4450000000000003,662406,162105005.00000003,0.0,15,2.452,0
1748448000000,2.444,2.489,2.443,2.488,1744377,431741201.0,0.0,15,2.445,0
1748534400000,2.479,2.479,2.46,2.464,2120185,523081938.0,0.0,15,2.488,0
1748880000000,2.4579999999999997,2.4869999999999997,2.453,2.477,782197,193682845.0,0.0,15,2.464,0
1748966400000,2.478,2.503,2.478,2.5010000000000003,617456,154067649.0,0.0,15,2.4770000000000003,0
1749052800000,2.504,2.526,2.492,2.52,782804,196097715.0,0.0,15,2.501,0
1749139200000,2.5189999999999997,2.5229999999999997,2.509,2.517,416046,104643458.0,0.0,15,2.52,0
1749398400000,2.516,2.548,2.516,2.541,1232166,312920603.0,0.0,15,2.517,0
1749484800000,2.548,2.548,2.497,2.52,1117956,281618852.0,0.0,15,2.541,0
1749571200000,2.519,2.547,2.519,2.529,1277614,323876131.0,0.0,15,2.52,0
1749657600000,2.525,2.539,2.515,2.533,427538,108201384.0,0.0,15,2.529,0
1749744000000,2.5250000000000004,2.5330000000000004,2.498,2.504,860060,216196527.00000003,0.0,15,2.5330000000000004,0
1750003200000,2.52,2.5220000000000002,2.498,2.5170000000000003,684661,172038118.0,0.0,15,2.504,0
1750089600000,2.523,2.525,2.507,2.516,577131,145136014.0,0.0,15,2.517,0
1750176000000,2.5100000000000002,2.519,2.494,2.5130000000000003,630753,158100839.0,0.0,15,2.516,0
1750262400000,2.507,2.517,2.471,2.482,1297184,322639630.0,0.0,15,2.513,0
1750348800000,2.479,2.485,2.459,2.46,1222793,301875848.0,0.0,15,2.482,0
1750608000000,2.457,2.493,2.451,2.491,1581282,391928068.99999994,0.0,15,2.46,0
1750694400000,2.494,2.54,2.49,2.5370000000000004,891465,225110606.0,0.0,15,2.491,0
1750780800000,2.541,2.58,2.537,2.574,1593710,408281761.0,0.0,15,2.537,0
1750867200000,2.5700000000000003,2.587,2.563,2.563,1262141,325104028.0,0.0,15,2.5740000000000003,0
1750953600000,2.563,2.595,2.563,2.575,1204540,310697064.0,0.0,15,2.563,0
1751212800000,2.577,2.608,2.577,2.608,1432702,372048928.0,0.0,15,2.575,0
1751299200000,2.6079999999999997,2.6149999999999998,2.586,2.6109999999999998,590274,153606678.0,0.0,15,2.6079999999999997,0
1751385600000,2.609,2.609,2.58,2.591,995560,258034745.00000003,0.0,15,2.611,0
1751472000000,2.587,2.6060000000000003,2.583,2.604,594503,154406371.0,0.0,15,2.591,0
1751558400000,2.601,2.6189999999999998,2.582,2.594,913221,237374005.0,0.0,15,2.6039999999999996,0
1751817600000,2.5919999999999996,2.5999999999999996,2.586,2.5949999999999998,527667,136839281.00000003,0.0,15,2.594,0
1751904000000,2.594,2.6319999999999997,2.59,2.631,1002313,262690441.0,0.0,15,2.5949999999999998,0
1751990400000,2.6340000000000003,2.641,2.619,2.6260000000000003,799810,210417144.00000003,0.0,15,2.6310000000000002,0
1752076800000,2.6189999999999998,2.642,2.614,2.63,549733,144572915.00000003,0.0,15,2.626,0
1752163200000,2.634,2.667,2.622,2.6599999999999997,2169094,575195547.0,0.0,15,2.63,0
1752422400000,2.66,2.66,2.645,2.653,1055459,280007029.00000006,0.0,15,2.66,0
1752508800000,2.648,2.66,2.62,2.645,1293153,341080873.00000006,0.0,15,2.653,0
1752595200000,2.64,2.6670000000000003,2.6390000000000002,2.652,835886,221883146.0,0.0,15,2.645,0
1752681600000,2.654,2.688,2.648,2.6870000000000003,1299454,346740627.99999994,0.0,15,2.652,0
1752768000000,2.694,2.701,2.677,2.693,985015,264953362.0,0.0,15,2.687,0
1753027200000,2.689,2.718,2.685,2.717,1315055,356436142.0,0.0,15,2.693,0
1753113600000,2.717,2.7310000000000003,2.708,2.7270000000000003,765466,208224697.0,0.0,15,2.717,0
1753200000000,2.734,2.745,2.712,2.7190000000000003,910572,248324522.0,0.0,15,2.7270000000000003,0
1753286400000,2.717,2.759,2.714,2.758,1461205,400633005.0,0.0,15,2.719,0
1753372800000,2.7640000000000002,2.7640000000000002,2.741,2.754,1097493,302040981.0,0.0,15,2.758,0
1753632000000,2.754,2.77,2.741,2.765,1723146,475505303.0,0.0,15,2.754,0
1753718400000,2.762,2.785,2.744,2.785,841508,232463380.00000003,0.0,15,2.765,0
1753804800000,2.785,2.785,2.742,2.764,889013,245909024.0,0.0,15,2.785,0
1753891200000,2.7560000000000002,2.7720000000000002,2.728,2.7350000000000003,1138582,313724906.00000006,0.0,15,2.7640000000000002,0
1753977600000,2.734,2.757,2.722,2.7399999999999998,646748,177467394.00000003,0.0,15,2.735,0
1754236800000,2.735,2.772,2.723,2.772,874879,240865651.0,0.0,15,2.7399999999999998,0
1754323200000,2.772,2.79,2.77,2.79,514126,142906349.99999997,0.0,15,2.772,0
1754409600000,2.79,2.826,2.782,2.822,792121,222450567.0,0.0,15,2.79,0
1754496000000,2.825,2.8310000000000004,2.8000000000000003,2.8200000000000003,979550,275827336.0,0.0,15,2.822,0
1754582400000,2.819,2.821,2.801,2.815,966732,271962309.0,0.0,15,2.8200000000000003,0
1754841600000,2.817,2.863,2.817,2.8520000000000003,1527984,434966367.99999994,0.0,15,2.8150000000000004,0
1754928000000,2.855,2.863,2.837,2.861,1049279,299226307.0,0.0,15,2.8520000000000003,0
1755014400000,2.862,2.912,2.862,2.9050000000000002,1192031,344234826.0,0.0,15,2.861,0
1755100800000,2.905,2.912,2.863,2.874,993078,287132611.0,0.0,15,2.905,0
1755187200000,2.8649999999999998,2.9299999999999997,2.86,2.929,1107429,321751623.0,0.0,15,2.8739999999999997,0
1755446400000,2.9490000000000003,2.9930000000000003,2.934,2.978,1926867,572441611.0,0.0,15,2.9290000000000003,0
1755532800000,2.976,2.997,2.959,2.981,1538654,458355855.0,0.0,15,2.978,0
1755619200000,2.975,3.008,2.944,3.008,1580751,470087320.99999994,0.0,15,2.981,0
1755705600000,3.025,3.025,2.969,2.9829999999999997,1806299,540867429.0,0.0,15,3.008,0
1755792000000,2.981,3.037,2.981,3.0349999999999997,1463607,440796261.0,0.0,15,2.9829999999999997,0
1756051200000,3.048,3.092,3.0420000000000003,3.071,1457454,446870143.0,0.0,15,3.035,0
1756137600000,3.068,3.097,3.055,3.073,918049,282249076.0,0.0,15,3.071,0
1756224000000,3.092,3.112,3.0140000000000002,3.016,1447755,445274671.00000006,0.0,15,3.0730000000000004,0
1756310400000,3.017,3.067,2.968,3.063,2052394,620076425.0,0.0,15,3.016,0
1756396800000,3.059,3.08,3.031,3.052,1198463,365730950.0,0.0,15,3.063,0
1756656000000,3.0580000000000003,3.0850000000000004,3.0500000000000003,3.0850000000000004,908738,278945876.0,0.0,15,3.052,0
1756742400000,3.072,3.0789999999999997,2.985,3.01,1204169,363314363.0,0.0,15,3.085,0
1756828800000,3.0090000000000003,3.0250000000000004,2.95,2.964,1152293,344418788.00000006,0.0,15,3.0100000000000002,0
1756915200000,2.9640000000000004,2.983,2.857,2.895,2081002,607469681.0,0.0,15,2.9640000000000004,0
1757001600000,2.895,2.988,2.89,2.9810000000000003,1631013,478974936.00000006,0.0,15,2.895,0
1757260800000,2.982,3.015,2.966,3.004,1863565,556344453.0,0.0,15,2.9810000000000003,0
1757347200000,2.994,3.008,2.958,2.97,1678306,500996112.0,0.0,15,3.004,0
1757433600000,2.956,3.003,2.955,2.973,878087,261547246.0,0.0,15,2.97,0
1757520000000,2.971,3.055,2.942,3.055,1228304,370302998.00000006,0.0,15,2.9730000000000003,0
1757606400000,3.05,3.076,3.04,3.054,911286,278708828.0,0.0,15,3.055,0
1757865600000,3.057,3.067,3.044,3.047,832636,254331090.99999997,0.0,15,3.054,0
1757952000000,3.051,3.0860000000000003,3.0260000000000002,3.0850000000000004,768267,234935347.0,0.0,15,3.047,0
1758038400000,3.076,3.117,3.068,3.11,984177,305401380.0,0.0,15,3.085,0
1758124800000,3.111,3.154,3.04,3.073,1456239,452579133.00000006,0.0,15,3.11,0
1758211200000,3.074,3.094,3.044,3.061,1083765,332872004.0,0.0,15,3.073,0
1758470400000,3.0700000000000003,3.084,3.051,3.08,1027378,315423366.99999994,0.0,15,3.061,0
1758556800000,3.08,3.086,2.992,3.048,1316154,398819058.0,0.0,15,3.08,0
1758643200000,3.028,3.103,3.02,3.102,923549,283444592.0,0.0,15,3.048,0
1758729600000,3.1,3.113,3.083,3.0860000000000003,1002717,310480017.0,0.0,15,3.1020000000000003,0
1758816000000,3.068,3.0940000000000003,3.0460000000000003,3.051,867123,266241995.0,0.0,15,3.0860000000000003,0
1759075200000,3.062,3.1,3.036,3.089,1526607,470085153.0,0.0,15,3.051,0
1759161600000,3.088,3.1300000000000003,3.087,3.12,894879,278676904.0,0.0,15,3.089,0
1759939200000,3.118,3.157,3.118,3.139,1189427,374014949.00000006,0.0,15,3.1199999999999997,0
1760025600000,3.13,3.1350000000000002,3.092,3.102,1242912,386668711.0,0.0,15,3.1390000000000002,0
1760284800000,3.0,3.103,2.986,3.1,2168754,662605900.0,0.0,15,3.1020000000000003,0
1760371200000,3.107,3.1310000000000002,3.02,3.034,2398781,738868034.0,0.0,15,3.1,0
1760457600000,3.038,3.082,3.012,3.082,961827,293127305.0,0.0,15,3.034,0
1760544000000,3.064,3.0780000000000003,3.035,3.044,1191159,364316919.0,0.0,15,3.0820000000000003,0
1760630400000,3.044,3.06,2.958,2.964,1621698,486025785.00000006,0.0,15,3.044,0
1760889600000,2.995,3.008,2.964,2.977,965756,288466414.0,0.0,15,2.964,0
1760976000000,2.9869999999999997,3.029,2.977,3.02,1688998,508922565.00000006,0.0,15,2.977,0
1761062400000,3.0060000000000002,3.0250000000000004,2.994,3.0090000000000003,1196168,359894720.00000006,0.0,15,3.02,0
1761148800000,2.9939999999999998,3.017,2.96,3.011,1136233,338625840.0,0.0,15,3.009,0
1761235200000,3.013,3.061,3.013,3.0589999999999997,1255652,382068318.0,0.0,15,3.011,0
1761494400000,3.0780000000000003,3.096,3.059,3.0820000000000003,1250831,385373695.0,0.0,15,3.059,0
1761580800000,3.069,3.1069999999999998,3.065,3.0789999999999997,981834,302928350.0,0.0,15,3.082,0
1761667200000,3.074,3.118,3.073,3.118,741912,229683608.0,0.0,15,3.0789999999999997,0
1761753600000,3.11,3.118,3.08,3.086,1123063,347961794.00000006,0.0,15,3.118,0
1761840000000,3.086,3.1279999999999997,3.082,3.089,957202,297317120.0,0.0,15,3.086,0
1762099200000,3.088,3.108,3.052,3.106,1068418,328641502.0,0.0,15,3.089,0
1762185600000,3.108,3.108,3.04,3.06,875491,268507446.0,0.0,15,3.106,0
1762272000000,3.012,3.085,3.012,3.072,839416,256738634.00000003,0.0,15,3.06,0
1762358400000,3.074,3.113,3.072,3.11,715482,221481948.99999997,0.0,15,3.072,0
1762444800000,3.1,3.123,3.083,3.1060000000000003,565947,175764004.0,0.0,15,3.1100000000000003,0
1762704000000,3.121,3.128,3.095,3.113,793672,246834090.0,0.0,15,3.1060000000000003,0
1762790400000,3.117,3.132,3.097,3.105,756492,235540517.0,0.0,15,3.113,0
1762876800000,3.099,3.1060000000000003,3.0580000000000003,3.0850000000000004,575705,177484229.00000003,0.0,15,3.1050000000000004,0
1762963200000,3.077,3.135,3.077,3.13,663926,206709442.0,0.0,15,3.085,0
1763049600000,3.1199999999999997,3.126,3.09,3.09,837956,260872190.00000003,0.0,15,3.13,0
1763308800000,3.0879999999999996,3.106,3.082,3.093,553058,171147326.99999997,0.0,15,3.09,0
1763395200000,3.101,3.101,3.056,3.073,1699366,523035188.0,0.0,15,3.093,0
1763481600000,3.077,3.0820000000000003,3.027,3.0460000000000003,1566437,477440865.00000006,0.0,15,3.073,0
1763568000000,3.059,3.068,3.0220000000000002,3.028,2184318,662942080.0000001,0.0,15,3.0460000000000003,0
1763654400000,2.986,3.012,2.911,2.917,6020493,1780685596.0000002,0.0,15,3.028,0
1763913600000,2.9210000000000003,2.9600000000000004,2.9090000000000003,2.946,3771107,1106666926.0,0.0,15,2.9170000000000003,0
1764000000000,2.9669999999999996,3.01,2.949,2.98,4469896,1337803976.0,0.0,15,2.9459999999999997,0
1764086400000,2.989,3.009,2.973,2.9829999999999997,2650470,794098498.0000001,0.0,15,2.98,0
1764172800000,2.978,3.02,2.978,2.9850000000000003,3104750,933351273.0,0.0,15,2.983,0
1764259200000,2.98,3.024,2.98,3.024,2128140,639273706.0,0.0,15,2.985,0
1764518400000,3.028,3.0460000000000003,3.0220000000000002,3.039,2854240,866370815.0000001,0.0,15,3.024,0
1764604800000,3.032,3.035,3.007,3.015,2353121,709095576.0,0.0,15,3.039,0
1764691200000,3.016,3.0180000000000002,2.978,2.987,3195348,956356532.0,0.0,15,3.015,0
1764777600000,2.989,2.997,2.961,2.989,3278452,977644244.0,0.0,15,2.9869999999999997,0
1764864000000,2.988,3.031,2.964,3.031,4558802,1368781712.0,0.0,15,2.989,0
1765123200000,3.036,3.068,3.036,3.057,4535946,1385155890.0,0.0,15,3.031,0
1765209600000,3.051,3.0660000000000003,3.039,3.0420000000000003,2917596,890450420.0,0.0,15,3.057,0
1765296000000,3.042,3.059,3.02,3.053,3337728,1012910806.0,0.0,15,3.042,0
1765382400000,3.063,3.0650000000000004,3.0180000000000002,3.019,3745447,1138126291.0,0.0,15,3.0530000000000004,0
1765468800000,3.012,3.05,3.008,3.039,5482603,1658122890.0,0.0,15,3.019,0
1765728000000,3.021,3.041,3.011,3.0140000000000002,3378930,1022254746.0,0.0,15,3.039,0
1765814400000,3.008,3.0090000000000003,2.946,2.9650000000000003,4646671,1376655340.0,0.0,15,3.0140000000000002,0
1765900800000,2.9549999999999996,3.014,2.949,3.004,5756857,1709728481.0,0.0,15,2.965,0
1765987200000,2.981,3.028,2.98,2.999,5007250,1508117628.0,0.0,15,3.004,0
1766073600000,3.0,3.035,2.999,3.0220000000000002,5158919,1558965031.0,0.0,15,2.999,0
1766332800000,3.023,3.065,3.023,3.052,4664375,1425035855.0,0.0,15,3.0220000000000002,0
1766419200000,3.0500000000000003,3.071,3.039,3.047,3465369,1057569330.0,0.0,15,3.052,0
1766505600000,3.07,3.101,3.045,3.098,4751269,1465359567.0000002,0.0,15,3.0469999999999997,0
1766592000000,3.099,3.134,3.088,3.126,4978479,1550799858.0,0.0,15,3.098,0
1766678400000,3.126,3.1550000000000002,3.116,3.137,6151679,1931716220.0,0.0,15,3.126,0
1766937600000,3.1310000000000002,3.149,3.12,3.1270000000000002,4376249,1372987550.0,0.0,15,3.137,0
1767024000000,3.1189999999999998,3.151,3.114,3.135,3910070,1226631246.0,0.0,15,3.127,0
1767110400000,3.135,3.142,3.114,3.1319999999999997,4245079,1328491827.0,0.0,15,3.135,0
1767542400000,3.15,3.2,3.14,3.1990000000000003,4350258,1383179657.9999998,0.0,15,3.132,0
1767628800000,3.205,3.246,3.198,3.245,5049008,1628062039.0,0.0,15,3.199,0
1767715200000,3.25,3.274,3.243,3.259,6148371,2003276743.0000002,0.0,15,3.2449999999999997,0
1767801600000,3.252,3.299,3.25,3.286,4395503,1442590777.9999998,0.0,15,3.259,0
1767888000000,3.281,3.365,3.281,3.365,7388947,2467227390.0,0.0,15,3.286,0
1768147200000,3.37,3.471,3.37,3.464,8902267,3049113198.0,0.0,15,3.365,0
1768233600000,3.461,3.468,3.376,3.396,9783907,3335062446.0000005,0.0,15,3.464,0
1768320000000,3.3899999999999997,3.4779999999999998,3.36,3.397,14477400,4962460451.0,0.0,15,3.396,0
1768406400000,3.387,3.408,3.358,3.4010000000000002,4861234,1646440263.0,0.0,15,3.3970000000000002,0
1768492800000,3.401,3.431,3.367,3.397,19351921,6549131255.000001,0.0,15,3.401,0
1768752000000,3.378,3.4250000000000003,3.373,3.4040000000000004,15769538,5368977738.0,0.0,15,3.3970000000000002,0
1768838400000,3.404,3.42,3.338,3.375,13211106,4458106807.0,0.0,15,3.404,0
1768924800000,3.36,3.4210000000000003,3.35,3.392,27047101,9184476621.0,0.0,15,3.375,0
1769011200000,3.398,3.431,3.3930000000000002,3.431,19155205,6536585079.000001,0.0,15,3.3920000000000003,0
1769097600000,3.43,3.5050000000000003,3.43,3.5050000000000003,25619563,8893376067.0,0.0,15,3.431,0
1769356800000,3.503,3.523,3.419,3.446,22030275,7627481317.0,0.0,15,3.505,0
1769443200000,3.4160000000000004,3.4690000000000003,3.373,3.4600000000000004,13336546,4577452610.0,0.0,15,3.446,0
1769529600000,3.456,3.476,3.431,3.461,18795720,6490048457.0,0.0,15,3.46,0
1769616000000,3.443,3.494,3.4250000000000003,3.442,14083318,4866815647.000001,0.0,15,3.4610000000000003,0
1769702400000,3.4200000000000004,3.4390000000000005,3.3240000000000003,3.406,6289885,2128642002.0,0.0,15,3.442,0
1769961600000,3.351,3.394,3.267,3.276,11226190,3725523670.0,0.0,15,3.4059999999999997,0
1770048000000,3.3120000000000003,3.3870000000000005,3.3000000000000003,3.3790000000000004,6115422,2046943502.0,0.0,15,3.2760000000000002,0
1770134400000,3.367,3.391,3.336,3.383,8701732,2921237674.0,0.0,15,3.379,0
1770220800000,3.3510000000000004,3.361,3.3040000000000003,3.3310000000000004,5212269,1734349527.0000002,0.0,15,3.3830000000000005,0
1770307200000,3.294,3.364,3.271,3.3169999999999997,8525120,2839722266.0000005,0.0,15,3.331,0
1770566400000,3.351,3.399,3.351,3.399,5175587,1752765406.0,0.0,15,3.317,0
1770652800000,3.396,3.4090000000000003,3.378,3.398,4235014,1439550260.0000002,0.0,15,3.399,0
1770739200000,3.398,3.426,3.3970000000000002,3.402,5138420,1752096891.0000002,0.0,15,3.398,0
1770825600000,3.398,3.441,3.387,3.432,5860607,2006924260.0,0.0,15,3.402,0
1770912000000,3.412,3.432,3.379,3.385,8445140,2875881634.0,0.0,15,3.432,0
1771862400000,3.419,3.449,3.396,3.4219999999999997,5331527,1826224285.0,0.0,15,3.385,0
1771948800000,3.425,3.481,3.423,3.478,9418863,3263698348.0,0.0,15,3.422,0
1772035200000,3.478,3.5,3.458,3.498,8176745,2844913712.0,0.0,15,3.478,0
1772121600000,3.469,3.532,3.467,3.532,7287681,2559626665.0,0.0,15,3.498,0
1772380800000,3.498,3.5210000000000004,3.458,3.49,8328144,2907460089.0000005,0.0,15,3.532,0
1772467200000,3.49,3.507,3.351,3.3609999999999998,7631166,2604377415.0000005,0.0,15,3.49,0
1772553600000,3.31,3.396,3.31,3.336,7426653,2490651462.0,0.0,15,3.361,0
1772640000000,3.3819999999999997,3.393,3.344,3.367,6375042,2150520870.0000005,0.0,15,3.336,0
1772726400000,3.35,3.411,3.341,3.3960000000000004,5229476,1769281851.9999998,0.0,15,3.367,0
1772985600000,3.345,3.395,3.289,3.3800000000000003,6151581,2051386836.0,0.0,15,3.3960000000000004,0
1773072000000,3.399,3.443,3.399,3.437,5995004,2053339946.0,0.0,15,3.38,0
1773158400000,3.435,3.46,3.434,3.4410000000000003,4290648,1478853131.0,0.0,15,3.4370000000000003,0
1773244800000,3.438,3.456,3.407,3.434,4194760,1439526878.0,0.0,15,3.441,0
1773331200000,3.421,3.443,3.379,3.387,4900474,1673374611.0000002,0.0,15,3.434,0
1773590400000,3.3859999999999997,3.393,3.332,3.383,4530089,1523223710.0,0.0,15,3.387,0
1773676800000,3.3800000000000003,3.39,3.305,3.31,5221825,1745919750.0,0.0,15,3.383,0
1773763200000,3.317,3.3390000000000004,3.2840000000000003,3.334,8134090,2696144711.0,0.0,15,3.31,0
1773849600000,3.284,3.315,3.246,3.264,6388031,2092823999.0,0.0,15,3.334,0
1773936000000,3.2760000000000002,3.295,3.205,3.206,6834019,2224147057.0000005,0.0,15,3.2640000000000002,0
1774195200000,3.1590000000000003,3.1820000000000004,3.0340000000000003,3.06,7604710,2363008720.0,0.0,15,3.2060000000000004,0
1774281600000,3.0989999999999998,3.134,3.037,3.129,6572079,2025614182.0,0.0,15,3.06,0
1774368000000,3.156,3.209,3.144,3.193,6275661,2000924665.0,0.0,15,3.129,0
1774454400000,3.1870000000000003,3.202,3.136,3.144,3460980,1097149939.0,0.0,15,3.193,0
1774540800000,3.093,3.209,3.093,3.192,4269506,1352690007.0,0.0,15,3.144,0
1774800000000,3.156,3.206,3.137,3.199,4905634,1554036183.0000002,0.0,15,3.192,0
1774886400000,3.186,3.214,3.14,3.146,3808925,1209238285.0,0.0,15,3.1990000000000003,0
1774972800000,3.197,3.21,3.17,3.199,3568640,1138201216.0,0.0,15,3.146,0
1775059200000,3.1750000000000003,3.201,3.123,3.145,4538399,1435566044.0,0.0,15,3.1990000000000003,0
1775145600000,3.153,3.16,3.099,3.107,3880622,1211063329.0,0.0,15,3.145,0
1775491200000,3.108,3.1510000000000002,3.108,3.138,3673117,1151368748.0,0.0,15,3.107,0
1775577600000,3.201,3.2790000000000004,3.192,3.2790000000000004,6576695,2129969716.0,0.0,15,3.1380000000000003,0
1775664000000,3.247,3.279,3.245,3.265,5693982,1859425376.0,0.0,15,3.279,0
1775750400000,3.281,3.325,3.281,3.295,2808894,928747041.0000001,0.0,15,3.265,0
1776009600000,3.2769999999999997,3.312,3.275,3.3049999999999997,4022660,1328402364.0000002,0.0,15,3.295,0
1776096000000,3.327,3.358,3.321,3.357,3515408,1172677225.9999998,0.0,15,3.305,0
1776182400000,3.3810000000000002,3.387,3.334,3.341,3280631,1101531908.0,0.0,15,3.357,0
1776268800000,3.3449999999999998,3.399,3.344,3.395,4632871,1564627430.0,0.0,15,3.3409999999999997,0
1776355200000,3.382,3.4410000000000003,3.382,3.434,4886904,1667681059.0000002,0.0,15,3.395,0
1776614400000,3.4299999999999997,3.4579999999999997,3.424,3.443,5977551,2058685447.0000002,0.0,15,3.4339999999999997,0
1776700800000,3.4339999999999997,3.447,3.408,3.44,4864928,1667180880.0,0.0,15,3.443,0
1776787200000,3.427,3.5010000000000003,3.426,3.5010000000000003,5425888,1886526637.0,0.0,15,3.44,0
1776873600000,3.495,3.5060000000000002,3.427,3.455,5732794,1980125646.9999998,0.0,15,3.501,0
1776960000000,3.4299999999999997,3.4539999999999997,3.408,3.429,5571965,1908902260.0000002,0.0,15,3.455,0
1777219200000,3.4299999999999997,3.453,3.408,3.4379999999999997,4860819,1670338662.0,0.0,15,3.429,0
1777305600000,3.415,3.4339999999999997,3.38,3.399,4995702,1699934411.0,0.0,15,3.4379999999999997,0
1777392000000,3.367,3.454,3.366,3.4450000000000003,6824936,2336018056.0,0.0,15,3.399,0
1777478400000,3.443,3.467,3.434,3.4610000000000003,5696324,1965110673.0,0.0,15,3.4450000000000003,0
1777996800000,3.485,3.558,3.485,3.538,11545414,4083625617.0,0.0,15,3.461,0
1778083200000,3.55,3.6,3.54,3.598,4402992,1571956453.0000002,0.0,15,3.5380000000000003,0
1778169600000,3.564,3.617,3.564,3.607,5196370,1868908904.0,0.0,15,3.598,0
1778428800000,3.623,3.6710000000000003,3.615,3.6540000000000004,8290612,3023691727.0000005,0.0,15,3.607,0
1778515200000,3.65,3.6630000000000003,3.616,3.6390000000000002,4629049,1683895236.0,0.0,15,3.654,0
1778601600000,3.6149999999999998,3.705,3.613,3.696,5108553,1872761032.0,0.0,15,3.639,0
1778688000000,3.712,3.7230000000000003,3.6310000000000002,3.633,5889868,2160395952.0,0.0,15,3.696,0
1778774400000,3.641,3.658,3.561,3.588,6714469,2421001203.0,0.0,15,3.633,0
1779033600000,3.561,3.625,3.559,3.605,6293749,2263865123.0,0.0,15,3.588,0
1779120000000,3.597,3.6390000000000002,3.552,3.638,5033604,1808275456.0000002,0.0,15,3.605,0
1779206400000,3.624,3.6430000000000002,3.591,3.6420000000000003,6598923,2385286885.0,0.0,15,3.6380000000000003,0
1779292800000,3.646,3.682,3.511,3.519,7728954,2772341384.9999995,0.0,15,3.6420000000000003,0
1779379200000,3.539,3.607,3.528,3.592,8506522,3039955010.0,0.0,15,3.519,0
1779638400000,3.6,3.637,3.58,3.636,5971809,2158237453.0,0.0,15,3.592,0
1779724800000,3.617,3.617,3.54,3.591,4377705,1565976385.0,0.0,15,3.636,0
1779811200000,3.578,3.614,3.512,3.536,5620836,2006041369.0,0.0,15,3.591,0
1779897600000,3.524,3.581,3.5,3.572,4792493,1692339238.0000002,0.0,15,3.536,0
1779984000000,3.5700000000000003,3.588,3.459,3.477,5978446,2094466187.0,0.0,15,3.572,0
1780243200000,3.467,3.519,3.4530000000000003,3.4560000000000004,8628753,3002638129.0000005,0.0,15,3.4770000000000003,0
1780329600000,3.453,3.49,3.403,3.466,9284822,3205327876.0,0.0,15,3.456,0
1780416000000,3.463,3.534,3.456,3.4819999999999998,8258680,2892833588.0,0.0,15,3.4659999999999997,0
1780502400000,3.4410000000000003,3.4970000000000003,3.4410000000000003,3.486,5898215,2053124416.0000002,0.0,15,3.482,0
1780588800000,3.451,3.518,3.436,3.453,5601351,1944626583.0000002,0.0,15,3.4859999999999998,0
1780848000000,3.41,3.418,3.3080000000000003,3.349,9546081,3222327470.0,0.0,15,3.4530000000000003,0
1780934400000,3.375,3.438,3.351,3.432,8799684,2980475430.9999995,0.0,15,3.349,0
1781020800000,3.395,3.4259999999999997,3.356,3.3979999999999997,5523415,1873462000.0,0.0,15,3.432,0
1781107200000,3.377,3.4059999999999997,3.348,3.377,4550748,1533876002.0,0.0,15,3.3979999999999997,0
1781193600000,3.42,3.4530000000000003,3.39,3.396,3904513,1336062225.0,0.0,15,3.3770000000000002,0
1781452800000,3.424,3.528,3.424,3.528,6624187,2311460879.0,0.0,15,3.396,0
1781539200000,3.538,3.599,3.512,3.587,4721769,1678451245.0000002,0.0,15,3.528,0
1781625600000,3.563,3.6140000000000003,3.5500000000000003,3.6050000000000004,3734413,1339401516.0,0.0,15,3.587,0
1781712000000,3.5869999999999997,3.76,3.585,3.638,3109338,1127658626.0000002,0.0,15,3.605,0
1782057600000,3.655,3.679,3.573,3.679,4064862,1466690471.0000002,0.0,15,3.638,0
1782144000000,3.6500000000000004,3.669,3.575,3.6,4934198,1790048547.0,0.0,15,3.6790000000000003,0
1782230400000,3.5930000000000004,3.6470000000000002,3.5620000000000003,3.6380000000000003,6213466,2244701918.0,0.0,15,3.6,0
1782316800000,3.644,3.6740000000000004,3.619,3.66,4282432,1561108740.0,0.0,15,3.6380000000000003,0
1782403200000,3.6229999999999998,3.644,3.549,3.566,4182701,1501149835.0,0.0,15,3.66,0
1782662400000,3.56,3.597,3.489,3.56,5771952,2041050634.0,0.0,15,3.566,0
1782748800000,3.5450000000000004,3.6550000000000002,3.5420000000000003,3.6510000000000002,3827532,1379825390.0,0.0,15,3.56,0
1782835200000,3.6420000000000003,3.7070000000000003,3.6390000000000002,3.6830000000000003,5081689,1871632319.0,0.0,15,3.6510000000000002,0
1782921600000,3.6330000000000005,3.6730000000000005,3.5700000000000003,3.5980000000000003,4467457,1616358133.0,0.0,15,3.6830000000000003,0
1783008000000,3.596,3.623,3.555,3.581,4222149,1514008596.0,0.0,15,3.5980000000000003,0
1783267200000,3.576,3.603,3.503,3.521,5722803,2025857152.9999998,0.0,15,3.581,0
1783353600000,3.499,3.5260000000000002,3.4330000000000003,3.451,8370924,2893922020.0,0.0,15,3.5210000000000004,0
1783440000000,3.452,3.4619999999999997,3.372,3.376,10939921,3719802489.0,0.0,15,3.451,0
1783526400000,3.3850000000000002,3.447,3.3160000000000003,3.4400000000000004,13157257,4453628917.0,0.0,15,3.3760000000000003,0
1783612800000,3.44,3.499,3.403,3.407,10064434,3497486953.0,0.0,15,3.44,0
1783872000000,3.3729999999999998,3.399,3.227,3.242,18057886,5927633630.0,0.0,15,3.407,0
