time,open,high,low,close,volume,amount,settelementPrice,openInterest,preClose,suspendFlag
1577894400000,0.721,0.729,0.716,0.728,314632,22730467.0,0.0,15,0.714,0
1577980800000,0.73,0.732,0.726,0.731,121263,8850369.0,0.0,15,0.728,0
1578240000000,0.728,0.744,0.725,0.738,199792,14717455.0,0.0,15,0.731,0
1578326400000,0.736,0.75,0.736,0.75,150321,11189727.0,0.0,15,0.738,0
1578412800000,0.745,0.752,0.737,0.741,165642,12348370.0,0.0,15,0.75,0
1578499200000,0.746,0.752,0.745,0.751,227628,17030897.000000004,0.0,15,0.741,0
1578585600000,0.752,0.754,0.746,0.75,199548,14970348.0,0.0,15,0.751,0
1578844800000,0.75,0.76,0.745,0.76,163503,12293158.0,0.0,15,0.75,0
1578931200000,0.762,0.763,0.757,0.758,170124,12939916.0,0.0,15,0.76,0
1579017600000,0.758,0.76,0.744,0.757,166425,12561583.000000002,0.0,15,0.758,0
1579104000000,0.759,0.761,0.756,0.758,208252,15798676.000000002,0.0,15,0.757,0
1579190400000,0.758,0.761,0.753,0.754,291624,22082874.0,0.0,15,0.758,0
1579449600000,0.754,0.765,0.753,0.765,173055,13127979.0,0.0,15,0.754,0
1579536000000,0.765,0.765,0.757,0.757,282967,21525732.999999996,0.0,15,0.765,0
1579622400000,0.754,0.764,0.743,0.762,231938,17490708.000000004,0.0,15,0.757,0
1579708800000,0.759,0.759,0.726,0.735,349906,26152462.0,0.0,15,0.762,0
1580659200000,0.668,0.685,0.662,0.662,177875,11969791.0,0.0,15,0.735,0
1580745600000,0.658,0.6950000000000001,0.658,0.671,178135,11888241.0,0.0,15,0.662,0
1580832000000,0.67,0.7000000000000001,0.67,0.6940000000000001,286671,19750745.0,0.0,15,0.671,0
1580918400000,0.6950000000000001,0.7160000000000001,0.687,0.7130000000000001,206936,14552585.0,0.0,15,0.6940000000000001,0
1581004800000,0.708,0.722,0.708,0.72,220110,15735465.000000002,0.0,15,0.713,0
1581264000000,0.714,0.732,0.714,0.73,196136,14225602.0,0.0,15,0.72,0
1581350400000,0.73,0.731,0.722,0.728,187191,13620337.0,0.0,15,0.73,0
1581436800000,0.727,0.745,0.724,0.745,153984,11347255.0,0.0,15,0.728,0
1581523200000,0.741,0.748,0.738,0.741,198907,14767704.0,0.0,15,0.745,0
1581609600000,0.74,0.751,0.735,0.744,229431,17076582.000000004,0.0,15,0.741,0
1581868800000,0.745,0.773,0.745,0.772,293283,22291889.000000004,0.0,15,0.744,0
1581955200000,0.774,0.792,0.772,0.792,300708,23474383.000000004,0.0,15,0.772,0
1582041600000,0.792,0.795,0.782,0.786,359575,28375818.0,0.0,15,0.792,0
1582128000000,0.785,0.799,0.777,0.798,236265,18629657.0,0.0,15,0.786,0
1582214400000,0.797,0.8180000000000001,0.796,0.8160000000000001,308618,24973875.0,0.0,15,0.798,0
1582473600000,0.8130000000000001,0.8370000000000001,0.812,0.8320000000000001,535015,44285279.0,0.0,15,0.8160000000000001,0
1582560000000,0.8180000000000001,0.8380000000000001,0.794,0.8360000000000001,412366,33884235.0,0.0,15,0.8320000000000001,0
1582646400000,0.8160000000000001,0.8320000000000001,0.806,0.809,264925,21751232.000000004,0.0,15,0.8360000000000001,0
1582732800000,0.812,0.8200000000000001,0.798,0.809,299416,24114310.0,0.0,15,0.809,0
1582819200000,0.789,0.791,0.758,0.759,455588,35131755.0,0.0,15,0.809,0
1583078400000,0.764,0.801,0.761,0.8,380199,29893995.000000004,0.0,15,0.759,0
1583164800000,0.8150000000000001,0.8240000000000001,0.798,0.806,310236,25193387.999999996,0.0,15,0.8,0
1583251200000,0.797,0.812,0.792,0.81,353165,28308249.000000004,0.0,15,0.806,0
1583337600000,0.8210000000000001,0.8250000000000001,0.8140000000000001,0.8240000000000001,272612,22333978.0,0.0,15,0.81,0
1583424000000,0.8150000000000001,0.8250000000000001,0.812,0.8190000000000001,187552,15330485.999999998,0.0,15,0.8240000000000001,0
1583683200000,0.804,0.808,0.785,0.786,186937,14912855.0,0.0,15,0.8190000000000001,0
1583769600000,0.78,0.807,0.764,0.807,191391,15034580.0,0.0,15,0.786,0
1583856000000,0.809,0.8150000000000001,0.795,0.796,169555,13690552.0,0.0,15,0.807,0
1583942400000,0.788,0.8,0.77,0.778,179140,13986682.000000002,0.0,15,0.796,0
1584028800000,0.758,0.781,0.739,0.773,210481,16011006.0,0.0,15,0.778,0
1584288000000,0.776,0.779,0.733,0.735,244226,18403825.0,0.0,15,0.773,0
1584374400000,0.742,0.746,0.71,0.734,468003,34093812.0,0.0,15,0.735,0
1584460800000,0.736,0.752,0.722,0.723,391481,29049763.0,0.0,15,0.734,0
1584547200000,0.717,0.734,0.709,0.73,239671,17309175.0,0.0,15,0.723,0
1584633600000,0.736,0.74,0.725,0.74,191433,14047684.0,0.0,15,0.73,0
1584892800000,0.7200000000000001,0.7260000000000001,0.7020000000000001,0.7070000000000001,188823,13510760.0,0.0,15,0.7400000000000001,0
1584979200000,0.7180000000000001,0.7270000000000001,0.6970000000000001,0.7180000000000001,189944,13534288.0,0.0,15,0.7070000000000001,0
1585065600000,0.731,0.736,0.722,0.735,205311,15015473.000000002,0.0,15,0.718,0
1585152000000,0.725,0.737,0.725,0.729,104328,7643518.0,0.0,15,0.735,0
1585238400000,0.736,0.737,0.722,0.725,123338,9009788.0,0.0,15,0.729,0
1585497600000,0.7200000000000001,0.7210000000000001,0.6980000000000001,0.7050000000000001,186336,13147388.0,0.0,15,0.7250000000000001,0
1585584000000,0.713,0.713,0.704,0.705,187507,13281674.0,0.0,15,0.705,0
1585670400000,0.7050000000000001,0.7140000000000001,0.7020000000000001,0.7030000000000001,186315,13225662.0,0.0,15,0.7050000000000001,0
1585756800000,0.6990000000000001,0.7210000000000001,0.6990000000000001,0.7210000000000001,118964,8443475.0,0.0,15,0.7030000000000001,0
1585843200000,0.721,0.723,0.712,0.716,82891,5953740.0,0.0,15,0.721,0
1586188800000,0.728,0.742,0.727,0.742,184464,13569716.0,0.0,15,0.716,0
1586275200000,0.74,0.747,0.736,0.743,90621,6727155.999999999,0.0,15,0.742,0
1586361600000,0.745,0.755,0.745,0.752,172293,12935485.0,0.0,15,0.743,0
1586448000000,0.754,0.754,0.732,0.74,276610,20429601.0,0.0,15,0.752,0
1586707200000,0.733,0.733,0.723,0.727,170362,12387153.0,0.0,15,0.74,0
1586793600000,0.728,0.741,0.728,0.741,221721,16310632.0,0.0,15,0.727,0
1586880000000,0.741,0.745,0.735,0.735,174389,12933921.000000002,0.0,15,0.741,0
1586966400000,0.735,0.745,0.731,0.743,130346,9618514.0,0.0,15,0.735,0
1587052800000,0.746,0.75,0.742,0.744,125520,9388647.999999998,0.0,15,0.743,0
1587312000000,0.745,0.758,0.745,0.758,212737,15974077.999999998,0.0,15,0.744,0
1587398400000,0.751,0.755,0.745,0.752,135304,10141202.0,0.0,15,0.758,0
1587484800000,0.749,0.76,0.744,0.759,138426,10409063.000000002,0.0,15,0.752,0
1587571200000,0.76,0.762,0.754,0.755,119439,9055686.000000002,0.0,15,0.759,0
1587657600000,0.755,0.755,0.737,0.743,151281,11283872.0,0.0,15,0.755,0
1587916800000,0.742,0.743,0.734,0.737,113178,8390510.0,0.0,15,0.743,0
1588003200000,0.737,0.738,0.705,0.727,188477,13614091.0,0.0,15,0.737,0
1588089600000,0.726,0.732,0.721,0.727,96092,6993307.0,0.0,15,0.727,0
1588176000000,0.728,0.746,0.728,0.745,154707,11460338.0,0.0,15,0.727,0
1588694400000,0.737,0.76,0.737,0.759,150882,11295586.0,0.0,15,0.745,0
1588780800000,0.753,0.764,0.753,0.758,100617,7655421.0,0.0,15,0.759,0
1588867200000,0.76,0.771,0.76,0.768,111554,8562227.0,0.0,15,0.758,0
1589126400000,0.769,0.774,0.762,0.766,87160,6703426.999999999,0.0,15,0.768,0
1589212800000,0.766,0.768,0.757,0.768,145002,11062000.000000002,0.0,15,0.766,0
1589299200000,0.766,0.775,0.763,0.774,89060,6854543.0,0.0,15,0.768,0
1589385600000,0.774,0.775,0.767,0.768,57579,4440978.0,0.0,15,0.774,0
1589472000000,0.769,0.776,0.767,0.772,80213,6191401.0,0.0,15,0.768,0
1589731200000,0.772,0.775,0.765,0.767,90698,7006249.0,0.0,15,0.772,0
1589817600000,0.77,0.779,0.77,0.779,132511,10262446.0,0.0,15,0.767,0
1589904000000,0.779,0.779,0.768,0.773,193361,14932527.0,0.0,15,0.779,0
1589990400000,0.773,0.773,0.758,0.76,153476,11705420.0,0.0,15,0.773,0
1590076800000,0.76,0.76,0.743,0.746,92917,6996889.0,0.0,15,0.76,0
1590336000000,0.745,0.748,0.741,0.746,103826,7723501.0,0.0,15,0.746,0
1590422400000,0.747,0.763,0.746,0.763,136506,10351374.0,0.0,15,0.746,0
1590508800000,0.763,0.764,0.755,0.758,130352,9904015.000000002,0.0,15,0.763,0
1590595200000,0.757,0.76,0.746,0.756,84530,6376553.0,0.0,15,0.758,0
1590681600000,0.752,0.768,0.75,0.765,95008,7266244.0,0.0,15,0.756,0
1590940800000,0.766,0.79,0.761,0.79,140196,10964797.0,0.0,15,0.765,0
1591027200000,0.791,0.794,0.786,0.789,103913,8206348.999999999,0.0,15,0.79,0
1591113600000,0.795,0.795,0.788,0.788,136345,10782595.0,0.0,15,0.789,0
1591200000000,0.789,0.794,0.787,0.793,165339,13073078.0,0.0,15,0.788,0
1591286400000,0.793,0.794,0.784,0.792,97664,7720799.000000001,0.0,15,0.793,0
1591545600000,0.795,0.798,0.79,0.792,126944,10075987.0,0.0,15,0.792,0
1591632000000,0.792,0.797,0.789,0.797,227484,18026897.000000004,0.0,15,0.792,0
1591718400000,0.795,0.796,0.79,0.796,101518,8048188.0,0.0,15,0.797,0
1591804800000,0.796,0.805,0.79,0.794,242209,19274344.0,0.0,15,0.796,0
1591891200000,0.784,0.797,0.778,0.795,123153,9733326.0,0.0,15,0.794,0
1592150400000,0.795,0.805,0.793,0.795,217368,17370196.0,0.0,15,0.795,0
1592236800000,0.797,0.811,0.797,0.811,166473,13414448.000000002,0.0,15,0.795,0
1592323200000,0.81,0.8150000000000001,0.807,0.8140000000000001,190845,15485445.0,0.0,15,0.811,0
1592409600000,0.8140000000000001,0.8140000000000001,0.809,0.812,199991,16221702.0,0.0,15,0.8140000000000001,0
1592496000000,0.812,0.8200000000000001,0.811,0.8190000000000001,245648,20017054.0,0.0,15,0.812,0
1592755200000,0.8210000000000001,0.8250000000000001,0.8200000000000001,0.8230000000000001,106236,8737645.0,0.0,15,0.8190000000000001,0
1592841600000,0.8250000000000001,0.8250000000000001,0.8190000000000001,0.8250000000000001,233146,19175793.0,0.0,15,0.8230000000000001,0
1592928000000,0.8250000000000001,0.8270000000000001,0.8190000000000001,0.8220000000000001,122876,10100562.000000002,0.0,15,0.8250000000000001,0
1593360000000,0.8230000000000001,0.8230000000000001,0.8160000000000001,0.8210000000000001,81681,6693793.0,0.0,15,0.8220000000000001,0
1593446400000,0.8210000000000001,0.8350000000000001,0.8210000000000001,0.8330000000000001,96912,8054669.000000001,0.0,15,0.8210000000000001,0
1593532800000,0.8350000000000001,0.8400000000000001,0.8280000000000001,0.8380000000000001,134604,11250209.0,0.0,15,0.8330000000000001,0
1593619200000,0.838,0.848,0.835,0.848,155209,13111282.0,0.0,15,0.838,0
1593705600000,0.849,0.859,0.845,0.859,242448,20626376.0,0.0,15,0.848,0
1593964800000,0.868,0.9,0.863,0.895,275722,24273077.0,0.0,15,0.859,0
1594051200000,0.905,0.92,0.896,0.906,220382,20017019.0,0.0,15,0.895,0
1594137600000,0.898,0.926,0.898,0.924,183823,16818766.0,0.0,15,0.906,0
1594224000000,0.928,0.9570000000000001,0.925,0.9560000000000001,388052,36641716.0,0.0,15,0.924,0
1594310400000,0.9490000000000001,0.9640000000000001,0.9460000000000001,0.9530000000000001,267227,25537758.000000004,0.0,15,0.9560000000000001,0
1594569600000,0.9450000000000001,1.0,0.9450000000000001,0.9990000000000001,291016,28301009.0,0.0,15,0.9530000000000001,0
1594656000000,0.995,0.996,0.961,0.984,329093,32354075.0,0.0,15,0.999,0
1594742400000,0.9730000000000001,0.9960000000000001,0.9440000000000001,0.9510000000000001,254710,24490956.0,0.0,15,0.9840000000000001,0
1594828800000,0.9470000000000001,0.9590000000000001,0.9,0.904,221946,20715981.0,0.0,15,0.9510000000000001,0
1594915200000,0.904,0.925,0.895,0.909,238464,21655041.0,0.0,15,0.904,0
1595174400000,0.915,0.9390000000000001,0.908,0.9390000000000001,224231,20711005.0,0.0,15,0.909,0
1595260800000,0.9410000000000001,0.9500000000000001,0.937,0.9460000000000001,155016,14634958.0,0.0,15,0.9390000000000001,0
1595347200000,0.9460000000000001,0.9640000000000001,0.9420000000000001,0.9560000000000001,160505,15326691.0,0.0,15,0.9460000000000001,0
1595433600000,0.9460000000000001,0.9570000000000001,0.929,0.9550000000000001,158472,14981566.0,0.0,15,0.9560000000000001,0
1595520000000,0.9500000000000001,0.9590000000000001,0.907,0.91,175237,16391893.0,0.0,15,0.9550000000000001,0
1595779200000,0.906,0.918,0.901,0.911,134217,12225039.000000002,0.0,15,0.91,0
1595865600000,0.915,0.925,0.913,0.921,147196,13536463.0,0.0,15,0.911,0
1595952000000,0.92,0.9510000000000001,0.916,0.9500000000000001,151802,14226451.0,0.0,15,0.921,0
1596038400000,0.9520000000000001,0.9550000000000001,0.9430000000000001,0.9470000000000001,130079,12343549.0,0.0,15,0.9500000000000001,0
1596124800000,0.9470000000000001,0.9640000000000001,0.9390000000000001,0.9630000000000001,158026,15080178.0,0.0,15,0.9470000000000001,0
1596384000000,0.968,0.996,0.968,0.995,174586,17174426.000000004,0.0,15,0.963,0
1596470400000,1.0,1.006,0.983,0.99,331578,32933030.000000004,0.0,15,0.995,0
1596556800000,0.988,1.0,0.979,0.998,169598,16853900.0,0.0,15,0.99,0
1596643200000,1.006,1.006,0.982,1.004,252235,25106958.0,0.0,15,0.998,0
1596729600000,1.0,1.0,0.97,0.988,312896,30705192.0,0.0,15,1.004,0
1596988800000,0.983,0.999,0.98,0.993,170200,16873339.0,0.0,15,0.988,0
1597075200000,0.993,0.995,0.968,0.97,183759,18077642.000000004,0.0,15,0.993,0
1597161600000,0.9700000000000001,0.9700000000000001,0.931,0.9540000000000001,152994,14483040.0,0.0,15,0.9700000000000001,0
1597248000000,0.9540000000000001,0.9640000000000001,0.9540000000000001,0.9580000000000001,103830,9961382.0,0.0,15,0.9540000000000001,0
1597334400000,0.9590000000000001,0.9720000000000001,0.9510000000000001,0.9720000000000001,104167,10048276.0,0.0,15,0.9580000000000001,0
1597593600000,0.972,0.995,0.971,0.993,192473,18977800.0,0.0,15,0.972,0
1597680000000,0.996,1.003,0.992,1.003,149023,14885868.999999998,0.0,15,0.993,0
1597766400000,1.002,1.002,0.98,0.984,129904,12871995.0,0.0,15,1.003,0
1597852800000,0.983,0.983,0.965,0.969,110221,10717979.0,0.0,15,0.984,0
1597939200000,0.972,0.983,0.97,0.978,382689,37441792.0,0.0,15,0.969,0
1598198400000,0.98,0.993,0.97,0.989,425458,41845022.0,0.0,15,0.978,0
1598284800000,0.993,0.998,0.986,0.99,135783,13482371.000000002,0.0,15,0.989,0
1598371200000,0.989,0.989,0.961,0.964,142322,13847575.0,0.0,15,0.99,0
1598457600000,0.968,0.978,0.96,0.977,152707,14835752.0,0.0,15,0.964,0
1598544000000,0.974,0.991,0.971,0.991,183319,17995284.000000004,0.0,15,0.977,0
1598803200000,0.996,1.003,0.991,0.991,194381,19382042.0,0.0,15,0.991,0
1598889600000,0.993,0.997,0.986,0.997,133227,13215295.0,0.0,15,0.991,0
1598976000000,0.998,1.004,0.99,1.001,168691,16838448.0,0.0,15,0.997,0
1599062400000,1.001,1.002,0.986,0.99,109722,10924698.000000002,0.0,15,1.001,0
1599148800000,0.982,0.99,0.973,0.99,135302,13277150.0,0.0,15,0.99,0
1599408000000,0.988,0.997,0.968,0.971,132009,13009273.000000002,0.0,15,0.99,0
1599494400000,0.97,0.98,0.963,0.98,137694,13382205.000000002,0.0,15,0.971,0
1599580800000,0.9750000000000001,0.9750000000000001,0.9460000000000001,0.9480000000000001,168835,16206486.0,0.0,15,0.9800000000000001,0
1599667200000,0.9530000000000001,0.9550000000000001,0.912,0.917,146220,13649124.0,0.0,15,0.9480000000000001,0
1599753600000,0.912,0.932,0.911,0.931,137642,12683209.999999998,0.0,15,0.917,0
1600012800000,0.934,0.9490000000000001,0.931,0.9430000000000001,96591,9110671.000000002,0.0,15,0.931,0
1600099200000,0.9440000000000001,0.9510000000000001,0.9410000000000001,0.9500000000000001,129438,12234524.000000002,0.0,15,0.9430000000000001,0
1600185600000,0.9500000000000001,0.9500000000000001,0.936,0.9420000000000001,122557,11544258.0,0.0,15,0.9500000000000001,0
1600272000000,0.9420000000000001,0.9540000000000001,0.934,0.9470000000000001,277260,26186792.0,0.0,15,0.9420000000000001,0
1600358400000,0.9480000000000001,0.9630000000000001,0.9460000000000001,0.9630000000000001,144749,13791505.999999998,0.0,15,0.9470000000000001,0
1600617600000,0.963,0.968,0.96,0.963,134476,12957236.0,0.0,15,0.963,0
1600704000000,0.9570000000000001,0.9620000000000001,0.9420000000000001,0.9440000000000001,305981,29126832.999999996,0.0,15,0.9630000000000001,0
1600790400000,0.9460000000000001,0.9560000000000001,0.9400000000000001,0.9540000000000001,272239,25857623.000000004,0.0,15,0.9440000000000001,0
1600876800000,0.9490000000000001,0.9490000000000001,0.927,0.929,630298,58968120.0,0.0,15,0.9540000000000001,0
1600963200000,0.93,0.9470000000000001,0.918,0.924,522537,48393736.0,0.0,15,0.929,0
1601222400000,0.922,0.925,0.911,0.913,202737,18625003.0,0.0,15,0.924,0
1601308800000,0.912,0.926,0.912,0.922,271182,25002978.000000004,0.0,15,0.913,0
1601395200000,0.922,0.926,0.912,0.917,907368,83505442.0,0.0,15,0.922,0
1602172800000,0.926,0.9470000000000001,0.926,0.9440000000000001,1015478,95674013.00000001,0.0,15,0.917,0
1602432000000,0.9450000000000001,0.9780000000000001,0.9450000000000001,0.9770000000000001,608646,58909855.99999999,0.0,15,0.9440000000000001,0
1602518400000,0.978,0.982,0.969,0.981,464789,45268560.0,0.0,15,0.977,0
1602604800000,0.981,0.981,0.969,0.971,197873,19241623.0,0.0,15,0.981,0
1602691200000,0.971,0.973,0.963,0.963,91314,8840776.0,0.0,15,0.971,0
1602777600000,0.9640000000000001,0.9720000000000001,0.9510000000000001,0.9610000000000001,138643,13282815.0,0.0,15,0.9630000000000001,0
1603036800000,0.9640000000000001,0.9670000000000001,0.9510000000000001,0.9540000000000001,200705,19269301.0,0.0,15,0.9610000000000001,0
1603123200000,0.9540000000000001,0.9650000000000001,0.9450000000000001,0.9650000000000001,234263,22417902.0,0.0,15,0.9540000000000001,0
1603209600000,0.9650000000000001,0.9660000000000001,0.9450000000000001,0.9510000000000001,255749,24369194.999999996,0.0,15,0.9650000000000001,0
1603296000000,0.9520000000000001,0.9520000000000001,0.935,0.9450000000000001,217059,20477698.0,0.0,15,0.9510000000000001,0
1603382400000,0.9450000000000001,0.9500000000000001,0.923,0.928,241515,22701384.0,0.0,15,0.9450000000000001,0
1603641600000,0.928,0.93,0.911,0.927,252211,23237356.0,0.0,15,0.928,0
1603728000000,0.922,0.934,0.922,0.934,261013,24238448.000000004,0.0,15,0.927,0
1603814400000,0.934,0.935,0.917,0.933,287320,26633078.0,0.0,15,0.934,0
1603900800000,0.916,0.936,0.915,0.934,244166,22719776.0,0.0,15,0.933,0
1603987200000,0.935,0.936,0.909,0.91,253362,23435334.0,0.0,15,0.934,0
1604246400000,0.92,0.92,0.903,0.91,259358,23545680.000000004,0.0,15,0.91,0
1604332800000,0.911,0.931,0.911,0.93,347141,32060567.000000004,0.0,15,0.91,0
1604419200000,0.933,0.934,0.919,0.925,316576,29281569.0,0.0,15,0.93,0
1604505600000,0.93,0.9450000000000001,0.93,0.9430000000000001,297502,27863088.0,0.0,15,0.925,0
1604592000000,0.9410000000000001,0.9460000000000001,0.928,0.935,347331,32509861.0,0.0,15,0.9430000000000001,0
1604851200000,0.9390000000000001,0.9620000000000001,0.9390000000000001,0.9580000000000001,381355,36340699.00000001,0.0,15,0.935,0
1604937600000,0.9620000000000001,0.9620000000000001,0.9430000000000001,0.9480000000000001,317703,30215551.000000004,0.0,15,0.9580000000000001,0
1605024000000,0.9490000000000001,0.9490000000000001,0.932,0.932,313113,29432327.0,0.0,15,0.9480000000000001,0
1605110400000,0.931,0.9400000000000001,0.931,0.935,294889,27591484.000000004,0.0,15,0.932,0
1605196800000,0.934,0.9400000000000001,0.928,0.937,311693,29110545.0,0.0,15,0.935,0
1605456000000,0.9380000000000001,0.9490000000000001,0.935,0.9490000000000001,280868,26513440.999999996,0.0,15,0.937,0
1605542400000,0.9460000000000001,0.9470000000000001,0.931,0.937,350705,32852697.0,0.0,15,0.9490000000000001,0
1605628800000,0.9380000000000001,0.9440000000000001,0.934,0.9390000000000001,289637,27177825.0,0.0,15,0.937,0
1605715200000,0.934,0.9450000000000001,0.931,0.9440000000000001,278575,26189249.0,0.0,15,0.9390000000000001,0
1605801600000,0.9440000000000001,0.9530000000000001,0.9400000000000001,0.9510000000000001,350079,33193925.0,0.0,15,0.9440000000000001,0
1606060800000,0.9510000000000001,0.9610000000000001,0.9460000000000001,0.9590000000000001,391089,37353217.0,0.0,15,0.9510000000000001,0
1606147200000,0.9590000000000001,0.9590000000000001,0.9540000000000001,0.9550000000000001,276334,26421675.0,0.0,15,0.9590000000000001,0
1606233600000,0.9560000000000001,0.9580000000000001,0.9400000000000001,0.9400000000000001,273592,25935657.999999996,0.0,15,0.9550000000000001,0
1606320000000,0.9400000000000001,0.9420000000000001,0.928,0.933,352244,32896531.000000004,0.0,15,0.9400000000000001,0
1606406400000,0.934,0.936,0.925,0.936,261968,24367756.000000004,0.0,15,0.933,0
1606665600000,0.935,0.9390000000000001,0.926,0.931,315355,29465486.0,0.0,15,0.936,0
1606752000000,0.931,0.9450000000000001,0.926,0.9450000000000001,303136,28429779.0,0.0,15,0.931,0
1606838400000,0.9450000000000001,0.9480000000000001,0.9410000000000001,0.9460000000000001,283077,26733937.0,0.0,15,0.9450000000000001,0
1606924800000,0.9430000000000001,0.9480000000000001,0.9380000000000001,0.9440000000000001,227811,21491921.0,0.0,15,0.9460000000000001,0
1607011200000,0.9430000000000001,0.9530000000000001,0.9400000000000001,0.9520000000000001,324281,30718933.0,0.0,15,0.9440000000000001,0
1607270400000,0.9540000000000001,0.9540000000000001,0.9470000000000001,0.9490000000000001,231037,21976923.0,0.0,15,0.9520000000000001,0
1607356800000,0.9500000000000001,0.9510000000000001,0.9460000000000001,0.9470000000000001,296477,28110694.000000004,0.0,15,0.9490000000000001,0
1607443200000,0.9470000000000001,0.9470000000000001,0.929,0.931,207959,19572690.0,0.0,15,0.9470000000000001,0
1607529600000,0.931,0.936,0.924,0.931,254013,23569662.0,0.0,15,0.931,0
1607616000000,0.93,0.933,0.909,0.918,293932,27046907.0,0.0,15,0.931,0
1607875200000,0.916,0.928,0.91,0.926,337949,31139752.000000004,0.0,15,0.918,0
1607961600000,0.925,0.93,0.923,0.929,213249,19754220.0,0.0,15,0.926,0
1608048000000,0.926,0.929,0.92,0.92,180078,16632561.000000002,0.0,15,0.929,0
1608134400000,0.92,0.932,0.912,0.93,270102,24883328.0,0.0,15,0.92,0
1608220800000,0.929,0.934,0.925,0.928,288850,26859051.0,0.0,15,0.93,0
1608480000000,0.928,0.9450000000000001,0.926,0.9440000000000001,355524,33400828.0,0.0,15,0.928,0
1608566400000,0.9440000000000001,0.9440000000000001,0.925,0.926,555244,52089533.00000001,0.0,15,0.9440000000000001,0
1608652800000,0.9400000000000001,0.9400000000000001,0.924,0.932,726410,67569146.0,0.0,15,0.926,0
1608739200000,0.932,0.932,0.917,0.921,480584,44357943.0,0.0,15,0.932,0
1608825600000,0.922,0.929,0.913,0.925,1316440,121261208.0,0.0,15,0.921,0
1609084800000,0.923,0.926,0.915,0.922,288416,26543055.0,0.0,15,0.925,0
1609171200000,0.921,0.927,0.915,0.917,294570,27099182.0,0.0,15,0.922,0
1609257600000,0.916,0.922,0.911,0.919,300984,27665510.999999996,0.0,15,0.917,0
1609344000000,0.924,0.9390000000000001,0.921,0.9380000000000001,918339,85482633.00000001,0.0,15,0.919,0
1609689600000,0.9400000000000001,0.9590000000000001,0.9380000000000001,0.9560000000000001,1121520,106470263.99999999,0.0,15,0.9380000000000001,0
1609776000000,0.9540000000000001,0.9610000000000001,0.9470000000000001,0.9580000000000001,681448,65130285.0,0.0,15,0.9560000000000001,0
1609862400000,0.9530000000000001,0.9600000000000001,0.9410000000000001,0.9480000000000001,522011,49483597.0,0.0,15,0.9580000000000001,0
1609948800000,0.9480000000000001,0.9480000000000001,0.924,0.933,615050,57483255.00000001,0.0,15,0.9480000000000001,0
1610035200000,0.932,0.9400000000000001,0.921,0.928,480410,44772629.0,0.0,15,0.933,0
1610294400000,0.922,0.929,0.908,0.912,525832,48343135.0,0.0,15,0.928,0
1610380800000,0.912,0.931,0.906,0.93,528629,48674430.0,0.0,15,0.912,0
1610467200000,0.93,0.931,0.914,0.919,417380,38404494.0,0.0,15,0.93,0
1610553600000,0.919,0.928,0.908,0.918,982211,90443539.0,0.0,15,0.919,0
1610640000000,0.918,0.925,0.908,0.923,662186,60746587.00000001,0.0,15,0.918,0
1610899200000,0.92,0.9450000000000001,0.919,0.9430000000000001,638562,59621178.0,0.0,15,0.923,0
1610985600000,0.9470000000000001,0.9480000000000001,0.931,0.934,614205,57628859.00000001,0.0,15,0.9430000000000001,0
1611072000000,0.9380000000000001,0.9410000000000001,0.93,0.9390000000000001,556050,52022104.00000001,0.0,15,0.934,0
1611158400000,0.936,0.9550000000000001,0.936,0.9500000000000001,576805,54667433.00000001,0.0,15,0.9390000000000001,0
1611244800000,0.9510000000000001,0.9510000000000001,0.9400000000000001,0.9480000000000001,564176,53328928.00000001,0.0,15,0.9500000000000001,0
1611504000000,0.9500000000000001,0.9500000000000001,0.937,0.9380000000000001,454886,42911819.0,0.0,15,0.9480000000000001,0
1611590400000,0.935,0.9390000000000001,0.923,0.925,414508,38498443.99999999,0.0,15,0.9380000000000001,0
1611676800000,0.925,0.926,0.912,0.924,457195,42046071.0,0.0,15,0.925,0
1611763200000,0.916,0.927,0.906,0.906,730511,66906564.99999999,0.0,15,0.924,0
1611849600000,0.912,0.914,0.881,0.893,644754,57831708.0,0.0,15,0.906,0
1612108800000,0.893,0.9,0.889,0.899,325107,29081660.0,0.0,15,0.893,0
1612195200000,0.901,0.907,0.892,0.907,496004,44665501.0,0.0,15,0.899,0
1612281600000,0.907,0.908,0.892,0.893,389257,35020739.0,0.0,15,0.907,0
1612368000000,0.888,0.89,0.861,0.874,680981,59468763.0,0.0,15,0.893,0
1612454400000,0.873,0.879,0.857,0.858,593885,51631003.0,0.0,15,0.874,0
1612713600000,0.8600000000000001,0.8680000000000001,0.8,0.8620000000000001,611637,52471378.00000001,0.0,15,0.8580000000000001,0
1612800000000,0.862,0.89,0.861,0.889,845504,74347853.00000001,0.0,15,0.862,0
1612886400000,0.89,0.895,0.883,0.894,739973,65766132.00000001,0.0,15,0.889,0
1613577600000,0.908,0.915,0.901,0.913,924546,84093353.00000001,0.0,15,0.894,0
1613664000000,0.912,0.93,0.904,0.929,913034,83692314.0,0.0,15,0.913,0
1613923200000,0.936,0.9470000000000001,0.925,0.93,2166180,203273556.0,0.0,15,0.929,0
1614009600000,0.916,0.929,0.912,0.92,1294664,118958562.0,0.0,15,0.93,0
1614096000000,0.915,0.928,0.904,0.914,1455792,133550681.00000001,0.0,15,0.92,0
1614182400000,0.922,0.923,0.905,0.91,888580,80881443.0,0.0,15,0.914,0
1614268800000,0.899,0.905,0.891,0.896,889542,79887135.00000001,0.0,15,0.91,0
1614528000000,0.897,0.921,0.897,0.92,1174464,107524103.99999999,0.0,15,0.896,0
1614614400000,0.925,0.926,0.91,0.92,1367848,125636886.0,0.0,15,0.92,0
1614700800000,0.919,0.931,0.914,0.931,1007412,92853113.0,0.0,15,0.92,0
1614787200000,0.921,0.928,0.91,0.916,1884747,172949532.0,0.0,15,0.931,0
1614873600000,0.906,0.92,0.902,0.917,1098252,100003346.0,0.0,15,0.916,0
1615132800000,0.924,0.925,0.893,0.894,1065007,97082023.00000001,0.0,15,0.917,0
1615219200000,0.89,0.895,0.854,0.869,1168479,102076362.00000001,0.0,15,0.894,0
1615305600000,0.873,0.878,0.859,0.859,831665,71949499.0,0.0,15,0.869,0
1615392000000,0.86,0.884,0.857,0.883,969799,84650446.0,0.0,15,0.859,0
1615478400000,0.885,0.886,0.872,0.885,828329,72722460.00000001,0.0,15,0.883,0
1615737600000,0.88,0.885,0.868,0.876,1077756,94554336.0,0.0,15,0.885,0
1615824000000,0.877,0.886,0.87,0.886,1058271,93005645.0,0.0,15,0.876,0
1615910400000,0.884,0.891,0.875,0.889,952675,84292860.0,0.0,15,0.886,0
1615996800000,0.884,0.896,0.884,0.89,1054450,93977498.0,0.0,15,0.889,0
1616083200000,0.882,0.894,0.879,0.888,1186416,105314272.0,0.0,15,0.89,0
1616342400000,0.885,0.904,0.885,0.903,1180097,105845486.0,0.0,15,0.888,0
1616428800000,0.903,0.906,0.888,0.895,1234211,110622481.0,0.0,15,0.903,0
1616515200000,0.887,0.891,0.875,0.876,1028480,90729533.0,0.0,15,0.895,0
1616601600000,0.875,0.885,0.869,0.878,1459562,128038040.00000001,0.0,15,0.876,0
1616688000000,0.879,0.896,0.879,0.893,1319444,117245381.0,0.0,15,0.878,0
1616947200000,0.888,0.903,0.888,0.895,956992,85929880.0,0.0,15,0.893,0
1617033600000,0.894,0.896,0.888,0.894,855318,76338321.0,0.0,15,0.895,0
1617120000000,0.891,0.895,0.887,0.894,937475,83581165.00000001,0.0,15,0.894,0
1617206400000,0.893,0.902,0.892,0.899,931975,83573464.0,0.0,15,0.894,0
1617292800000,0.903,0.904,0.898,0.9,896822,80844034.0,0.0,15,0.899,0
1617638400000,0.902,0.912,0.901,0.911,1383768,125604734.0,0.0,15,0.9,0
1617724800000,0.912,0.912,0.903,0.911,1301331,118074085.00000001,0.0,15,0.911,0
1617811200000,0.911,0.912,0.905,0.909,1268177,115266445.00000001,0.0,15,0.911,0
1617897600000,0.906,0.91,0.904,0.91,1697681,154107757.0,0.0,15,0.909,0
1618156800000,0.909,0.91,0.887,0.888,1349099,120991110.0,0.0,15,0.91,0
1618243200000,0.888,0.892,0.881,0.885,1293980,114635716.0,0.0,15,0.888,0
1618329600000,0.885,0.898,0.883,0.897,1284988,114414568.0,0.0,15,0.885,0
1618416000000,0.896,0.896,0.887,0.895,983513,87634968.0,0.0,15,0.897,0
1618502400000,0.896,0.908,0.894,0.907,1175521,106052891.0,0.0,15,0.895,0
1618761600000,0.906,0.922,0.903,0.918,1481411,135635543.0,0.0,15,0.907,0
1618848000000,0.918,0.924,0.87,0.916,1393956,128204965.00000001,0.0,15,0.918,0
1618934400000,0.909,0.919,0.908,0.917,1248138,114161211.99999999,0.0,15,0.916,0
1619020800000,0.917,0.922,0.917,0.921,1087009,100008173.0,0.0,15,0.917,0
1619107200000,0.922,0.922,0.913,0.918,1201407,110171935.99999999,0.0,15,0.921,0
1619366400000,0.918,0.928,0.912,0.912,1170766,107847118.00000001,0.0,15,0.918,0
1619452800000,0.911,0.916,0.901,0.91,1231166,111717351.0,0.0,15,0.912,0
1619539200000,0.906,0.916,0.905,0.915,1272732,116063845.0,0.0,15,0.91,0
1619625600000,0.916,0.918,0.911,0.911,1220708,111610010.0,0.0,15,0.915,0
1619712000000,0.912,0.912,0.903,0.909,1180436,107194926.0,0.0,15,0.911,0
1620230400000,0.904,0.914,0.904,0.912,1326935,120730618.0,0.0,15,0.909,0
1620316800000,0.912,0.913,0.901,0.902,1334902,121162758.0,0.0,15,0.912,0
1620576000000,0.902,0.904,0.897,0.902,1405543,126621734.00000001,0.0,15,0.902,0
1620662400000,0.896,0.905,0.888,0.902,1545757,138704896.0,0.0,15,0.902,0
1620748800000,0.899,0.92,0.898,0.918,1311293,118934026.00000001,0.0,15,0.902,0
1620835200000,0.91,0.917,0.907,0.909,1195401,109029951.0,0.0,15,0.918,0
1620921600000,0.912,0.927,0.909,0.926,1342613,123063662.0,0.0,15,0.909,0
1621180800000,0.924,0.928,0.917,0.92,1265380,116584825.00000001,0.0,15,0.926,0
1621267200000,0.918,0.926,0.916,0.926,1261794,116162552.00000001,0.0,15,0.92,0
1621353600000,0.923,0.927,0.921,0.924,1134253,104862568.0,0.0,15,0.926,0
1621440000000,0.924,0.929,0.92,0.925,1047387,96792479.0,0.0,15,0.924,0
1621526400000,0.925,0.93,0.923,0.928,1154447,106970259.00000001,0.0,15,0.925,0
1621785600000,0.925,0.935,0.924,0.935,1104533,102594748.00000001,0.0,15,0.928,0
1621872000000,0.935,0.9480000000000001,0.934,0.9450000000000001,954781,89879972.00000001,0.0,15,0.935,0
1621958400000,0.9450000000000001,0.9540000000000001,0.9440000000000001,0.9500000000000001,1158372,110090842.0,0.0,15,0.9450000000000001,0
1622044800000,0.9490000000000001,0.9610000000000001,0.9480000000000001,0.9610000000000001,1396013,133642423.99999999,0.0,15,0.9500000000000001,0
1622131200000,0.9620000000000001,0.9660000000000001,0.9530000000000001,0.9560000000000001,1482855,142483428.0,0.0,15,0.9610000000000001,0
1622390400000,0.9580000000000001,0.9770000000000001,0.9560000000000001,0.9770000000000001,1366398,132301176.00000001,0.0,15,0.9560000000000001,0
1622476800000,0.977,0.981,0.971,0.98,1280195,125078279.0,0.0,15,0.977,0
1622563200000,0.979,0.981,0.965,0.967,1590816,154871259.0,0.0,15,0.98,0
1622649600000,0.966,0.977,0.964,0.967,1285237,124831958.00000001,0.0,15,0.967,0
1622736000000,0.9630000000000001,0.9760000000000001,0.9580000000000001,0.9730000000000001,1193073,115822089.0,0.0,15,0.9670000000000001,0
1622995200000,0.975,0.987,0.974,0.987,1372119,134784586.00000003,0.0,15,0.973,0
1623081600000,0.987,0.99,0.971,0.98,1427533,140065238.0,0.0,15,0.987,0
1623168000000,0.975,0.981,0.974,0.979,1310595,128113719.0,0.0,15,0.98,0
1623254400000,0.98,0.996,0.977,0.994,1991695,196530361.0,0.0,15,0.979,0
1623340800000,0.994,0.998,0.983,0.987,1700617,168163703.0,0.0,15,0.994,0
1623686400000,0.981,0.986,0.977,0.98,1803864,177295171.0,0.0,15,0.987,0
1623772800000,0.9780000000000001,0.9790000000000001,0.9590000000000001,0.9620000000000001,1539493,148901722.99999997,0.0,15,0.9800000000000001,0
1623859200000,0.9590000000000001,0.9780000000000001,0.9590000000000001,0.9770000000000001,1338541,129687247.0,0.0,15,0.9620000000000001,0
1623945600000,0.973,0.991,0.973,0.987,1571608,154527756.0,0.0,15,0.977,0
1624204800000,0.987,1.008,0.985,1.007,2331833,233126977.00000003,0.0,15,0.987,0
1624291200000,1.01,1.013,1.0,1.006,1702373,171004162.0,0.0,15,1.007,0
1624377600000,1.008,1.0190000000000001,1.0030000000000001,1.018,1359635,137303979.99999997,0.0,15,1.006,0
1624464000000,1.017,1.017,1.002,1.004,1769523,178229663.0,0.0,15,1.018,0
1624550400000,1.005,1.013,1.0,1.009,1423602,143217694.0,0.0,15,1.004,0
1624809600000,1.0110000000000001,1.0230000000000001,1.0070000000000001,1.0170000000000001,1660420,169139827.0,0.0,15,1.0090000000000001,0
1624896000000,1.016,1.0210000000000001,1.0070000000000001,1.0090000000000001,1386632,140595647.00000003,0.0,15,1.0170000000000001,0
1624982400000,1.008,1.022,0.993,1.022,1502557,152789007.0,0.0,15,1.009,0
1625068800000,1.022,1.0290000000000001,1.0030000000000001,1.0050000000000001,1191988,120977044.0,0.0,15,1.022,0
1625155200000,1.0,1.004,0.982,0.995,1936656,193582382.0,0.0,15,1.005,0
1625414400000,0.991,1.014,0.991,1.014,1559327,156634474.0,0.0,15,0.995,0
1625500800000,1.013,1.018,0.994,1.009,2150740,216862121.00000003,0.0,15,1.014,0
1625587200000,1.002,1.025,0.998,1.025,1603809,162409217.0,0.0,15,1.009,0
1625673600000,1.0250000000000001,1.032,1.0230000000000001,1.028,1673130,171937080.00000003,0.0,15,1.0250000000000001,0
1625760000000,1.0270000000000001,1.0370000000000001,1.0130000000000001,1.032,1723469,176445422.0,0.0,15,1.028,0
1626019200000,1.035,1.0559999999999998,1.035,1.0519999999999998,1679653,176049524.0,0.0,15,1.032,0
1626105600000,1.055,1.061,1.05,1.06,1880056,198394961.0,0.0,15,1.052,0
1626192000000,1.062,1.063,1.044,1.046,2288086,240609634.00000003,0.0,15,1.06,0
1626278400000,1.041,1.046,1.026,1.043,2128384,220883267.0,0.0,15,1.046,0
1626364800000,1.043,1.058,1.038,1.044,2033104,213297440.0,0.0,15,1.043,0
1626624000000,1.039,1.048,1.036,1.043,1839159,191770189.00000003,0.0,15,1.044,0
1626710400000,1.032,1.052,1.032,1.051,1634513,170444569.0,0.0,15,1.043,0
1626796800000,1.0519999999999998,1.0739999999999998,1.051,1.0699999999999998,1853627,197421224.0,0.0,15,1.051,0
1626883200000,1.0719999999999998,1.079,1.063,1.075,1426729,152808239.0,0.0,15,1.0699999999999998,0
1626969600000,1.076,1.081,1.064,1.069,1618358,173609649.0,0.0,15,1.075,0
1627228800000,1.067,1.072,1.032,1.055,2144552,226553706.0,0.0,15,1.069,0
1627315200000,1.056,1.0670000000000002,1.0230000000000001,1.0250000000000001,2460532,258387755.0,0.0,15,1.0550000000000002,0
1627401600000,1.024,1.024,0.978,1.005,2138274,214828848.0,0.0,15,1.025,0
1627488000000,1.0130000000000001,1.0490000000000002,1.0110000000000001,1.044,2082209,215098020.0,0.0,15,1.0050000000000001,0
1627574400000,1.0439999999999998,1.0579999999999998,1.035,1.055,2034228,212799916.0,0.0,15,1.0439999999999998,0
1627833600000,1.052,1.079,1.05,1.078,1774131,188251659.0,0.0,15,1.055,0
1627920000000,1.071,1.076,1.054,1.057,1894294,202130235.0,0.0,15,1.078,0
1628006400000,1.054,1.086,1.05,1.084,1675010,179188486.0,0.0,15,1.057,0
1628092800000,1.0799999999999998,1.0859999999999999,1.071,1.0799999999999998,1714493,185032027.0,0.0,15,1.0839999999999999,0
1628179200000,1.081,1.086,1.074,1.086,1671288,180534191.0,0.0,15,1.08,0
1628438400000,1.084,1.089,1.07,1.087,1976888,213440540.00000003,0.0,15,1.086,0
1628524800000,1.086,1.097,1.082,1.096,1931227,210827547.0,0.0,15,1.087,0
1628611200000,1.096,1.106,1.086,1.105,1730873,190049272.0,0.0,15,1.096,0
1628697600000,1.105,1.116,1.102,1.113,1948084,216197083.0,0.0,15,1.105,0
1628784000000,1.112,1.122,1.104,1.112,2225439,247900820.0,0.0,15,1.113,0
1629043200000,1.1099999999999999,1.1099999999999999,1.095,1.0979999999999999,2098195,231274803.00000003,0.0,15,1.1119999999999999,0
1629129600000,1.0939999999999999,1.0999999999999999,1.065,1.067,2200348,238683478.99999997,0.0,15,1.0979999999999999,0
1629216000000,1.0679999999999998,1.081,1.065,1.0779999999999998,2493623,267466910.00000003,0.0,15,1.067,0
1629302400000,1.073,1.09,1.064,1.087,2112158,227837441.99999997,0.0,15,1.078,0
1629388800000,1.083,1.092,1.068,1.091,2282243,246428614.99999997,0.0,15,1.087,0
1629648000000,1.092,1.116,1.09,1.113,2799768,309708555.0,0.0,15,1.091,0
1629734400000,1.12,1.129,1.106,1.124,2284138,255344145.99999997,0.0,15,1.113,0
1629820800000,1.1219999999999999,1.127,1.113,1.127,2199599,246355187.00000003,0.0,15,1.1239999999999999,0
1629907200000,1.1239999999999999,1.129,1.111,1.113,2122770,237729941.0,0.0,15,1.127,0
1629993600000,1.109,1.119,1.101,1.1159999999999999,2618768,291002199.0,0.0,15,1.113,0
1630252800000,1.115,1.135,1.115,1.121,2749339,309751439.0,0.0,15,1.1159999999999999,0
1630339200000,1.119,1.124,1.11,1.124,2591638,289814436.0,0.0,15,1.121,0
1630425600000,1.125,1.126,1.087,1.103,2332888,258121606.0,0.0,15,1.1239999999999999,0
1630512000000,1.101,1.12,1.094,1.12,2009454,223591692.99999997,0.0,15,1.103,0
1630598400000,1.123,1.1300000000000001,1.096,1.108,2574594,286301649.0,0.0,15,1.12,0
1630857600000,1.1079999999999999,1.126,1.095,1.1239999999999999,2071510,230253964.00000003,0.0,15,1.1079999999999999,0
1630944000000,1.123,1.1480000000000001,1.12,1.145,2397445,272659603.00000006,0.0,15,1.124,0
1631030400000,1.1440000000000001,1.153,1.1420000000000001,1.1520000000000001,2008204,230209749.0,0.0,15,1.145,0
1631116800000,1.148,1.151,1.137,1.146,1647579,188393222.0,0.0,15,1.152,0
1631203200000,1.146,1.156,1.137,1.154,2556268,293207624.00000006,0.0,15,1.146,0
1631462400000,1.15,1.157,1.145,1.155,1468980,169155521.0,0.0,15,1.154,0
1631548800000,1.155,1.17,1.147,1.15,1872548,216876097.0,0.0,15,1.155,0
1631635200000,1.145,1.161,1.141,1.16,1659561,191500214.0,0.0,15,1.15,0
1631721600000,1.165,1.168,1.123,1.1239999999999999,2971080,339032026.0,0.0,15,1.16,0
1631808000000,1.121,1.1320000000000001,1.098,1.1260000000000001,3000672,335461491.0,0.0,15,1.124,0
1632240000000,1.1139999999999999,1.132,1.111,1.131,1666369,187030952.0,0.0,15,1.126,0
1632326400000,1.135,1.1420000000000001,1.1300000000000001,1.1340000000000001,1718460,195296373.0,0.0,15,1.131,0
1632412800000,1.1340000000000001,1.1340000000000001,1.114,1.118,2097978,235990344.0,0.0,15,1.1340000000000001,0
1632672000000,1.115,1.1219999999999999,1.073,1.0819999999999999,2302070,252007584.0,0.0,15,1.1179999999999999,0
1632758400000,1.081,1.089,1.076,1.084,1601326,173663355.0,0.0,15,1.082,0
1632844800000,1.075,1.078,1.046,1.049,1644135,174105359.0,0.0,15,1.084,0
1632931200000,1.051,1.076,1.05,1.074,1659362,176985410.0,0.0,15,1.0490000000000002,0
1633622400000,1.083,1.0919999999999999,1.073,1.0799999999999998,1319948,142549113.0,0.0,15,1.0739999999999998,0
1633881600000,1.075,1.08,1.066,1.073,1476400,158543048.0,0.0,15,1.08,0
1633968000000,1.068,1.07,1.034,1.046,1565933,164292808.0,0.0,15,1.073,0
1634054400000,1.041,1.06,1.038,1.058,1319224,138248697.99999997,0.0,15,1.046,0
1634140800000,1.05,1.071,1.05,1.067,1441086,153146463.0,0.0,15,1.058,0
1634227200000,1.064,1.071,1.058,1.068,1036732,110547133.0,0.0,15,1.067,0
1634486400000,1.062,1.079,1.062,1.078,1307042,139818957.0,0.0,15,1.068,0
1634572800000,1.077,1.091,1.073,1.0899999999999999,1324732,143881389.0,0.0,15,1.0779999999999998,0
1634659200000,1.0859999999999999,1.097,1.081,1.0939999999999999,1596648,174032582.00000003,0.0,15,1.0899999999999999,0
1634745600000,1.091,1.096,1.084,1.086,1326723,144715320.0,0.0,15,1.094,0
1634832000000,1.0859999999999999,1.093,1.077,1.079,2002173,217320862.0,0.0,15,1.0859999999999999,0
1635091200000,1.081,1.095,1.076,1.095,1303273,141599495.00000003,0.0,15,1.079,0
1635177600000,1.0959999999999999,1.1019999999999999,1.087,1.093,1221912,133876772.0,0.0,15,1.095,0
1635264000000,1.0879999999999999,1.089,1.075,1.081,1372415,148100709.0,0.0,15,1.093,0
1635350400000,1.0779999999999998,1.0779999999999998,1.055,1.057,1323527,140939050.00000003,0.0,15,1.081,0
1635436800000,1.0559999999999998,1.075,1.051,1.075,1130791,120351334.99999999,0.0,15,1.057,0
1635696000000,1.0699999999999998,1.087,1.067,1.083,1069710,115325246.00000001,0.0,15,1.075,0
1635782400000,1.081,1.089,1.06,1.072,1248329,134491511.0,0.0,15,1.083,0
1635868800000,1.0679999999999998,1.0739999999999998,1.061,1.073,1092438,116618014.00000001,0.0,15,1.0719999999999998,0
1635955200000,1.074,1.088,1.074,1.087,998343,107984850.0,0.0,15,1.0730000000000002,0
1636041600000,1.087,1.0879999999999999,1.071,1.0719999999999998,1173928,126847775.00000001,0.0,15,1.087,0
1636300800000,1.0719999999999998,1.079,1.067,1.079,1391797,149598194.0,0.0,15,1.0719999999999998,0
1636387200000,1.077,1.0959999999999999,1.077,1.0939999999999999,1361472,148049807.0,0.0,15,1.079,0
1636473600000,1.0939999999999999,1.0959999999999999,1.079,1.095,1494123,162472718.0,0.0,15,1.0939999999999999,0
1636560000000,1.095,1.1079999999999999,1.091,1.1059999999999999,1402948,154338035.00000003,0.0,15,1.095,0
1636646400000,1.1059999999999999,1.121,1.103,1.1199999999999999,1695359,189057901.0,0.0,15,1.1059999999999999,0
1636905600000,1.127,1.128,1.111,1.1159999999999999,2143611,239322157.0,0.0,15,1.1199999999999999,0
1636992000000,1.115,1.119,1.1,1.104,1765195,196276919.0,0.0,15,1.116,0
1637078400000,1.1019999999999999,1.125,1.101,1.125,2138549,239000658.0,0.0,15,1.1039999999999999,0
1637164800000,1.1239999999999999,1.13,1.115,1.121,2436716,273492861.0,0.0,15,1.125,0
1637251200000,1.115,1.136,1.115,1.135,2116569,238733553.0,0.0,15,1.121,0
1637510400000,1.135,1.16,1.135,1.159,2572718,295724117.0,0.0,15,1.135,0
1637596800000,1.158,1.159,1.151,1.156,1730406,199861766.0,0.0,15,1.159,0
1637683200000,1.155,1.159,1.149,1.155,1922848,221807562.0,0.0,15,1.156,0
1637769600000,1.153,1.1560000000000001,1.1480000000000001,1.151,1588706,183054300.00000003,0.0,15,1.155,0
1637856000000,1.149,1.1580000000000001,1.1460000000000001,1.1540000000000001,1526751,176034166.0,0.0,15,1.151,0
1638115200000,1.145,1.165,1.1400000000000001,1.1640000000000001,1710742,197955719.0,0.0,15,1.1540000000000001,0
1638201600000,1.168,1.176,1.161,1.171,3146955,368257395.99999994,0.0,15,1.164,0
1638288000000,1.169,1.172,1.161,1.172,2779407,324726215.0,0.0,15,1.171,0
1638374400000,1.168,1.169,1.155,1.157,2167359,251653698.99999997,0.0,15,1.172,0
1638460800000,1.156,1.168,1.153,1.164,1904470,221109209.0,0.0,15,1.157,0
1638720000000,1.1640000000000001,1.165,1.1460000000000001,1.147,2761308,319757847.0,0.0,15,1.1640000000000001,0
1638806400000,1.151,1.161,1.121,1.129,2891978,327139960.0,0.0,15,1.147,0
1638892800000,1.131,1.151,1.131,1.148,2149617,245857709.00000003,0.0,15,1.129,0
1638979200000,1.148,1.155,1.145,1.155,1877284,216136733.0,0.0,15,1.148,0
1639065600000,1.151,1.175,1.1480000000000001,1.1680000000000001,1492084,172393811.0,0.0,15,1.155,0
1639324800000,1.1580000000000001,1.163,1.1520000000000001,1.159,1581483,183158751.99999997,0.0,15,1.1680000000000001,0
1639411200000,1.154,1.163,1.153,1.162,1751684,202935544.0,0.0,15,1.159,0
1639497600000,1.159,1.165,1.153,1.158,1515359,175862298.99999997,0.0,15,1.162,0
1639584000000,1.16,1.164,1.155,1.162,1282433,148764947.0,0.0,15,1.158,0
1639670400000,1.161,1.1620000000000001,1.1460000000000001,1.147,1631877,188212321.0,0.0,15,1.1620000000000001,0
1639929600000,1.145,1.151,1.124,1.1280000000000001,1512043,171622484.00000003,0.0,15,1.147,0
1640016000000,1.1280000000000001,1.1420000000000001,1.1260000000000001,1.1420000000000001,1252461,141973749.0,0.0,15,1.1280000000000001,0
1640102400000,1.145,1.153,1.1400000000000001,1.151,1882650,216342245.00000003,0.0,15,1.1420000000000001,0
1640188800000,1.151,1.156,1.145,1.151,1289255,148475967.00000003,0.0,15,1.151,0
1640275200000,1.151,1.153,1.1300000000000001,1.1320000000000001,1624183,184882789.0,0.0,15,1.151,0
1640534400000,1.1280000000000001,1.139,1.1260000000000001,1.1320000000000001,974295,110319050.00000001,0.0,15,1.1320000000000001,0
1640620800000,1.1340000000000001,1.1440000000000001,1.1300000000000001,1.143,1217406,138303392.0,0.0,15,1.1320000000000001,0
1640707200000,1.144,1.146,1.139,1.143,1183058,135159796.0,0.0,15,1.143,0
1640793600000,1.141,1.1560000000000001,1.1400000000000001,1.1520000000000001,1187536,136704339.0,0.0,15,1.143,0
1640880000000,1.1520000000000001,1.1680000000000001,1.1520000000000001,1.1660000000000001,1334923,155141807.0,0.0,15,1.1520000000000001,0
1641225600000,1.167,1.174,1.155,1.161,1765720,205276426.0,0.0,15,1.166,0
1641312000000,1.161,1.161,1.1260000000000001,1.131,2215219,252059246.0,0.0,15,1.161,0
1641398400000,1.1239999999999999,1.145,1.121,1.138,2491382,283037413.0,0.0,15,1.131,0
1641484800000,1.1400000000000001,1.1420000000000001,1.114,1.118,2510088,282931158.0,0.0,15,1.1380000000000001,0
1641744000000,1.111,1.127,1.108,1.123,1955834,219270726.0,0.0,15,1.118,0
1641830400000,1.121,1.128,1.109,1.1119999999999999,1717007,191787821.0,0.0,15,1.123,0
1641916800000,1.113,1.133,1.113,1.132,1581960,177592266.0,0.0,15,1.112,0
1642003200000,1.129,1.131,1.111,1.111,1799002,201500571.0,0.0,15,1.132,0
1642089600000,1.1059999999999999,1.1199999999999999,1.101,1.115,1563666,174201652.0,0.0,15,1.111,0
1642348800000,1.113,1.137,1.113,1.136,1705336,192543441.0,0.0,15,1.115,0
1642435200000,1.135,1.138,1.125,1.13,1856883,210166468.0,0.0,15,1.136,0
1642521600000,1.125,1.1280000000000001,1.108,1.114,1723690,192587907.00000003,0.0,15,1.1300000000000001,0
1642608000000,1.113,1.113,1.089,1.0899999999999999,1893780,208218697.0,0.0,15,1.1139999999999999,0
1642694400000,1.086,1.09,1.072,1.073,1774048,191534631.0,0.0,15,1.09,0
1642953600000,1.065,1.085,1.065,1.079,1961255,211083717.00000003,0.0,15,1.073,0
1643040000000,1.071,1.08,1.036,1.037,2075250,219535012.0,0.0,15,1.079,0
1643126400000,1.0379999999999998,1.0499999999999998,1.029,1.0439999999999998,2442764,254104575.00000003,0.0,15,1.037,0
1643212800000,1.0390000000000001,1.046,1.0110000000000001,1.012,1878438,193361042.00000003,0.0,15,1.044,0
1643299200000,1.018,1.028,0.996,1.016,1816059,183910498.0,0.0,15,1.012,0
1644163200000,1.024,1.03,1.02,1.026,1906118,195613527.0,0.0,15,1.016,0
1644249600000,1.023,1.034,1.008,1.034,2030312,207125021.0,0.0,15,1.026,0
1644336000000,1.0339999999999998,1.049,1.025,1.0479999999999998,1656229,171862278.0,0.0,15,1.0339999999999998,0
1644422400000,1.05,1.05,1.036,1.045,1999842,208572745.00000003,0.0,15,1.048,0
1644508800000,1.041,1.041,1.02,1.023,2043169,210837442.0,0.0,15,1.045,0
1644768000000,1.014,1.031,1.01,1.016,1703753,173880987.0,0.0,15,1.023,0
1644854400000,1.016,1.038,1.0150000000000001,1.0370000000000001,1951141,200495485.00000003,0.0,15,1.016,0
1644940800000,1.041,1.0479999999999998,1.037,1.045,1493746,155764978.0,0.0,15,1.037,0
1645027200000,1.044,1.057,1.036,1.049,1821238,190956291.0,0.0,15,1.045,0
1645113600000,1.044,1.056,1.038,1.053,1465276,153820038.0,0.0,15,1.049,0
1645372800000,1.052,1.068,1.052,1.066,1274357,135117360.0,0.0,15,1.053,0
1645459200000,1.059,1.0639999999999998,1.049,1.0599999999999998,2537068,267910836.00000003,0.0,15,1.0659999999999998,0
1645545600000,1.062,1.085,1.06,1.085,1781536,191675554.0,0.0,15,1.06,0
1645632000000,1.073,1.086,1.042,1.059,2717424,290004673.0,0.0,15,1.085,0
1645718400000,1.069,1.082,1.064,1.069,1878104,201465525.00000003,0.0,15,1.0590000000000002,0
1645977600000,1.07,1.08,1.058,1.078,1827949,195948442.0,0.0,15,1.069,0
1646064000000,1.081,1.085,1.071,1.0799999999999998,1713232,184565278.0,0.0,15,1.0779999999999998,0
1646150400000,1.0719999999999998,1.0799999999999998,1.067,1.0779999999999998,1397435,149976035.0,0.0,15,1.0799999999999998,0
1646236800000,1.082,1.085,1.064,1.067,1710740,183211958.0,0.0,15,1.078,0
1646323200000,1.054,1.07,1.05,1.054,1483721,157419263.0,0.0,15,1.067,0
1646582400000,1.0470000000000002,1.05,1.0230000000000001,1.0270000000000001,1686390,175007346.00000003,0.0,15,1.054,0
1646668800000,1.027,1.032,0.993,0.996,2315209,234197427.99999997,0.0,15,1.027,0
1646755200000,0.9960000000000001,1.0050000000000001,0.9480000000000001,0.9850000000000001,2829517,278572049.0,0.0,15,0.9960000000000001,0
1646841600000,1.0030000000000001,1.0190000000000001,1.0010000000000001,1.0090000000000001,2268600,228666486.0,0.0,15,0.9850000000000001,0
1646928000000,0.992,1.017,0.985,1.016,2294035,229691772.0,0.0,15,1.009,0
1647187200000,1.0,1.014,0.986,0.988,2543111,254871190.0,0.0,15,1.016,0
1647273600000,0.9790000000000001,0.9870000000000001,0.9390000000000001,0.9410000000000001,2258385,218723655.00000003,0.0,15,0.9880000000000001,0
1647360000000,0.9520000000000001,0.9770000000000001,0.92,0.9720000000000001,3199261,304421944.0,0.0,15,0.9410000000000001,0
1647446400000,0.977,1.006,0.977,0.99,3346206,332656887.0,0.0,15,0.972,0
1647532800000,0.982,1.001,0.982,1.0,1686449,167313096.00000003,0.0,15,0.99,0
1647792000000,1.008,1.014,0.999,1.011,1976916,199043630.0,0.0,15,1.0,0
1647878400000,1.006,1.016,1.0010000000000001,1.006,1557035,156931803.0,0.0,15,1.0110000000000001,0
1647964800000,1.01,1.0150000000000001,1.0030000000000001,1.0130000000000001,1431458,144681825.00000003,0.0,15,1.006,0
1648051200000,1.005,1.011,0.995,1.0,1596122,159960103.00000003,0.0,15,1.013,0
1648137600000,1.001,1.008,0.989,0.992,1401992,140386594.0,0.0,15,1.0,0
1648396800000,0.982,0.993,0.973,0.982,1617209,158875433.00000003,0.0,15,0.992,0
1648483200000,0.987,0.988,0.974,0.976,1232755,120928233.0,0.0,15,0.982,0
1648569600000,0.982,1.001,0.979,0.999,3219270,319963967.0,0.0,15,0.976,0
1648656000000,0.997,0.998,0.983,0.985,1624972,160879816.99999997,0.0,15,0.999,0
1648742400000,0.974,0.988,0.971,0.986,1433450,140799141.0,0.0,15,0.985,0
1649174400000,0.981,0.984,0.974,0.982,1528416,149629994.0,0.0,15,0.986,0
1649260800000,0.976,0.984,0.962,0.963,1395359,135814361.0,0.0,15,0.982,0
1649347200000,0.9630000000000001,0.9660000000000001,0.9420000000000001,0.9560000000000001,1585305,150952739.0,0.0,15,0.9630000000000001,0
1649606400000,0.9490000000000001,0.9490000000000001,0.915,0.922,1873388,174672127.00000003,0.0,15,0.9560000000000001,0
1649692800000,0.923,0.934,0.909,0.933,1852042,170805077.00000003,0.0,15,0.922,0
1649779200000,0.924,0.928,0.913,0.916,2370453,218431750.0,0.0,15,0.933,0
1649865600000,0.922,0.929,0.915,0.922,2165846,199203574.0,0.0,15,0.916,0
1649952000000,0.915,0.921,0.904,0.912,2445030,223040514.00000003,0.0,15,0.922,0
1650211200000,0.905,0.921,0.896,0.92,1652789,150512019.0,0.0,15,0.912,0
1650297600000,0.915,0.926,0.915,0.923,1592778,146797569.0,0.0,15,0.92,0
1650384000000,0.92,0.925,0.902,0.904,1396146,127920164.0,0.0,15,0.923,0
1650470400000,0.9,0.906,0.867,0.868,1776342,157758398.00000003,0.0,15,0.904,0
1650556800000,0.863,0.868,0.851,0.858,2333810,200364789.0,0.0,15,0.868,0
1650816000000,0.8400000000000001,0.8460000000000001,0.788,0.793,2863781,233430032.0,0.0,15,0.8580000000000001,0
1650902400000,0.788,0.798,0.764,0.768,4294683,336345484.0,0.0,15,0.793,0
1650988800000,0.762,0.808,0.751,0.807,3177134,246550690.0,0.0,15,0.768,0
1651075200000,0.796,0.81,0.789,0.797,2488472,199090545.0,0.0,15,0.807,0
1651161600000,0.805,0.8390000000000001,0.798,0.8350000000000001,2700542,221514322.0,0.0,15,0.797,0
1651680000000,0.8310000000000001,0.8570000000000001,0.8230000000000001,0.8500000000000001,2102215,177547499.00000003,0.0,15,0.8350000000000001,0
1651766400000,0.8320000000000001,0.8460000000000001,0.8280000000000001,0.8390000000000001,1876185,157099382.0,0.0,15,0.8500000000000001,0
1652025600000,0.8320000000000001,0.8520000000000001,0.8300000000000001,0.8500000000000001,1810666,153277591.0,0.0,15,0.8390000000000001,0
1652112000000,0.837,0.867,0.835,0.864,2298511,196775636.0,0.0,15,0.85,0
1652198400000,0.867,0.894,0.864,0.873,1970927,173833252.00000003,0.0,15,0.864,0
1652284800000,0.865,0.885,0.865,0.878,1717713,150641907.0,0.0,15,0.873,0
1652371200000,0.882,0.891,0.872,0.885,2137794,187804339.99999997,0.0,15,0.878,0
1652630400000,0.888,0.896,0.88,0.887,1547203,136979306.0,0.0,15,0.885,0
1652716800000,0.884,0.892,0.874,0.891,1661488,146698107.0,0.0,15,0.887,0
1652803200000,0.891,0.9,0.885,0.891,2151577,192271406.00000003,0.0,15,0.891,0
1652889600000,0.878,0.903,0.875,0.902,1537470,136520160.0,0.0,15,0.891,0
1652976000000,0.9,0.913,0.897,0.91,2067638,187225708.0,0.0,15,0.902,0
1653235200000,0.912,0.926,0.911,0.925,1610781,147906634.99999997,0.0,15,0.91,0
1653321600000,0.92,0.924,0.884,0.887,2186088,199144513.0,0.0,15,0.925,0
1653408000000,0.886,0.902,0.883,0.902,2294867,204781265.00000003,0.0,15,0.887,0
1653494400000,0.9,0.915,0.887,0.91,2499850,225315969.0,0.0,15,0.902,0
1653580800000,0.913,0.915,0.897,0.908,2401286,218155906.0,0.0,15,0.91,0
1653840000000,0.905,0.917,0.898,0.916,1709574,155258905.0,0.0,15,0.908,0
1653926400000,0.915,0.929,0.906,0.925,2547785,234209777.0,0.0,15,0.916,0
1654012800000,0.92,0.933,0.918,0.929,1577090,146472445.0,0.0,15,0.925,0
1654099200000,0.928,0.9430000000000001,0.923,0.9390000000000001,2176874,203180535.00000003,0.0,15,0.929,0
1654444800000,0.936,0.9660000000000001,0.936,0.9630000000000001,1978481,189190602.0,0.0,15,0.9390000000000001,0
1654531200000,0.9620000000000001,0.9670000000000001,0.9540000000000001,0.9610000000000001,1896363,181899421.0,0.0,15,0.9630000000000001,0
1654617600000,0.9590000000000001,0.9720000000000001,0.9440000000000001,0.9640000000000001,2163995,207617021.0,0.0,15,0.9610000000000001,0
1654704000000,0.9570000000000001,0.9620000000000001,0.9410000000000001,0.9470000000000001,2011356,191788714.0,0.0,15,0.9640000000000001,0
1654790400000,0.9410000000000001,0.9690000000000001,0.9390000000000001,0.9680000000000001,1516667,145443984.00000003,0.0,15,0.9470000000000001,0
1655049600000,0.9630000000000001,0.9770000000000001,0.9530000000000001,0.9750000000000001,1803241,175102935.0,0.0,15,0.9680000000000001,0
1655136000000,0.9680000000000001,0.9760000000000001,0.9410000000000001,0.9750000000000001,2481820,237791965.00000003,0.0,15,0.9750000000000001,0
1655222400000,0.972,0.988,0.97,0.971,2442639,239116274.0,0.0,15,0.975,0
1655308800000,0.97,0.988,0.97,0.98,1923035,188417788.00000003,0.0,15,0.971,0
1655395200000,0.971,0.992,0.967,0.991,2353100,230871429.0,0.0,15,0.98,0
1655654400000,0.991,1.005,0.989,1.0,2079638,207349752.0,0.0,15,0.991,0
1655740800000,0.999,1.001,0.981,0.989,2609780,258883926.00000003,0.0,15,1.0,0
1655827200000,0.988,0.995,0.976,0.977,2302702,227205628.0,0.0,15,0.989,0
1655913600000,0.975,1.001,0.971,1.0,2180010,215176397.00000003,0.0,15,0.977,0
1656000000000,1.0,1.018,1.0,1.011,2805090,283644880.0,0.0,15,1.0,0
1656259200000,1.0130000000000001,1.026,1.0130000000000001,1.022,2771544,282775170.0,0.0,15,1.0110000000000001,0
1656345600000,1.023,1.037,1.018,1.035,4076300,419213882.0,0.0,15,1.022,0
1656432000000,1.032,1.034,1.008,1.013,2895121,295918623.0,0.0,15,1.035,0
1656518400000,1.01,1.028,1.01,1.021,2341806,239079949.0,0.0,15,1.013,0
1656604800000,1.019,1.03,1.016,1.024,2323891,237741297.00000003,0.0,15,1.021,0
1656864000000,1.024,1.035,1.014,1.033,2330116,239232748.0,0.0,15,1.024,0
1656950400000,1.032,1.039,1.016,1.03,2896786,297294046.0,0.0,15,1.033,0
1657036800000,1.028,1.03,1.008,1.017,3428150,349552068.0,0.0,15,1.03,0
1657123200000,1.017,1.032,1.01,1.029,3199694,327392224.0,0.0,15,1.017,0
1657209600000,1.03,1.035,1.022,1.024,3669073,377504790.0,0.0,15,1.029,0
1657468800000,1.018,1.018,0.998,1.009,4115606,414566188.0,0.0,15,1.024,0
1657555200000,1.008,1.011,0.99,0.991,3657359,365570680.99999994,0.0,15,1.009,0
1657641600000,0.991,1.002,0.985,0.999,3901807,388082520.00000006,0.0,15,0.991,0
1657728000000,0.997,1.017,0.995,1.013,3306903,333705326.0,0.0,15,0.999,0
1657814400000,1.01,1.02,1.0010000000000001,1.002,3767229,381683884.00000006,0.0,15,1.0130000000000001,0
1658073600000,1.0010000000000001,1.0190000000000001,1.0010000000000001,1.0170000000000001,5888866,595243540.0,0.0,15,1.002,0
1658160000000,1.02,1.0310000000000001,1.0150000000000001,1.026,6654451,681408149.0,0.0,15,1.0170000000000001,0
1658246400000,1.0299999999999998,1.041,1.027,1.041,8965346,929724150.0,0.0,15,1.026,0
1658332800000,1.041,1.045,1.034,1.035,11019136,1146752408.0,0.0,15,1.041,0
1658419200000,1.036,1.042,1.018,1.028,21120995,2177814902.9999995,0.0,15,1.035,0
1658678400000,1.026,1.033,1.012,1.014,13788702,1408841558.0,0.0,15,1.028,0
1658764800000,1.015,1.031,1.01,1.03,17316708,1769540925.0,0.0,15,1.014,0
1658851200000,1.028,1.04,1.024,1.039,17552357,1815134093.0,0.0,15,1.03,0
1658937600000,1.041,1.053,1.04,1.047,23067442,2414998978.9999995,0.0,15,1.0390000000000001,0
1659024000000,1.047,1.051,1.04,1.043,26578040,2776871874.0000005,0.0,15,1.047,0
1659283200000,1.035,1.051,1.03,1.049,20572828,2140873415.0,0.0,15,1.043,0
1659369600000,1.0390000000000001,1.0390000000000001,1.0030000000000001,1.02,23986035,2449979897.0,0.0,15,1.0490000000000002,0
1659456000000,1.017,1.035,1.008,1.012,18641874,1914230218.0,0.0,15,1.02,0
1659542400000,1.013,1.019,1.0,1.017,22227521,2245173383.0,0.0,15,1.012,0
1659628800000,1.014,1.04,1.014,1.04,16269241,1671818465.0,0.0,15,1.017,0
1659888000000,1.036,1.051,1.034,1.048,13131817,1369460126.0000002,0.0,15,1.04,0
1659974400000,1.047,1.055,1.04,1.053,10741536,1126017275.0,0.0,15,1.048,0
1660060800000,1.046,1.056,1.046,1.053,12494378,1314816874.0000002,0.0,15,1.053,0
1660147200000,1.059,1.068,1.054,1.067,17569250,1866189590.0,0.0,15,1.0530000000000002,0
1660233600000,1.064,1.07,1.056,1.057,12584968,1338721087.0,0.0,15,1.067,0
1660492800000,1.053,1.0679999999999998,1.051,1.0639999999999998,13542828,1438985486.0,0.0,15,1.057,0
1660579200000,1.064,1.077,1.062,1.07,13828761,1479456116.0000002,0.0,15,1.064,0
1660665600000,1.0719999999999998,1.0739999999999998,1.063,1.071,14245458,1523582244.0,0.0,15,1.0699999999999998,0
1660752000000,1.067,1.077,1.067,1.0759999999999998,13161196,1411036031.0,0.0,15,1.071,0
1660838400000,1.0759999999999998,1.079,1.057,1.0579999999999998,12714510,1356319201.0,0.0,15,1.0759999999999998,0
1661097600000,1.0539999999999998,1.067,1.047,1.0639999999999998,15037480,1592416673.0,0.0,15,1.0579999999999998,0
1661184000000,1.061,1.069,1.06,1.069,15346241,1633312779.0,0.0,15,1.064,0
1661270400000,1.065,1.069,1.027,1.0299999999999998,19578000,2038235110.0,0.0,15,1.069,0
1661356800000,1.029,1.032,1.014,1.027,14226686,1453942720.0,0.0,15,1.03,0
1661443200000,1.0250000000000001,1.038,1.0170000000000001,1.0210000000000001,12612576,1297340074.0,0.0,15,1.0270000000000001,0
1661702400000,1.0090000000000001,1.028,1.0030000000000001,1.0250000000000001,13815207,1411143187.0,0.0,15,1.0210000000000001,0
1661788800000,1.0250000000000001,1.0270000000000001,1.0150000000000001,1.02,17050916,1740716972.0000002,0.0,15,1.0250000000000001,0
1661875200000,1.015,1.02,0.985,0.988,22256540,2218563992.0000005,0.0,15,1.02,0
1661961600000,0.983,0.996,0.978,0.982,19380579,1913593076.0,0.0,15,0.988,0
1662048000000,0.982,0.982,0.982,0.982,0,0.0,0.0,0,0.982,1
1662307200000,2.698,2.733,2.689,2.713,6338251,1717475114.0,0.0,15,2.711,0
1662393600000,2.725,2.767,2.71,2.766,6743230,1845902273.0,0.0,15,2.713,0
1662480000000,2.759,2.795,2.754,2.783,5550310,1542329678.0,0.0,15,2.766,0
1662566400000,2.786,2.792,2.758,2.761,5246127,1453693555.0,0.0,15,2.783,0
1662652800000,2.76,2.771,2.742,2.769,7221364,1993022896.0000002,0.0,15,2.761,0
1662998400000,2.7729999999999997,2.7849999999999997,2.751,2.76,5802034,1602544932.0,0.0,15,2.7689999999999997,0
1663084800000,2.73,2.7399999999999998,2.714,2.729,5767298,1573772409.0,0.0,15,2.76,0
1663171200000,2.731,2.7439999999999998,2.613,2.644,8840341,2357531522.0,0.0,15,2.729,0
1663257600000,2.626,2.65,2.586,2.59,7637580,2002734618.0,0.0,15,2.6439999999999997,0
1663516800000,2.577,2.6,2.541,2.561,6775496,1737417459.0,0.0,15,2.59,0
1663603200000,2.569,2.616,2.561,2.59,5193688,1346705350.0,0.0,15,2.561,0
1663689600000,2.5860000000000003,2.603,2.551,2.5900000000000003,6797740,1752778125.0,0.0,15,2.5900000000000003,0
1663776000000,2.568,2.624,2.563,2.595,5611800,1460124717.0,0.0,15,2.5900000000000003,0
1663862400000,2.597,2.604,2.521,2.5469999999999997,7554883,1933104442.0,0.0,15,2.5949999999999998,0
1664121600000,2.527,2.5650000000000004,2.5100000000000002,2.512,7391910,1876452816.0,0.0,15,2.547,0
1664208000000,2.516,2.563,2.5140000000000002,2.56,9218457,2336076095.0,0.0,15,2.5120000000000005,0
1664294400000,2.5500000000000003,2.56,2.483,2.485,6053848,1523978398.0,0.0,15,2.56,0
1664380800000,2.505,2.524,2.475,2.494,7147457,1791369155.0,0.0,15,2.485,0
1664467200000,2.4939999999999998,2.4989999999999997,2.445,2.4459999999999997,6433496,1588977267.0,0.0,15,2.4939999999999998,0
1665331200000,2.44,2.459,2.382,2.395,5750055,1396159269.0,0.0,15,2.446,0
1665417600000,2.393,2.413,2.376,2.401,5653881,1354456568.0,0.0,15,2.395,0
1665504000000,2.398,2.4730000000000003,2.362,2.472,8699466,2079679015.0,0.0,15,2.4010000000000002,0
1665590400000,2.456,2.523,2.451,2.499,8511568,2127523681.9999998,0.0,15,2.472,0
1665676800000,2.512,2.5730000000000004,2.5100000000000002,2.5660000000000003,5733861,1459856503.9999998,0.0,15,2.499,0
1665936000000,2.5490000000000004,2.592,2.5420000000000003,2.5810000000000004,6074511,1561829342.0,0.0,15,2.5660000000000003,0
1666022400000,2.59,2.618,2.572,2.598,6410229,1662723150.0,0.0,15,2.581,0
1666108800000,2.589,2.615,2.579,2.583,5459752,1417291629.0000002,0.0,15,2.5980000000000003,0
1666195200000,2.563,2.6140000000000003,2.5300000000000002,2.575,10410664,2666656612.0000005,0.0,15,2.583,0
1666281600000,2.5700000000000003,2.5890000000000004,2.5500000000000003,2.5700000000000003,6012078,1545096516.0000002,0.0,15,2.575,0
1666540800000,2.5700000000000003,2.628,2.527,2.56,8398588,2169000257.0,0.0,15,2.5700000000000003,0
1666627200000,2.535,2.564,2.496,2.539,6870438,1740297297.0,0.0,15,2.56,0
1666713600000,2.539,2.624,2.539,2.6,12270815,3179036838.0000005,0.0,15,2.539,0
1666800000000,2.6100000000000003,2.619,2.579,2.585,8051513,2094327211.0,0.0,15,2.6,0
1666886400000,2.566,2.58,2.48,2.4899999999999998,8100327,2051721147.0,0.0,15,2.585,0
1667145600000,2.471,2.5420000000000003,2.471,2.516,7206304,1808795917.0,0.0,15,2.49,0
1667232000000,2.519,2.585,2.507,2.584,8982036,2287150032.0,0.0,15,2.516,0
1667318400000,2.58,2.621,2.572,2.609,6435972,1672852848.0,0.0,15,2.584,0
1667404800000,2.594,2.632,2.592,2.622,4897121,1280525358.0,0.0,15,2.609,0
1667491200000,2.6220000000000003,2.6940000000000004,2.619,2.6910000000000003,7497603,1998600147.0,0.0,15,2.6220000000000003,0
1667750400000,2.6870000000000003,2.7030000000000003,2.6590000000000003,2.68,6456919,1732475225.0,0.0,15,2.6910000000000003,0
1667836800000,2.673,2.68,2.657,2.679,6227681,1660098307.0,0.0,15,2.68,0
1667923200000,2.677,2.6940000000000004,2.6590000000000003,2.6670000000000003,5692791,1521126877.0,0.0,15,2.6790000000000003,0
1668009600000,2.654,2.663,2.633,2.642,7701095,2037062228.0,0.0,15,2.667,0
1668096000000,2.7079999999999997,2.717,2.65,2.6519999999999997,10131569,2716746027.9999995,0.0,15,2.642,0
1668355200000,2.6519999999999997,2.677,2.622,2.634,9216750,2440465109.0,0.0,15,2.6519999999999997,0
1668441600000,2.624,2.697,2.624,2.696,6466110,1727769158.0,0.0,15,2.634,0
1668528000000,2.696,2.706,2.672,2.676,6236468,1675098840.0,0.0,15,2.696,0
1668614400000,2.67,2.685,2.648,2.682,6578993,1749532516.0000002,0.0,15,2.676,0
1668700800000,2.683,2.698,2.654,2.6599999999999997,7789657,2088970032.0,0.0,15,2.682,0
1668960000000,2.642,2.674,2.632,2.6710000000000003,4967542,1319603141.0000002,0.0,15,2.66,0
1669046400000,2.663,2.672,2.617,2.633,10397190,2750271166.0000005,0.0,15,2.671,0
1669132800000,2.625,2.637,2.578,2.627,5706180,1487260539.0,0.0,15,2.633,0
1669219200000,2.6279999999999997,2.642,2.614,2.63,5344543,1404428676.0,0.0,15,2.627,0
1669305600000,2.623,2.625,2.599,2.604,3764477,983042464.0,0.0,15,2.6300000000000003,0
1669564800000,2.564,2.6,2.555,2.5940000000000003,5395330,1395653098.0,0.0,15,2.604,0
1669651200000,2.5989999999999998,2.646,2.597,2.634,7193491,1889618274.0,0.0,15,2.594,0
1669737600000,2.634,2.6430000000000002,2.62,2.6310000000000002,5776169,1521102129.0,0.0,15,2.634,0
1669824000000,2.664,2.68,2.6510000000000002,2.6580000000000004,5331708,1421647044.0000002,0.0,15,2.6310000000000002,0
1669910400000,2.645,2.689,2.645,2.666,5096919,1362192538.0,0.0,15,2.658,0
1670169600000,2.68,2.688,2.664,2.6790000000000003,5303539,1418833450.0,0.0,15,2.666,0
1670256000000,2.6710000000000003,2.693,2.6590000000000003,2.676,6282370,1680162772.0,0.0,15,2.6790000000000003,0
1670342400000,2.674,2.6910000000000003,2.66,2.674,5364379,1436092494.0,0.0,15,2.676,0
1670428800000,2.674,2.676,2.653,2.662,6345406,1690488400.0,0.0,15,2.674,0
1670515200000,2.659,2.675,2.645,2.669,5965858,1589009103.0,0.0,15,2.662,0
1670774400000,2.67,2.674,2.644,2.6590000000000003,4649133,1236504234.0,0.0,15,2.669,0
1670860800000,2.655,2.662,2.633,2.639,3783817,999837958.0,0.0,15,2.659,0
1670947200000,2.629,2.651,2.617,2.624,4871929,1282499745.0,0.0,15,2.639,0
1671033600000,2.618,2.64,2.616,2.633,4550363,1196575429.0,0.0,15,2.624,0
1671120000000,2.622,2.63,2.597,2.61,6026668,1571781205.0000002,0.0,15,2.633,0
1671379200000,2.612,2.617,2.548,2.558,6455240,1661540355.0,0.0,15,2.61,0
1671465600000,2.5549999999999997,2.556,2.525,2.5309999999999997,6630079,1685280271.0,0.0,15,2.558,0
1671552000000,2.535,2.539,2.496,2.517,6554398,1649025060.0,0.0,15,2.531,0
1671638400000,2.523,2.525,2.464,2.4779999999999998,5198806,1297519115.0,0.0,15,2.517,0
1671724800000,2.4659999999999997,2.481,2.444,2.46,6976723,1720585449.0,0.0,15,2.4779999999999998,0
1671984000000,2.462,2.511,2.462,2.504,6523566,1627858965.0,0.0,15,2.4600000000000004,0
1672070400000,2.516,2.526,2.496,2.524,4363436,1096365758.9999998,0.0,15,2.504,0
1672156800000,2.519,2.519,2.5,2.507,5905662,1480593905.0,0.0,15,2.524,0
1672243200000,2.488,2.525,2.488,2.502,5735949,1440040732.0000002,0.0,15,2.507,0
1672329600000,2.513,2.516,2.499,2.507,6107505,1531111990.0,0.0,15,2.5020000000000002,0
1672675200000,2.505,2.5709999999999997,2.501,2.564,8331312,2122389738.0,0.0,15,2.5069999999999997,0
1672761600000,2.564,2.572,2.547,2.564,6126669,1569804759.9999998,0.0,15,2.564,0
1672848000000,2.569,2.592,2.56,2.591,5357602,1383678642.0,0.0,15,2.564,0
1672934400000,2.59,2.6109999999999998,2.586,2.5949999999999998,4714405,1225331486.0,0.0,15,2.5909999999999997,0
1673193600000,2.5999999999999996,2.6239999999999997,2.598,2.6069999999999998,5173508,1351434340.0,0.0,15,2.5949999999999998,0
1673280000000,2.6039999999999996,2.6149999999999998,2.594,2.6109999999999998,4731222,1234038144.9999998,0.0,15,2.6069999999999998,0
1673366400000,2.609,2.6220000000000003,2.587,2.592,6319171,1646976258.0,0.0,15,2.611,0
1673452800000,2.59,2.612,2.585,2.592,5401686,1402660595.0,0.0,15,2.592,0
1673539200000,2.593,2.6100000000000003,2.587,2.608,5001341,1297596428.0,0.0,15,2.592,0
1673798400000,2.61,2.6519999999999997,2.61,2.6359999999999997,11846074,3125566776.0000005,0.0,15,2.608,0
1673884800000,2.636,2.649,2.629,2.633,6590668,1738202875.0000002,0.0,15,2.636,0
1673971200000,2.6390000000000002,2.6550000000000002,2.6350000000000002,2.641,5735305,1517258113.0,0.0,15,2.6330000000000005,0
1674057600000,2.6390000000000002,2.673,2.6310000000000002,2.672,7173348,1906635930.0,0.0,15,2.641,0
1674144000000,2.673,2.7,2.673,2.697,11808848,3175403942.0,0.0,15,2.672,0
1675008000000,2.726,2.739,2.706,2.7079999999999997,8532419,2323781579.0,0.0,15,2.697,0
1675094400000,2.708,2.7270000000000003,2.7,2.717,7322828,1990026332.0,0.0,15,2.708,0
1675180800000,2.7199999999999998,2.762,2.719,2.7609999999999997,7160094,1964224292.0,0.0,15,2.717,0
1675267200000,2.764,2.788,2.758,2.765,7916167,2195553921.0,0.0,15,2.761,0
1675353600000,2.758,2.769,2.724,2.762,7251938,1993929821.0,0.0,15,2.765,0
1675612800000,2.75,2.765,2.734,2.756,6523828,1792418809.0,0.0,15,2.762,0
1675699200000,2.761,2.765,2.737,2.7640000000000002,10142395,2789940396.0,0.0,15,2.7560000000000002,0
1675785600000,2.766,2.7680000000000002,2.741,2.745,6714086,1848719436.0000002,0.0,15,2.7640000000000002,0
1675872000000,2.737,2.8030000000000004,2.732,2.8000000000000003,10182072,2831834351.0,0.0,15,2.745,0
1675958400000,2.797,2.802,2.762,2.786,7780780,2163615464.0,0.0,15,2.8,0
1676217600000,2.774,2.814,2.774,2.812,7434313,2084127746.0,0.0,15,2.786,0
1676304000000,2.814,2.8209999999999997,2.803,2.818,5456512,1533864459.0,0.0,15,2.812,0
1676390400000,2.819,2.824,2.807,2.8169999999999997,4757291,1339282756.0,0.0,15,2.818,0
1676476800000,2.818,2.8350000000000004,2.744,2.7670000000000003,8613256,2409548789.0,0.0,15,2.817,0
1676563200000,2.766,2.7750000000000004,2.736,2.742,7929048,2183183104.0,0.0,15,2.7670000000000003,0
1676822400000,2.74,2.777,2.721,2.774,8785280,2413105515.0,0.0,15,2.742,0
1676908800000,2.775,2.799,2.765,2.787,5470174,1521501304.0,0.0,15,2.774,0
1676995200000,2.782,2.801,2.769,2.795,4692244,1308269282.0,0.0,15,2.787,0
1677081600000,2.794,2.799,2.761,2.782,4626301,1286200984.0,0.0,15,2.795,0
1677168000000,2.7800000000000002,2.79,2.7520000000000002,2.7720000000000002,5318072,1471456442.0,0.0,15,2.782,0
1677427200000,2.7600000000000002,2.7720000000000002,2.74,2.754,6273385,1729818920.0,0.0,15,2.7720000000000002,0
1677513600000,2.754,2.779,2.739,2.776,4707684,1300324063.0000002,0.0,15,2.754,0
1677600000000,2.7760000000000002,2.7990000000000004,2.7640000000000002,2.7960000000000003,4140546,1151899726.0,0.0,15,2.7760000000000002,0
1677686400000,2.7950000000000004,2.8040000000000003,2.7760000000000002,2.7830000000000004,4402342,1226444166.0,0.0,15,2.7960000000000003,0
1677772800000,2.783,2.795,2.759,2.779,5291725,1468998415.0000002,0.0,15,2.783,0
1678032000000,2.776,2.796,2.763,2.788,4844866,1346490903.0,0.0,15,2.779,0
1678118400000,2.792,2.792,2.734,2.738,5105719,1408574788.0,0.0,15,2.788,0
1678204800000,2.721,2.753,2.721,2.746,4470043,1225599291.0,0.0,15,2.738,0
1678291200000,2.746,2.755,2.731,2.7529999999999997,4895643,1344341054.0,0.0,15,2.746,0
1678377600000,2.738,2.743,2.711,2.7129999999999996,5658251,1542374944.0,0.0,15,2.7529999999999997,0
1678636800000,2.7070000000000003,2.729,2.692,2.726,4903908,1328817924.0,0.0,15,2.713,0
1678723200000,2.7270000000000003,2.7270000000000003,2.6710000000000003,2.701,4891434,1319708604.0,0.0,15,2.7260000000000004,0
1678809600000,2.713,2.734,2.708,2.714,3930104,1069359430.0,0.0,15,2.701,0
1678896000000,2.7079999999999997,2.709,2.666,2.673,4580919,1231143653.0,0.0,15,2.714,0
1678982400000,2.685,2.7100000000000004,2.6790000000000003,2.693,5780563,1558065617.0,0.0,15,2.6730000000000005,0
1679241600000,2.6950000000000003,2.705,2.672,2.682,4679060,1256752454.0,0.0,15,2.693,0
1679328000000,2.681,2.718,2.681,2.716,4796690,1297662715.0000002,0.0,15,2.682,0
1679414400000,2.72,2.7310000000000003,2.716,2.7270000000000003,4138039,1127552653.0,0.0,15,2.716,0
1679500800000,2.7270000000000003,2.7390000000000003,2.72,2.737,4655454,1270437669.0,0.0,15,2.7270000000000003,0
1679587200000,2.738,2.744,2.729,2.739,3736134,1022714363.0,0.0,15,2.737,0
1679846400000,2.7390000000000003,2.7520000000000002,2.724,2.7430000000000003,3790344,1039194041.0,0.0,15,2.7390000000000003,0
1679932800000,2.754,2.754,2.721,2.728,4212527,1151276286.0,0.0,15,2.743,0
1680019200000,2.735,2.747,2.71,2.718,4824041,1312196676.0,0.0,15,2.7279999999999998,0
1680105600000,2.713,2.721,2.698,2.7199999999999998,4781083,1295710694.0,0.0,15,2.718,0
1680192000000,2.718,2.7439999999999998,2.718,2.742,3979778,1088187069.0,0.0,15,2.7199999999999998,0
1680451200000,2.745,2.781,2.745,2.779,5558426,1536800983.0000002,0.0,15,2.742,0
1680537600000,2.784,2.784,2.759,2.775,4276213,1184524273.0,0.0,15,2.779,0
1680710400000,2.769,2.7880000000000003,2.7640000000000002,2.7840000000000003,4159097,1155886780.0,0.0,15,2.7750000000000004,0
1680796800000,2.7840000000000003,2.813,2.781,2.8080000000000003,2958890,828967426.0,0.0,15,2.7840000000000003,0
1681056000000,2.814,2.8160000000000003,2.777,2.783,3614718,1009642103.0000001,0.0,15,2.8080000000000003,0
1681142400000,2.778,2.7920000000000003,2.773,2.7840000000000003,3588093,997824433.0,0.0,15,2.783,0
1681228800000,2.7880000000000003,2.801,2.7840000000000003,2.7990000000000004,3856953,1077845486.0,0.0,15,2.7840000000000003,0
1681315200000,2.8,2.8009999999999997,2.779,2.782,3553957,991546301.0,0.0,15,2.799,0
1681401600000,2.785,2.802,2.7760000000000002,2.7990000000000004,3838311,1071349443.0,0.0,15,2.782,0
1681660800000,2.799,2.804,2.791,2.8009999999999997,2937657,821851055.0000001,0.0,15,2.799,0
1681747200000,2.79,2.803,2.779,2.79,3558270,992430009.0,0.0,15,2.8009999999999997,0
1681833600000,2.788,2.797,2.774,2.778,3377295,941371341.0,0.0,15,2.79,0
1681920000000,2.774,2.78,2.762,2.778,3629479,1005485288.0,0.0,15,2.778,0
1682006400000,2.775,2.7769999999999997,2.707,2.7079999999999997,4321147,1185618906.0,0.0,15,2.778,0
1682265600000,2.708,2.7140000000000004,2.6750000000000003,2.6860000000000004,5185965,1395158341.0000002,0.0,15,2.708,0
1682352000000,2.6820000000000004,2.689,2.603,2.6380000000000003,7640157,2023361560.0,0.0,15,2.6860000000000004,0
1682438400000,2.6350000000000002,2.66,2.628,2.646,5582650,1476582457.0000002,0.0,15,2.638,0
1682524800000,2.638,2.667,2.637,2.652,7394135,1961190295.0000002,0.0,15,2.646,0
1682611200000,2.6519999999999997,2.693,2.65,2.6919999999999997,5702761,1525775596.0000002,0.0,15,2.6519999999999997,0
1683129600000,2.6830000000000003,2.693,2.672,2.685,4438145,1190646403.0000002,0.0,15,2.692,0
1683216000000,2.68,2.684,2.6390000000000002,2.656,4419532,1172516879.0,0.0,15,2.685,0
1683475200000,2.6510000000000002,2.6830000000000003,2.6510000000000002,2.672,5389085,1438973802.0,0.0,15,2.656,0
1683561600000,2.6790000000000003,2.6790000000000003,2.64,2.64,4097924,1090978690.0,0.0,15,2.672,0
1683648000000,2.6350000000000002,2.6590000000000003,2.628,2.645,4218297,1114367750.0000002,0.0,15,2.64,0
1683734400000,2.647,2.658,2.641,2.643,3685978,976032501.0,0.0,15,2.645,0
1683820800000,2.637,2.652,2.609,2.61,3952464,1038512822.0,0.0,15,2.643,0
1684080000000,2.61,2.632,2.584,2.628,3873218,1009423077.0000001,0.0,15,2.61,0
1684166400000,2.629,2.63,2.596,2.604,3873097,1010698267.0000001,0.0,15,2.628,0
1684252800000,2.604,2.622,2.6,2.617,4467587,1166934813.0,0.0,15,2.604,0
1684339200000,2.615,2.6340000000000003,2.615,2.629,4273411,1122292506.0,0.0,15,2.617,0
1684425600000,2.627,2.65,2.613,2.64,4421555,1164033499.0000002,0.0,15,2.629,0
1684684800000,2.6359999999999997,2.645,2.618,2.635,3959473,1042197106.0,0.0,15,2.6399999999999997,0
1684771200000,2.637,2.642,2.608,2.61,3616086,950211051.0,0.0,15,2.6350000000000002,0
1684857600000,2.61,2.628,2.593,2.604,4036863,1052981899.0,0.0,15,2.61,0
1684944000000,2.601,2.621,2.569,2.5989999999999998,4692849,1216688782.0000002,0.0,15,2.604,0
1685030400000,2.591,2.628,2.579,2.6220000000000003,4752977,1236986000.0,0.0,15,2.599,0
1685289600000,2.629,2.637,2.604,2.617,3676099,963266431.0,0.0,15,2.622,0
1685376000000,2.617,2.632,2.588,2.628,4392254,1146999464.0,0.0,15,2.617,0
1685462400000,2.628,2.635,2.609,2.629,4409326,1156491797.0,0.0,15,2.628,0
1685548800000,2.6260000000000003,2.652,2.611,2.6350000000000002,4345874,1145689624.0,0.0,15,2.629,0
1685635200000,2.64,2.66,2.6390000000000002,2.653,4418714,1172145807.0,0.0,15,2.6350000000000002,0
1685894400000,2.653,2.661,2.646,2.654,3971506,1054239809.0,0.0,15,2.653,0
1685980800000,2.653,2.653,2.592,2.598,4794991,1259400153.0,0.0,15,2.654,0
1686067200000,2.604,2.614,2.592,2.598,3661063,952839865.0,0.0,15,2.598,0
1686153600000,2.597,2.598,2.566,2.586,3785163,977234021.0,0.0,15,2.598,0
1686240000000,2.585,2.606,2.577,2.604,3896222,1009331238.0,0.0,15,2.586,0
1686499200000,2.603,2.6260000000000003,2.599,2.616,4246455,1111177168.0,0.0,15,2.604,0
1686585600000,2.6180000000000003,2.6310000000000002,2.615,2.6270000000000002,4335080,1137867038.0,0.0,15,2.616,0
1686672000000,2.6270000000000002,2.6430000000000002,2.624,2.636,3904859,1028299625.0,0.0,15,2.6270000000000002,0
1686758400000,2.644,2.6580000000000004,2.6350000000000002,2.6510000000000002,3956823,1046838263.0,0.0,15,2.636,0
1686844800000,2.648,2.6790000000000003,2.648,2.674,4241747,1131798065.0,0.0,15,2.6510000000000002,0
1687104000000,2.673,2.689,2.6710000000000003,2.6830000000000003,5029946,1349301102.0,0.0,15,2.6740000000000004,0
1687190400000,2.686,2.6950000000000003,2.676,2.686,4878172,1309315161.0000002,0.0,15,2.6830000000000003,0
1687276800000,2.686,2.686,2.632,2.633,5546871,1472556447.0000002,0.0,15,2.686,0
1687708800000,2.622,2.628,2.576,2.586,8070219,2095360595.0,0.0,15,2.633,0
1687795200000,2.588,2.618,2.585,2.6109999999999998,4178830,1087858569.0,0.0,15,2.586,0
1687881600000,2.611,2.611,2.56,2.607,6959910,1797172141.9999998,0.0,15,2.611,0
1687968000000,2.6029999999999998,2.626,2.597,2.618,6264818,1637455748.0,0.0,15,2.6069999999999998,0
1688054400000,2.611,2.6620000000000004,2.611,2.6590000000000003,5189201,1372740527.0,0.0,15,2.6180000000000003,0
1688313600000,2.66,2.673,2.641,2.653,3979243,1056750852.0,0.0,15,2.659,0
1688400000000,2.6470000000000002,2.6660000000000004,2.6470000000000002,2.665,4586647,1220187130.0,0.0,15,2.653,0
1688486400000,2.659,2.672,2.641,2.645,4365407,1159006953.0,0.0,15,2.665,0
1688572800000,2.638,2.662,2.633,2.636,4782258,1265013907.9999998,0.0,15,2.645,0
1688659200000,2.635,2.6359999999999997,2.606,2.625,4128959,1081843473.9999998,0.0,15,2.6359999999999997,0
1688918400000,2.6319999999999997,2.639,2.614,2.626,3415252,897058248.0,0.0,15,2.625,0
1689004800000,2.627,2.648,2.621,2.647,3578223,943102978.0,0.0,15,2.626,0
1689091200000,2.6460000000000004,2.648,2.607,2.609,3835418,1007483731.0,0.0,15,2.6470000000000002,0
1689177600000,2.616,2.6390000000000002,2.611,2.6340000000000003,4747572,1247229977.0,0.0,15,2.6090000000000004,0
1689264000000,2.638,2.643,2.63,2.631,3855609,1016834481.0,0.0,15,2.634,0
1689523200000,2.6229999999999998,2.625,2.605,2.622,4258532,1113214013.0,0.0,15,2.631,0
1689609600000,2.621,2.63,2.609,2.62,3198341,837349170.9999999,0.0,15,2.622,0
1689696000000,2.617,2.628,2.6,2.614,3084999,805639893.0000001,0.0,15,2.62,0
1689782400000,2.6149999999999998,2.622,2.578,2.581,6729798,1751863854.0,0.0,15,2.614,0
1689868800000,2.578,2.597,2.569,2.578,6413246,1655811763.0,0.0,15,2.581,0
1690128000000,2.5719999999999996,2.593,2.566,2.5719999999999996,3636666,938034044.0000001,0.0,15,2.578,0
1690214400000,2.589,2.6189999999999998,2.589,2.613,6175507,1610841072.0000002,0.0,15,2.572,0
1690300800000,2.6079999999999997,2.613,2.594,2.601,4228792,1100447945.0000002,0.0,15,2.613,0
1690387200000,2.604,2.609,2.576,2.581,3751108,972528964.0000001,0.0,15,2.601,0
1690473600000,2.57,2.608,2.565,2.6029999999999998,6037254,1563857320.9999998,0.0,15,2.581,0
1690732800000,2.603,2.64,2.603,2.62,4744875,1245861326.0,0.0,15,2.603,0
1690819200000,2.621,2.627,2.609,2.616,3735023,977936314.0,0.0,15,2.62,0
1690905600000,2.6159999999999997,2.621,2.602,2.6109999999999998,4311270,1125174622.0,0.0,15,2.6159999999999997,0
1690992000000,2.61,2.6149999999999998,2.597,2.613,5120808,1334919500.0,0.0,15,2.6109999999999998,0
1691078400000,2.621,2.6430000000000002,2.615,2.628,4105511,1079808657.0,0.0,15,2.6130000000000004,0
1691337600000,2.625,2.633,2.612,2.616,3769755,987260944.0,0.0,15,2.628,0
1691424000000,2.611,2.617,2.595,2.605,3816484,994287359.9999999,0.0,15,2.616,0
1691510400000,2.598,2.6029999999999998,2.581,2.585,4377638,1133901403.0,0.0,15,2.605,0
1691596800000,2.585,2.592,2.571,2.583,3652491,943180417.0,0.0,15,2.585,0
1691683200000,2.583,2.587,2.535,2.536,4216843,1079333420.9999998,0.0,15,2.583,0
1691942400000,2.525,2.545,2.499,2.5420000000000003,4534113,1141780240.0,0.0,15,2.536,0
1692028800000,2.5389999999999997,2.546,2.497,2.5229999999999997,4628547,1165926768.0,0.0,15,2.542,0
1692115200000,2.51,2.52,2.489,2.4909999999999997,3908604,979197593.0,0.0,15,2.5229999999999997,0
1692201600000,2.4859999999999998,2.5189999999999997,2.465,2.512,4663986,1165399406.0,0.0,15,2.4909999999999997,0
1692288000000,2.518,2.521,2.461,2.4629999999999996,3724776,928020623.0,0.0,15,2.512,0
1692547200000,2.459,2.478,2.435,2.436,4977448,1223713877.0,0.0,15,2.463,0
1692633600000,2.445,2.456,2.407,2.451,6140117,1495087777.0,0.0,15,2.436,0
1692720000000,2.4410000000000003,2.4440000000000004,2.4010000000000002,2.4050000000000002,5807583,1405768248.0000002,0.0,15,2.451,0
1692806400000,2.409,2.435,2.392,2.407,4785892,1153876007.9999998,0.0,15,2.405,0
1692892800000,2.398,2.409,2.355,2.368,6318592,1506197170.0000002,0.0,15,2.407,0
1693152000000,2.507,2.507,2.375,2.383,9181696,2226546391.0,0.0,15,2.368,0
1693238400000,2.387,2.4690000000000003,2.382,2.455,10673646,2595729526.0,0.0,15,2.383,0
1693324800000,2.4549999999999996,2.493,2.453,2.4669999999999996,6123536,1514191251.0,0.0,15,2.4549999999999996,0
1693411200000,2.465,2.468,2.447,2.46,4530235,1113181491.0,0.0,15,2.467,0
1693497600000,2.461,2.474,2.447,2.458,4241653,1042486568.0,0.0,15,2.46,0
1693756800000,2.462,2.496,2.455,2.495,4903749,1213980670.0,0.0,15,2.458,0
1693843200000,2.4890000000000003,2.4970000000000003,2.474,2.4810000000000003,5948221,1477045484.0000002,0.0,15,2.495,0
1693929600000,2.4699999999999998,2.497,2.457,2.4899999999999998,4742586,1175169345.0,0.0,15,2.481,0
1694016000000,2.4890000000000003,2.4890000000000003,2.446,2.448,6122885,1508859197.0,0.0,15,2.49,0
1694102400000,2.444,2.463,2.439,2.453,4797775,1176981846.0,0.0,15,2.448,0
1694361600000,2.4499999999999997,2.497,2.445,2.489,4241470,1050084210.0,0.0,15,2.453,0
1694448000000,2.481,2.4989999999999997,2.481,2.4869999999999997,3098728,771498848.0,0.0,15,2.489,0
1694534400000,2.483,2.485,2.436,2.455,4167541,1023969772.0,0.0,15,2.487,0
1694620800000,2.4530000000000003,2.455,2.43,2.446,3550028,867226330.0,0.0,15,2.455,0
1694707200000,2.4459999999999997,2.463,2.432,2.447,4450205,1088016606.0,0.0,15,2.4459999999999997,0
1694966400000,2.4370000000000003,2.4600000000000004,2.4290000000000003,2.4490000000000003,3845096,941162424.0,0.0,15,2.447,0
1695052800000,2.447,2.451,2.42,2.431,3589780,871597672.0,0.0,15,2.449,0
1695139200000,2.4259999999999997,2.433,2.408,2.409,4178861,1011667586.0,0.0,15,2.431,0
1695225600000,2.4,2.416,2.387,2.391,3819428,915724105.0,0.0,15,2.409,0
1695312000000,2.3880000000000003,2.439,2.3850000000000002,2.439,5186232,1253182364.0,0.0,15,2.391,0
1695571200000,2.4299999999999997,2.44,2.42,2.4259999999999997,4699682,1139966206.0,0.0,15,2.439,0
1695657600000,2.425,2.429,2.415,2.416,3358028,812728096.0,0.0,15,2.426,0
1695744000000,2.415,2.442,2.411,2.431,4659021,1133520513.9999998,0.0,15,2.416,0
1695830400000,2.431,2.45,2.431,2.449,5011609,1223408923.0,0.0,15,2.431,0
1696780800000,2.44,2.447,2.422,2.439,4603525,1120715666.0000002,0.0,15,2.4490000000000003,0
1696867200000,2.441,2.451,2.427,2.431,3650414,888459407.0,0.0,15,2.439,0
1696953600000,2.44,2.46,2.428,2.436,6211826,1515784219.0,0.0,15,2.431,0
1697040000000,2.448,2.456,2.437,2.4539999999999997,4844102,1185695781.0,0.0,15,2.436,0
1697126400000,2.44,2.4499999999999997,2.44,2.449,3228735,789425521.0,0.0,15,2.4539999999999997,0
1697385600000,2.45,2.454,2.414,2.422,4866148,1180172488.0,0.0,15,2.4490000000000003,0
1697472000000,2.422,2.4250000000000003,2.4010000000000002,2.418,2751098,663099227.0,0.0,15,2.422,0
1697558400000,2.4090000000000003,2.412,2.374,2.378,4114997,981596962.0000001,0.0,15,2.418,0
1697644800000,2.369,2.3850000000000002,2.349,2.353,4105787,971621614.0,0.0,15,2.378,0
1697731200000,2.346,2.357,2.318,2.327,4255398,993855924.0,0.0,15,2.353,0
1697990400000,2.3169999999999997,2.319,2.255,2.268,4983422,1138934367.0,0.0,15,2.327,0
1698076800000,2.27,2.31,2.2600000000000002,2.297,4171145,953550096.0000001,0.0,15,2.2680000000000002,0
1698163200000,2.3160000000000003,2.337,2.313,2.323,4218015,981499123.0000001,0.0,15,2.297,0
1698249600000,2.316,2.343,2.303,2.339,3870009,896765567.0,0.0,15,2.323,0
1698336000000,2.332,2.391,2.322,2.383,3089521,729153735.0,0.0,15,2.339,0
1698595200000,2.37,2.424,2.37,2.414,3111033,746928237.0,0.0,15,2.383,0
1698681600000,2.407,2.4179999999999997,2.388,2.401,2521476,605365790.0,0.0,15,2.4139999999999997,0
1698768000000,2.407,2.409,2.388,2.3979999999999997,2409891,577515662.0,0.0,15,2.401,0
1698854400000,2.397,2.409,2.371,2.372,3202206,763558550.0,0.0,15,2.398,0
1698940800000,2.379,2.4130000000000003,2.3770000000000002,2.402,5105818,1225766499.0,0.0,15,2.3720000000000003,0
1699200000000,2.415,2.455,2.414,2.451,4026041,982359167.0,0.0,15,2.402,0
1699286400000,2.4419999999999997,2.468,2.441,2.4589999999999996,4219755,1034757722.0,0.0,15,2.4509999999999996,0
1699372800000,2.455,2.479,2.45,2.4690000000000003,3484172,859269252.0,0.0,15,2.459,0
1699459200000,2.463,2.479,2.447,2.453,3030057,744819731.0000001,0.0,15,2.469,0
1699545600000,2.447,2.453,2.435,2.449,2747060,671616728.0,0.0,15,2.453,0
1699804800000,2.4570000000000003,2.475,2.45,2.474,2652413,652525492.0,0.0,15,2.4490000000000003,0
1699891200000,2.472,2.493,2.468,2.487,2852381,707826011.0,0.0,15,2.4739999999999998,0
1699977600000,2.505,2.508,2.487,2.497,3035364,757391132.0,0.0,15,2.487,0
1700064000000,2.487,2.492,2.47,2.471,3057778,758401652.0,0.0,15,2.4970000000000003,0
1700150400000,2.4690000000000003,2.499,2.462,2.498,2999021,743357514.0,0.0,15,2.471,0
1700409600000,2.493,2.519,2.484,2.515,2734174,683958857.0,0.0,15,2.4979999999999998,0
1700496000000,2.5180000000000002,2.523,2.495,2.497,2393896,601226300.0000001,0.0,15,2.515,0
1700582400000,2.4930000000000003,2.5060000000000002,2.466,2.47,2230827,555126581.0,0.0,15,2.4970000000000003,0
1700668800000,2.47,2.496,2.455,2.494,3086936,764423111.0,0.0,15,2.47,0
1700755200000,2.493,2.493,2.452,2.459,3319319,819384905.0,0.0,15,2.4939999999999998,0
1701014400000,2.4610000000000003,2.466,2.442,2.46,2410330,591132258.0,0.0,15,2.459,0
1701100800000,2.4549999999999996,2.4739999999999998,2.437,2.469,2341341,575783232.0,0.0,15,2.46,0
1701187200000,2.4709999999999996,2.4739999999999998,2.453,2.4619999999999997,2238928,551981605.9999999,0.0,15,2.469,0
1701273600000,2.46,2.461,2.424,2.4459999999999997,2738405,668357955.0000001,0.0,15,2.4619999999999997,0
1701360000000,2.446,2.474,2.434,2.4690000000000003,3084494,756785754.0,0.0,15,2.446,0
1701619200000,2.468,2.475,2.456,2.4579999999999997,2114072,520800040.0,0.0,15,2.469,0
1701705600000,2.45,2.452,2.411,2.414,2557139,621954844.0,0.0,15,2.458,0
1701792000000,2.412,2.442,2.402,2.424,2366311,572671769.0,0.0,15,2.414,0
1701878400000,2.417,2.4339999999999997,2.404,2.4219999999999997,3315406,802192777.0,0.0,15,2.424,0
1701964800000,2.422,2.44,2.415,2.417,3929045,952890389.0,0.0,15,2.422,0
1702224000000,2.405,2.452,2.391,2.442,5185315,1255749177.0000002,0.0,15,2.417,0
1702310400000,2.44,2.45,2.435,2.448,3672445,896996526.0,0.0,15,2.442,0
1702396800000,2.4490000000000003,2.4490000000000003,2.422,2.4250000000000003,2731288,665493647.0,0.0,15,2.448,0
1702483200000,2.437,2.448,2.412,2.417,3497929,849822930.0000001,0.0,15,2.425,0
1702569600000,2.4219999999999997,2.428,2.388,2.4,3576725,859776567.0,0.0,15,2.417,0
1702828800000,2.391,2.3970000000000002,2.354,2.362,2192727,520786475.0,0.0,15,2.4,0
1702915200000,2.363,2.373,2.345,2.3640000000000003,2484185,585698507.0,0.0,15,2.362,0
1703001600000,2.363,2.367,2.321,2.322,2337495,546562169.0,0.0,15,2.3640000000000003,0
1703088000000,2.309,2.343,2.29,2.334,2994420,693809148.0000001,0.0,15,2.322,0
1703174400000,2.332,2.344,2.303,2.314,2984808,692924368.0,0.0,15,2.334,0
1703433600000,2.309,2.32,2.294,2.31,2871125,661805075.0,0.0,15,2.314,0
1703520000000,2.306,2.308,2.271,2.28,3178739,725864226.0,0.0,15,2.31,0
1703606400000,2.2800000000000002,2.299,2.269,2.293,3695511,844663155.0,0.0,15,2.2800000000000002,0
1703692800000,2.285,2.347,2.278,2.34,4967557,1152416615.0,0.0,15,2.293,0
1703779200000,2.338,2.375,2.325,2.374,3659420,864174973.0000001,0.0,15,2.3400000000000003,0
1704124800000,2.371,2.376,2.354,2.354,4024697,951096966.0000001,0.0,15,2.374,0
1704211200000,2.3489999999999998,2.36,2.327,2.343,3848503,900556340.0,0.0,15,2.354,0
1704297600000,2.339,2.343,2.315,2.3289999999999997,3713291,863260044.0,0.0,15,2.343,0
1704384000000,2.323,2.333,2.278,2.292,3170954,731336763.0000001,0.0,15,2.329,0
1704643200000,2.285,2.285,2.23,2.233,2975931,670287089.0,0.0,15,2.292,0
1704729600000,2.238,2.2590000000000003,2.216,2.233,2996766,670611554.0000001,0.0,15,2.233,0
1704816000000,2.224,2.249,2.197,2.218,2250083,499762981.0,0.0,15,2.233,0
1704902400000,2.215,2.272,2.215,2.262,3490645,784357922.0,0.0,15,2.218,0
1704988800000,2.251,2.275,2.243,2.243,2965608,669928414.0,0.0,15,2.262,0
1705248000000,2.233,2.2590000000000003,2.22,2.236,2200515,492632590.0,0.0,15,2.2430000000000003,0
1705334400000,2.234,2.2399999999999998,2.199,2.23,2847257,632680886.0,0.0,15,2.2359999999999998,0
1705420800000,2.221,2.2260000000000004,2.1670000000000003,2.168,2129943,469089779.00000006,0.0,15,2.2300000000000004,0
1705507200000,2.1679999999999997,2.182,2.098,2.162,4395183,937374833.0,0.0,15,2.1679999999999997,0
1705593600000,2.15,2.169,2.133,2.135,4561341,981018686.0,0.0,15,2.162,0
1705852800000,2.135,2.135,2.001,2.018,3186689,658552129.0,0.0,15,2.135,0
1705939200000,2.008,2.054,1.98,2.044,3332669,675726599.0,0.0,15,2.018,0
1706025600000,2.048,2.0780000000000003,1.991,2.076,3385648,690226233.0,0.0,15,2.044,0
1706112000000,2.07,2.1479999999999997,2.05,2.147,3613915,763758690.0,0.0,15,2.0759999999999996,0
1706198400000,2.142,2.1550000000000002,2.112,2.12,3213052,685456122.0000001,0.0,15,2.1470000000000002,0
1706457600000,2.1189999999999998,2.135,2.061,2.062,2971174,620810733.0,0.0,15,2.12,0
1706544000000,2.05,2.072,2.001,2.005,2689563,547857945.0,0.0,15,2.062,0
1706630400000,2.001,2.009,1.923,1.931,3777085,739380648.0,0.0,15,2.005,0
1706716800000,1.9200000000000002,1.959,1.8860000000000001,1.9140000000000001,5483662,1055247346.0,0.0,15,1.931,0
1706803200000,1.9130000000000003,1.935,1.7830000000000001,1.8490000000000002,6058867,1129187484.0,0.0,15,1.9140000000000001,0
1707062400000,1.82,1.823,1.681,1.737,49377633,8700396123.0,0.0,15,1.849,0
1707148800000,1.7009999999999998,1.876,1.68,1.855,30463419,5398219113.0,0.0,15,1.7369999999999999,0
1707235200000,1.839,1.955,1.839,1.938,20384000,3915804858.0,0.0,15,1.855,0
1707321600000,1.96,2.043,1.949,2.017,14718472,2962793571.0,0.0,15,1.9380000000000002,0
1708272000000,2.027,2.05,1.986,2.02,18948572,3821177177.0,0.0,15,2.017,0
1708358400000,2.0020000000000002,2.035,1.987,2.025,5775770,1159892193.0,0.0,15,2.02,0
1708444800000,2.012,2.096,2.001,2.0349999999999997,9102136,1872046201.0,0.0,15,2.025,0
1708531200000,2.033,2.073,2.032,2.07,4912828,1009652007.0,0.0,15,2.035,0
1708617600000,2.0709999999999997,2.106,2.053,2.105,5789010,1202547588.0,0.0,15,2.07,0
1708876800000,2.1020000000000003,2.144,2.087,2.109,5693160,1202587767.0,0.0,15,2.105,0
1708963200000,2.0999999999999996,2.1759999999999997,2.094,2.173,5747718,1229019882.0,0.0,15,2.109,0
1709049600000,2.173,2.202,2.066,2.0679999999999996,11701569,2495932242.0,0.0,15,2.173,0
1709136000000,2.057,2.152,2.053,2.151,6323872,1339087543.0,0.0,15,2.068,0
1709222400000,2.148,2.178,2.137,2.175,6397726,1379505277.0000002,0.0,15,2.151,0
1709481600000,2.1740000000000004,2.1860000000000004,2.1390000000000002,2.1790000000000003,5839041,1263579869.0,0.0,15,2.1750000000000003,0
1709568000000,2.166,2.176,2.145,2.163,19703073,4265349234.0,0.0,15,2.179,0
1709654400000,2.156,2.186,2.133,2.161,5295808,1145319846.0,0.0,15,2.163,0
1709740800000,2.162,2.185,2.128,2.129,5171245,1113134896.0,0.0,15,2.161,0
1709827200000,2.134,2.167,2.121,2.157,3722463,799293094.0,0.0,15,2.129,0
1710086400000,2.1500000000000004,2.201,2.1470000000000002,2.2,5732705,1245798281.0,0.0,15,2.157,0
1710172800000,2.2,2.223,2.185,2.21,4308202,950150223.0,0.0,15,2.2,0
1710259200000,2.2079999999999997,2.238,2.199,2.2169999999999996,3736997,828631481.0,0.0,15,2.21,0
1710345600000,2.214,2.2279999999999998,2.183,2.2039999999999997,3539056,781966401.0,0.0,15,2.2169999999999996,0
1710432000000,2.196,2.2390000000000003,2.192,2.238,5199976,1152389210.0,0.0,15,2.204,0
1710691200000,2.2399999999999998,2.276,2.231,2.275,5156826,1162277587.0,0.0,15,2.238,0
1710777600000,2.266,2.274,2.25,2.253,4547237,1028152848.0,0.0,15,2.275,0
1710864000000,2.252,2.279,2.25,2.273,3557120,804891516.0,0.0,15,2.253,0
1710950400000,2.278,2.289,2.258,2.272,3047587,693462739.0,0.0,15,2.273,0
1711036800000,2.27,2.274,2.229,2.246,4638141,1042343701.0000001,0.0,15,2.2720000000000002,0
1711296000000,2.243,2.254,2.195,2.1959999999999997,5086326,1132476441.0,0.0,15,2.246,0
1711382400000,2.194,2.208,2.165,2.186,4872958,1066226591.0000001,0.0,15,2.196,0
1711468800000,2.18,2.186,2.113,2.1149999999999998,5169290,1110565857.0,0.0,15,2.186,0
1711555200000,2.111,2.185,2.111,2.164,5980010,1292168990.0,0.0,15,2.115,0
1711641600000,2.158,2.189,2.146,2.187,5380543,1167120176.0,0.0,15,2.1639999999999997,0
1711900800000,2.192,2.237,2.192,2.233,6076510,1349320913.0,0.0,15,2.1870000000000003,0
1711987200000,2.23,2.233,2.204,2.221,5517541,1224007532.0,0.0,15,2.233,0
1712073600000,2.2209999999999996,2.2209999999999996,2.191,2.214,5221133,1150475682.0,0.0,15,2.2209999999999996,0
1712505600000,2.2030000000000003,2.205,2.1670000000000003,2.168,3274859,716710997.0,0.0,15,2.2140000000000004,0
1712592000000,2.1679999999999997,2.199,2.162,2.1959999999999997,2349480,512559164.0,0.0,15,2.1679999999999997,0
1712678400000,2.192,2.192,2.1390000000000002,2.157,2466599,533830787.0,0.0,15,2.196,0
1712764800000,2.144,2.188,2.14,2.162,3198142,693322490.0000001,0.0,15,2.157,0
1712851200000,2.156,2.176,2.14,2.144,2649391,571133240.0000001,0.0,15,2.162,0
1713110400000,2.138,2.155,2.093,2.125,3258943,692288483.0,0.0,15,2.144,0
1713196800000,2.117,2.1229999999999998,2.033,2.034,6948136,1436381766.0,0.0,15,2.125,0
1713283200000,2.0509999999999997,2.127,2.049,2.126,5824024,1222645409.0,0.0,15,2.034,0
1713369600000,2.115,2.149,2.099,2.123,6208903,1321298884.0,0.0,15,2.1260000000000003,0
1713456000000,2.1109999999999998,2.135,2.097,2.113,4814520,1017316017.0000001,0.0,15,2.1229999999999998,0
1713715200000,2.105,2.133,2.08,2.109,2440870,515223380.0,0.0,15,2.113,0
1713801600000,2.105,2.118,2.084,2.095,2814310,590376801.0,0.0,15,2.109,0
1713888000000,2.093,2.135,2.089,2.134,4414331,935067291.0,0.0,15,2.0949999999999998,0
1713974400000,2.132,2.1550000000000002,2.12,2.133,3903094,834951278.0,0.0,15,2.134,0
1714060800000,2.134,2.181,2.129,2.177,8162320,1767085398.0000002,0.0,15,2.133,0
1714320000000,2.185,2.234,2.18,2.23,9467197,2100012448.0,0.0,15,2.177,0
1714406400000,2.226,2.232,2.201,2.207,4637974,1026873766.0,0.0,15,2.23,0
1714924800000,2.237,2.269,2.236,2.248,7759707,1743482702.0,0.0,15,2.2070000000000003,0
1715011200000,2.246,2.262,2.243,2.2569999999999997,4513486,1016770385.9999999,0.0,15,2.2479999999999998,0
1715097600000,2.25,2.25,2.219,2.2209999999999996,5336885,1189859320.0,0.0,15,2.2569999999999997,0
1715184000000,2.218,2.268,2.218,2.26,3818825,860885090.0000001,0.0,15,2.221,0
1715270400000,2.2670000000000003,2.2710000000000004,2.228,2.24,7534177,1685968934.0000002,0.0,15,2.2600000000000002,0
1715529600000,2.227,2.234,2.199,2.219,4717901,1045165451.0,0.0,15,2.2399999999999998,0
1715616000000,2.22,2.245,2.217,2.229,3942747,879171054.0000001,0.0,15,2.219,0
1715702400000,2.227,2.233,2.205,2.209,2245902,498244689.0,0.0,15,2.229,0
1715788800000,2.213,2.23,2.2,2.204,3275784,726582151.0,0.0,15,2.209,0
1715875200000,2.205,2.242,2.2,2.24,4795495,1067336662.0,0.0,15,2.204,0
1716134400000,2.24,2.258,2.232,2.248,5249128,1179527500.9999998,0.0,15,2.24,0
1716220800000,2.244,2.245,2.216,2.225,6430071,1432371088.0,0.0,15,2.248,0
1716307200000,2.222,2.233,2.213,2.228,2103647,468128441.0,0.0,15,2.225,0
1716393600000,2.221,2.221,2.172,2.18,3188842,699331089.0000001,0.0,15,2.228,0
1716480000000,2.169,2.19,2.154,2.154,2496852,541469252.0,0.0,15,2.1799999999999997,0
1716739200000,2.159,2.181,2.129,2.179,2729333,586492211.0,0.0,15,2.154,0
1716825600000,2.169,2.178,2.15,2.154,2502269,541897325.0000001,0.0,15,2.179,0
1716912000000,2.15,2.1710000000000003,2.144,2.153,2246476,485112172.00000006,0.0,15,2.154,0
1716998400000,2.143,2.166,2.137,2.152,2679855,576987102.0,0.0,15,2.153,0
1717084800000,2.155,2.1719999999999997,2.154,2.158,2995238,647440920.0,0.0,15,2.152,0
1717344000000,2.154,2.158,2.113,2.129,3168990,676396984.0,0.0,15,2.158,0
1717430400000,2.12,2.148,2.111,2.1430000000000002,3059063,651490180.0,0.0,15,2.129,0
1717516800000,2.137,2.15,2.116,2.117,2497357,532837837.0,0.0,15,2.1430000000000002,0
1717603200000,2.121,2.13,2.064,2.073,4392620,917648348.0,0.0,15,2.117,0
1717689600000,2.0900000000000003,2.097,2.059,2.081,4642476,965799755.0,0.0,15,2.073,0
1718035200000,2.07,2.106,2.053,2.1,3365182,701082490.0000001,0.0,15,2.081,0
1718121600000,2.0909999999999997,2.113,2.089,2.106,3286368,692116431.0,0.0,15,2.1,0
1718208000000,2.111,2.111,2.088,2.093,2130997,446962164.99999994,0.0,15,2.106,0
1718294400000,2.0860000000000003,2.105,2.079,2.099,3993800,835239668.0,0.0,15,2.093,0
1718553600000,2.089,2.11,2.086,2.0959999999999996,3477312,730634636.0,0.0,15,2.0989999999999998,0
1718640000000,2.0959999999999996,2.1199999999999997,2.094,2.1149999999999998,5997631,1266486757.0,0.0,15,2.0959999999999996,0
1718726400000,2.117,2.122,2.086,2.0869999999999997,5789749,1213020443.0,0.0,15,2.1149999999999998,0
1718812800000,2.083,2.092,2.043,2.049,4637103,956435934.0,0.0,15,2.087,0
1718899200000,2.042,2.06,2.033,2.046,3407907,697378909.0,0.0,15,2.049,0
1719158400000,2.034,2.035,1.978,1.98,3587795,718454854.0,0.0,15,2.046,0
1719244800000,1.98,1.989,1.949,1.964,3854625,759518395.0,0.0,15,1.98,0
1719331200000,1.96,2.024,1.95,2.022,4983791,993141498.0000001,0.0,15,1.964,0
1719417600000,2.011,2.016,1.97,1.9729999999999999,5411516,1076063619.0,0.0,15,2.022,0
1719504000000,1.9669999999999999,2.016,1.966,1.9829999999999999,7240613,1447707051.0,0.0,15,1.9729999999999999,0
1719763200000,1.979,2.011,1.959,2.001,6439820,1276369634.0,0.0,15,1.983,0
1719849600000,1.998,2.008,1.979,1.987,4129806,822437424.0000001,0.0,15,2.001,0
1719936000000,1.9829999999999999,1.9889999999999999,1.968,1.9709999999999999,2787296,551514095.0000001,0.0,15,1.9869999999999999,0
1720022400000,1.975,1.98,1.921,1.932,7279207,1412888219.0,0.0,15,1.971,0
1720108800000,1.9280000000000002,1.9600000000000002,1.9120000000000001,1.951,5645607,1091526136.0,0.0,15,1.9320000000000002,0
1720368000000,1.9420000000000002,1.945,1.8960000000000001,1.905,4097540,786374573.0,0.0,15,1.951,0
1720454400000,1.9,1.952,1.885,1.946,10851499,2080017301.0,0.0,15,1.905,0
1720540800000,1.94,1.959,1.935,1.937,4657979,906375667.0,0.0,15,1.946,0
1720627200000,1.961,1.988,1.955,1.986,6271973,1238243804.0,0.0,15,1.937,0
1720713600000,1.984,1.988,1.969,1.978,3544970,701226903.0,0.0,15,1.986,0
1720972800000,1.972,1.9749999999999999,1.952,1.9569999999999999,10678029,2097856425.0000002,0.0,15,1.978,0
1721059200000,1.952,1.966,1.94,1.962,6102245,1191689772.0,0.0,15,1.9569999999999999,0
1721145600000,1.958,1.963,1.943,1.949,16556248,3234163466.0,0.0,15,1.962,0
1721232000000,1.935,1.959,1.9140000000000001,1.9540000000000002,14598055,2824521056.0,0.0,15,1.949,0
1721318400000,1.938,1.973,1.937,1.955,9201601,1802573330.0000002,0.0,15,1.954,0
1721577600000,1.954,1.967,1.945,1.958,5565293,1090468428.9999998,0.0,15,1.955,0
1721664000000,1.9580000000000002,1.9600000000000002,1.9040000000000001,1.9040000000000001,3420621,659392469.0000001,0.0,15,1.9580000000000002,0
1721750400000,1.902,1.911,1.877,1.878,5209922,986263929.0,0.0,15,1.904,0
1721836800000,1.869,1.902,1.865,1.88,4823972,908348774.9999999,0.0,15,1.878,0
1721923200000,1.879,1.915,1.8780000000000001,1.9100000000000001,3284995,625502858.9999999,0.0,15,1.8800000000000001,0
1722182400000,1.91,1.913,1.895,1.901,1909866,363204368.0,0.0,15,1.91,0
1722268800000,1.895,1.918,1.881,1.909,3005945,571111275.0,0.0,15,1.901,0
1722355200000,1.907,1.995,1.903,1.993,14631132,2878227401.0,0.0,15,1.909,0
1722441600000,1.99,2.007,1.968,1.98,7923880,1575826251.0,0.0,15,1.9929999999999999,0
1722528000000,1.964,1.9929999999999999,1.948,1.9529999999999998,4509518,888552344.0,0.0,15,1.98,0
1722787200000,1.9380000000000002,1.9740000000000002,1.8980000000000001,1.901,10774062,2077977409.0,0.0,15,1.953,0
1722873600000,1.921,1.938,1.905,1.927,6371209,1222795154.0,0.0,15,1.901,0
1722960000000,1.921,1.938,1.913,1.925,6018690,1159042994.0000002,0.0,15,1.927,0
1723046400000,1.9180000000000001,1.9420000000000002,1.8980000000000001,1.927,4142349,796364345.0,0.0,15,1.925,0
1723132800000,1.9360000000000002,1.9480000000000002,1.9080000000000001,1.9080000000000001,3970033,763831205.9999999,0.0,15,1.927,0
1723392000000,1.9040000000000001,1.911,1.8920000000000001,1.901,2846007,541164199.0,0.0,15,1.9080000000000001,0
1723478400000,1.899,1.911,1.885,1.906,4201222,797714699.0,0.0,15,1.901,0
1723564800000,1.905,1.907,1.8860000000000001,1.887,2755027,522115493.0,0.0,15,1.9060000000000001,0
1723651200000,1.88,1.929,1.879,1.904,8645092,1650136261.0,0.0,15,1.887,0
1723737600000,1.904,1.911,1.889,1.889,4298066,815225487.0,0.0,15,1.904,0
1723996800000,1.888,1.917,1.885,1.893,3380325,642704831.0,0.0,15,1.889,0
1724083200000,1.8940000000000001,1.897,1.852,1.86,7526410,1403249567.9999998,0.0,15,1.893,0
1724169600000,1.853,1.867,1.848,1.85,2828268,524495753.0,0.0,15,1.86,0
1724256000000,1.85,1.856,1.824,1.827,4234944,776747581.0000001,0.0,15,1.85,0
1724342400000,1.825,1.8339999999999999,1.815,1.8279999999999998,4773327,871403802.0,0.0,15,1.827,0
1724601600000,1.827,1.8439999999999999,1.821,1.835,4636382,850796221.0000001,0.0,15,1.8279999999999998,0
1724688000000,1.8299999999999998,1.8299999999999998,1.809,1.815,9098309,1653888479.0,0.0,15,1.835,0
1724774400000,1.812,1.834,1.806,1.817,7342588,1336387663.0,0.0,15,1.815,0
1724860800000,1.81,1.855,1.808,1.847,8497532,1562323530.0000002,0.0,15,1.817,0
1724947200000,1.843,1.91,1.843,1.882,16068835,3035694860.0,0.0,15,1.847,0
1725206400000,1.877,1.885,1.839,1.8419999999999999,8556059,1591408300.0,0.0,15,1.882,0
1725292800000,1.838,1.871,1.838,1.858,7891624,1464018477.0,0.0,15,1.842,0
1725379200000,1.844,1.87,1.84,1.851,4725017,875597218.0,0.0,15,1.858,0
1725465600000,1.852,1.8780000000000001,1.852,1.866,4408152,821290430.0,0.0,15,1.8510000000000002,0
1725552000000,1.869,1.871,1.83,1.835,6809007,1257254828.0,0.0,15,1.866,0
1725811200000,1.825,1.841,1.812,1.82,4083670,745097345.0,0.0,15,1.835,0
1725897600000,1.82,1.834,1.788,1.826,5183600,938019914.0000001,0.0,15,1.82,0
1725984000000,1.8159999999999998,1.831,1.811,1.825,8607008,1569170184.0,0.0,15,1.8259999999999998,0
1726070400000,1.828,1.849,1.816,1.819,6178761,1131386008.0000002,0.0,15,1.825,0
1726156800000,1.819,1.8219999999999998,1.795,1.797,6580048,1188466623.0,0.0,15,1.819,0
1726588800000,1.7950000000000002,1.7990000000000002,1.7650000000000001,1.7890000000000001,5205862,928118693.0,0.0,15,1.7970000000000002,0
1726675200000,1.7930000000000001,1.8430000000000002,1.7810000000000001,1.824,11194599,2032423193.0,0.0,15,1.7890000000000001,0
1726761600000,1.819,1.823,1.799,1.8139999999999998,15370800,2785055266.0,0.0,15,1.8239999999999998,0
1727020800000,1.811,1.837,1.804,1.816,4521826,823315819.0,0.0,15,1.814,0
1727107200000,1.833,1.8940000000000001,1.814,1.8920000000000001,20902280,3892250425.9999995,0.0,15,1.816,0
1727193600000,1.911,1.953,1.903,1.905,13585958,2616895709.0,0.0,15,1.8920000000000001,0
1727280000000,1.897,1.998,1.897,1.994,27401386,5362037241.000001,0.0,15,1.905,0
1727366400000,2.025,2.18,2.007,2.172,14159668,2924884104.0,0.0,15,1.9940000000000002,0
1727625600000,2.27,2.3890000000000002,2.161,2.3890000000000002,58432656,13308018547.0,0.0,15,2.172,0
1728316800000,2.628,2.628,2.39,2.529,37497256,9463152101.0,0.0,15,2.3890000000000002,0
1728403200000,2.4299999999999997,2.48,2.303,2.324,23715581,5693473537.0,0.0,15,2.529,0
1728489600000,2.3360000000000003,2.395,2.273,2.295,21691317,5059557303.0,0.0,15,2.3240000000000003,0
1728576000000,2.281,2.284,2.17,2.203,25026797,5551958747.0,0.0,15,2.295,0
1728835200000,2.21,2.286,2.17,2.283,21085544,4702568534.0,0.0,15,2.203,0
1728921600000,2.2649999999999997,2.318,2.231,2.2359999999999998,25153400,5715334758.0,0.0,15,2.283,0
1729008000000,2.201,2.279,2.201,2.244,10538649,2364676465.0,0.0,15,2.236,0
1729094400000,2.2600000000000002,2.286,2.233,2.235,15527264,3505287352.0,0.0,15,2.244,0
1729180800000,2.2310000000000003,2.4130000000000003,2.228,2.337,34565225,8077833459.999999,0.0,15,2.2350000000000003,0
1729440000000,2.348,2.418,2.338,2.379,17466540,4157949757.0000005,0.0,15,2.337,0
1729526400000,2.373,2.4130000000000003,2.361,2.3920000000000003,16085160,3834257460.0,0.0,15,2.379,0
1729612800000,2.396,2.44,2.378,2.398,9240243,2225819085.0000005,0.0,15,2.392,0
1729699200000,2.383,2.394,2.361,2.382,8342146,1983642994.0,0.0,15,2.398,0
1729785600000,2.383,2.449,2.383,2.437,13996390,3391460637.0,0.0,15,2.382,0
1730044800000,2.431,2.471,2.42,2.4699999999999998,9716479,2380862499.9999995,0.0,15,2.437,0
1730131200000,2.48,2.483,2.428,2.433,19088793,4681000439.000001,0.0,15,2.4699999999999998,0
1730217600000,2.42,2.455,2.411,2.447,10071256,2450508281.0,0.0,15,2.433,0
1730304000000,2.45,2.509,2.435,2.483,10248289,2538497445.0,0.0,15,2.447,0
1730390400000,2.4699999999999998,2.485,2.404,2.411,13378782,3260280576.0000005,0.0,15,2.483,0
1730649600000,2.4,2.469,2.399,2.466,7315794,1783324223.0,0.0,15,2.411,0
1730736000000,2.464,2.559,2.456,2.549,20339349,5133513391.000001,0.0,15,2.4659999999999997,0
1730822400000,2.5500000000000003,2.589,2.535,2.557,11164942,2860190628.0000005,0.0,15,2.549,0
1730908800000,2.531,2.608,2.531,2.605,8553537,2196870967.0,0.0,15,2.557,0
1730995200000,2.62,2.649,2.595,2.607,10877442,2849866193.0,0.0,15,2.605,0
1731254400000,2.595,2.6710000000000003,2.595,2.668,17378845,4593534021.0,0.0,15,2.607,0
1731340800000,2.67,2.6870000000000003,2.612,2.641,9997543,2654182206.0,0.0,15,2.668,0
1731427200000,2.624,2.6430000000000002,2.583,2.6260000000000003,9527488,2488898150.0,0.0,15,2.641,0
1731513600000,2.621,2.625,2.545,2.549,15669183,4041334943.0000005,0.0,15,2.626,0
1731600000000,2.543,2.571,2.488,2.489,9606397,2433464180.0,0.0,15,2.549,0
1731859200000,2.495,2.505,2.407,2.43,11718113,2869224849.0,0.0,15,2.489,0
1731945600000,2.424,2.4939999999999998,2.416,2.491,9772732,2395231777.0,0.0,15,2.4299999999999997,0
1732032000000,2.481,2.541,2.475,2.537,14150981,3544503225.9999995,0.0,15,2.491,0
1732118400000,2.533,2.553,2.516,2.543,4584069,1163944469.0000002,0.0,15,2.537,0
1732204800000,2.538,2.548,2.445,2.4469999999999996,6131744,1533755702.9999998,0.0,15,2.5429999999999997,0
1732464000000,2.4610000000000003,2.466,2.4090000000000003,2.458,4134487,1007004691.0,0.0,15,2.447,0
1732550400000,2.451,2.4770000000000003,2.4250000000000003,2.426,5137346,1256359326.0,0.0,15,2.458,0
1732636800000,2.423,2.49,2.379,2.486,12000802,2931115414.0,0.0,15,2.426,0
1732723200000,2.484,2.5050000000000003,2.466,2.472,8308942,2065887411.0000002,0.0,15,2.486,0
1732809600000,2.469,2.5389999999999997,2.453,2.513,15632945,3923756089.9999995,0.0,15,2.472,0
1733068800000,2.5140000000000002,2.573,2.511,2.564,10515096,2685604948.0,0.0,15,2.513,0
1733155200000,2.565,2.5789999999999997,2.533,2.557,13765727,3518298188.0000005,0.0,15,2.564,0
1733241600000,2.5530000000000004,2.5570000000000004,2.5060000000000002,2.523,10225550,2594327039.0000005,0.0,15,2.5570000000000004,0
1733328000000,2.515,2.561,2.512,2.552,7072183,1800396955.0,0.0,15,2.523,0
1733414400000,2.551,2.595,2.5260000000000002,2.58,19695967,5051954275.0,0.0,15,2.552,0
1733673600000,2.5770000000000004,2.5890000000000004,2.5380000000000003,2.5570000000000004,8439358,2160328000.0,0.0,15,2.58,0
1733760000000,2.645,2.649,2.577,2.584,19545004,5108613203.0,0.0,15,2.557,0
1733846400000,2.579,2.62,2.575,2.617,8682717,2266269720.0,0.0,15,2.584,0
1733932800000,2.617,2.639,2.593,2.637,7566059,1979570080.0,0.0,15,2.617,0
1734019200000,2.62,2.622,2.58,2.585,15281581,3972178856.0,0.0,15,2.637,0
1734278400000,2.5850000000000004,2.587,2.5420000000000003,2.552,6062445,1553098336.0,0.0,15,2.5850000000000004,0
1734364800000,2.5429999999999997,2.55,2.493,2.497,9148330,2295569468.0,0.0,15,2.552,0
1734451200000,2.5,2.535,2.488,2.517,6384272,1604284914.0,0.0,15,2.497,0
1734537600000,2.493,2.53,2.48,2.524,5925097,1482563073.0,0.0,15,2.517,0
1734624000000,2.516,2.568,2.515,2.549,6062495,1542048304.0,0.0,15,2.524,0
1734883200000,2.543,2.547,2.475,2.477,10280652,2570796872.0,0.0,15,2.549,0
1734969600000,2.48,2.505,2.467,2.504,6134644,1526971891.0,0.0,15,2.477,0
1735056000000,2.504,2.504,2.454,2.479,11742413,2902962731.0,0.0,15,2.504,0
1735142400000,2.475,2.512,2.474,2.503,9261007,2316026775.0,0.0,15,2.479,0
1735228800000,2.5029999999999997,2.542,2.489,2.5069999999999997,6801497,1713426125.0,0.0,15,2.5029999999999997,0
1735488000000,2.502,2.517,2.48,2.5,6902789,1724937278.0,0.0,15,2.507,0
1735574400000,2.499,2.508,2.418,2.42,10874955,2663752479.0,0.0,15,2.5,0
1735747200000,2.416,2.431,2.332,2.355,11900493,2837372716.0,0.0,15,2.42,0
1735833600000,2.358,2.365,2.2800000000000002,2.29,16731342,3871617675.0,0.0,15,2.3550000000000004,0
1736092800000,2.285,2.31,2.2600000000000002,2.277,12852560,2935608754.0,0.0,15,2.29,0
1736179200000,2.2760000000000002,2.311,2.265,2.31,13347177,3066049098.0,0.0,15,2.277,0
1736265600000,2.302,2.3200000000000003,2.232,2.2990000000000004,16069241,3650021469.0,0.0,15,2.31,0
1736352000000,2.284,2.321,2.282,2.304,9143052,2110431509.9999998,0.0,15,2.299,0
1736438400000,2.302,2.3240000000000003,2.253,2.255,5157845,1181117309.0,0.0,15,2.3040000000000003,0
1736697600000,2.237,2.277,2.22,2.2600000000000002,7402206,1665811726.0,0.0,15,2.2550000000000003,0
1736784000000,2.263,2.365,2.258,2.364,16733196,3903408971.0,0.0,15,2.26,0
1736870400000,2.3200000000000003,2.3270000000000004,2.3000000000000003,2.309,11601033,2681035425.9999995,0.0,15,2.3270000000000004,0
1736956800000,2.318,2.3649999999999998,2.299,2.319,10315379,2406666743.0,0.0,15,2.3089999999999997,0
1737043200000,2.31,2.356,2.302,2.336,7155962,1666580594.0,0.0,15,2.319,0
1737302400000,2.348,2.373,2.342,2.349,6438543,1517322910.0,0.0,15,2.3360000000000003,0
1737388800000,2.36,2.3689999999999998,2.331,2.364,8011720,1882878859.0,0.0,15,2.3489999999999998,0
1737475200000,2.354,2.359,2.329,2.345,7058445,1653018806.0,0.0,15,2.3640000000000003,0
1737561600000,2.3609999999999998,2.399,2.332,2.3329999999999997,11878635,2812039475.0,0.0,15,2.3449999999999998,0
1737648000000,2.329,2.382,2.329,2.3800000000000003,12567369,2971559462.0,0.0,15,2.333,0
1737907200000,2.384,2.3930000000000002,2.334,2.336,9875215,2327792624.0,0.0,15,2.38,0
1738684800000,2.354,2.376,2.339,2.352,8616721,2030344387.9999998,0.0,15,2.336,0
1738771200000,2.347,2.421,2.339,2.415,8014234,1919108471.0,0.0,15,2.352,0
1738857600000,2.416,2.484,2.414,2.455,13329891,3269545579.9999995,0.0,15,2.415,0
1739116800000,2.455,2.4890000000000003,2.45,2.483,12072043,2986830263.9999995,0.0,15,2.455,0
1739203200000,2.48,2.488,2.453,2.4779999999999998,6835438,1688494032.0,0.0,15,2.4829999999999997,0
1739289600000,2.4730000000000003,2.5180000000000002,2.47,2.515,6192336,1546127389.0000002,0.0,15,2.478,0
1739376000000,2.512,2.5140000000000002,2.483,2.491,6042251,1509425359.0,0.0,15,2.515,0
1739462400000,2.486,2.5060000000000002,2.474,2.5,6233219,1553526220.0,0.0,15,2.491,0
1739721600000,2.508,2.523,2.49,2.511,14794974,3713677557.0000005,0.0,15,2.5,0
1739808000000,2.5050000000000003,2.5140000000000002,2.446,2.4610000000000003,8990675,2222227366.0000005,0.0,15,2.511,0
1739894400000,2.453,2.518,2.453,2.516,6728712,1678234395.0000002,0.0,15,2.461,0
1739980800000,2.511,2.54,2.508,2.533,7040083,1775401888.0,0.0,15,2.516,0
1740067200000,2.537,2.5909999999999997,2.525,2.581,5646132,1449439488.0000002,0.0,15,2.533,0
1740326400000,2.5799999999999996,2.5999999999999996,2.562,2.585,7270531,1876596491.0,0.0,15,2.581,0
1740412800000,2.5530000000000004,2.599,2.5460000000000003,2.5740000000000003,4492029,1155697957.0000002,0.0,15,2.5850000000000004,0
1740499200000,2.576,2.615,2.567,2.6140000000000003,3903093,1011950024.0000001,0.0,15,2.5740000000000003,0
1740585600000,2.608,2.619,2.56,2.6,4973689,1287085995.0000002,0.0,15,2.614,0
1740672000000,2.5860000000000003,2.589,2.503,2.511,12701099,3210926319.0,0.0,15,2.6,0
1740931200000,2.514,2.552,2.496,2.508,6501573,1641596599.0000002,0.0,15,2.511,0
1741017600000,2.492,2.5450000000000004,2.49,2.5410000000000004,5598095,1415328410.0000002,0.0,15,2.508,0
1741104000000,2.54,2.559,2.524,2.558,5658353,1437705131.0,0.0,15,2.541,0
1741190400000,2.5719999999999996,2.625,2.57,2.614,5586091,1453929563.0,0.0,15,2.558,0
1741276800000,2.608,2.63,2.588,2.603,5974757,1558891754.0,0.0,15,2.614,0
1741536000000,2.603,2.613,2.583,2.6060000000000003,6620389,1720820456.0,0.0,15,2.603,0
1741622400000,2.58,2.625,2.577,2.624,3888834,1010749849.0,0.0,15,2.606,0
1741708800000,2.627,2.6559999999999997,2.622,2.6279999999999997,5935552,1564226030.0,0.0,15,2.6239999999999997,0
1741795200000,2.622,2.627,2.561,2.588,6802312,1758789745.0,0.0,15,2.628,0
1741881600000,2.584,2.633,2.568,2.6310000000000002,7766553,2031758993.0,0.0,15,2.588,0
1742140800000,2.63,2.643,2.621,2.634,7295971,1920208640.0,0.0,15,2.631,0
1742227200000,2.639,2.6599999999999997,2.63,2.645,3130634,828010961.0,0.0,15,2.634,0
1742313600000,2.635,2.6399999999999997,2.614,2.627,4216305,1106883058.0000002,0.0,15,2.645,0
1742400000000,2.621,2.639,2.609,2.616,4287961,1125641155.0,0.0,15,2.627,0
1742486400000,2.608,2.613,2.555,2.5620000000000003,5860703,1511471581.0000002,0.0,15,2.616,0
1742745600000,2.559,2.563,2.499,2.5420000000000003,7494674,1895590335.0,0.0,15,2.5620000000000003,0
1742832000000,2.536,2.551,2.516,2.525,6107610,1546429821.9999998,0.0,15,2.542,0
1742918400000,2.519,2.5500000000000003,2.519,2.533,4915932,1248222513.0,0.0,15,2.525,0
1743004800000,2.529,2.56,2.5,2.533,4736483,1198280536.0,0.0,15,2.533,0
1743091200000,2.5300000000000002,2.544,2.503,2.507,5095947,1283137676.0,0.0,15,2.533,0
1743350400000,2.497,2.5060000000000002,2.459,2.492,7664354,1902765224.0000002,0.0,15,2.507,0
1743436800000,2.493,2.521,2.493,2.5029999999999997,6734848,1688481273.0,0.0,15,2.492,0
1743523200000,2.497,2.53,2.496,2.511,2972338,747681648.0,0.0,15,2.503,0
1743609600000,2.492,2.522,2.464,2.4819999999999998,5387728,1342286593.0,0.0,15,2.511,0
1743955200000,2.357,2.396,2.234,2.234,14443036,3291645455.0,0.0,15,2.482,0
1744041600000,2.1990000000000003,2.257,2.1710000000000003,2.2190000000000003,62425127,13730219845.000002,0.0,15,2.2340000000000004,0
1744128000000,2.177,2.276,2.093,2.258,15750496,3457013402.0,0.0,15,2.219,0
1744214400000,2.295,2.357,2.294,2.313,10595783,2462237466.0,0.0,15,2.258,0
1744300800000,2.2969999999999997,2.372,2.295,2.343,5901326,1379142307.0,0.0,15,2.3129999999999997,0
1744560000000,2.366,2.3930000000000002,2.362,2.374,6348653,1507512484.0000002,0.0,15,2.343,0
1744646400000,2.3720000000000003,2.3800000000000003,2.349,2.365,5688299,1342889715.0,0.0,15,2.374,0
1744732800000,2.353,2.36,2.306,2.335,10451123,2434844378.0,0.0,15,2.365,0
1744819200000,2.323,2.3609999999999998,2.32,2.336,6353111,1491768308.0,0.0,15,2.335,0
1744905600000,2.33,2.345,2.317,2.3320000000000003,7408841,1726552677.0,0.0,15,2.3360000000000003,0
1745164800000,2.328,2.382,2.318,2.38,6723381,1589759370.0000002,0.0,15,2.332,0
1745251200000,2.377,2.391,2.368,2.38,4213600,1002448523.0000001,0.0,15,2.38,0
1745337600000,2.392,2.4090000000000003,2.382,2.394,6642926,1592236129.0000002,0.0,15,2.3800000000000003,0
1745424000000,2.39,2.394,2.357,2.371,5323615,1263958643.0,0.0,15,2.394,0
1745510400000,2.371,2.3960000000000004,2.361,2.3760000000000003,5745957,1368374886.0000002,0.0,15,2.371,0
1745769600000,2.375,2.378,2.345,2.351,6132509,1444605261.0,0.0,15,2.3760000000000003,0
1745856000000,2.345,2.3720000000000003,2.337,2.363,4602556,1086336694.0,0.0,15,2.351,0
1745942400000,2.363,2.39,2.362,2.3810000000000002,6087565,1450181016.0000002,0.0,15,2.363,0
1746460800000,2.395,2.442,2.395,2.442,6117000,1484039710.0,0.0,15,2.3810000000000002,0
1746547200000,2.467,2.495,2.428,2.444,8668199,2126154726.0,0.0,15,2.4419999999999997,0
1746633600000,2.4389999999999996,2.4709999999999996,2.437,2.4659999999999997,5808381,1428603989.0,0.0,15,2.444,0
1746720000000,2.465,2.465,2.424,2.437,4176485,1018846787.0,0.0,15,2.4659999999999997,0
1746979200000,2.452,2.472,2.445,2.4709999999999996,5189412,1276471323.0,0.0,15,2.437,0
1747065600000,2.488,2.488,2.456,2.4619999999999997,5913708,1460617548.0000002,0.0,15,2.471,0
1747152000000,2.4619999999999997,2.485,2.445,2.468,5165883,1271995658.0,0.0,15,2.4619999999999997,0
1747238400000,2.4619999999999997,2.463,2.424,2.428,4192963,1021692149.9999999,0.0,15,2.468,0
1747324800000,2.423,2.444,2.422,2.432,4261753,1036770440.9999999,0.0,15,2.428,0
1747584000000,2.423,2.445,2.407,2.443,3503346,850165120.0,0.0,15,2.432,0
1747670400000,2.439,2.467,2.432,2.463,3012478,738617982.0,0.0,15,2.443,0
1747756800000,2.458,2.461,2.447,2.457,2313610,567872616.0,0.0,15,2.463,0
1747843200000,2.45,2.4650000000000003,2.43,2.4330000000000003,3594519,877758928.0000001,0.0,15,2.4570000000000003,0
1747929600000,2.4280000000000004,2.447,2.4010000000000002,2.402,4113502,996762095.0000001,0.0,15,2.4330000000000003,0
1748188800000,2.4010000000000002,2.423,2.398,2.416,3513484,847638148.0,0.0,15,2.402,0
1748275200000,2.4080000000000004,2.418,2.3930000000000002,2.4090000000000003,4387996,1054889029.0,0.0,15,2.4160000000000004,0
1748361600000,2.408,2.419,2.396,2.403,3538410,850734786.0,0.0,15,2.409,0
1748448000000,2.407,2.447,2.404,2.4459999999999997,7397217,1799211604.0,0.0,15,2.403,0
1748534400000,2.437,2.438,2.415,2.423,8078257,1957977512.0000002,0.0,15,2.446,0
1748880000000,2.4139999999999997,2.445,2.412,2.436,3790971,922983494.0,0.0,15,2.423,0
1748966400000,2.4370000000000003,2.4610000000000003,2.434,2.458,2893139,709692001.0,0.0,15,2.436,0
1749052800000,2.459,2.483,2.448,2.4779999999999998,3463808,853375847.0,0.0,15,2.4579999999999997,0
1749139200000,2.4789999999999996,2.4789999999999996,2.465,2.473,2563635,633493553.0,0.0,15,2.4779999999999998,0
1749398400000,2.4770000000000003,2.5050000000000003,2.474,2.498,3864896,964800604.0000001,0.0,15,2.4730000000000003,0
1749484800000,2.5,2.5,2.454,2.476,3944410,976888666.0000001,0.0,15,2.498,0
1749571200000,2.476,2.503,2.475,2.487,4036620,1005172128.0,0.0,15,2.476,0
1749657600000,2.4770000000000003,2.496,2.47,2.491,1940887,482595223.0,0.0,15,2.487,0
1749744000000,2.484,2.488,2.453,2.4589999999999996,3550524,875443206.9999999,0.0,15,2.4909999999999997,0
1750003200000,2.451,2.478,2.45,2.4730000000000003,2966595,733030656.0000001,0.0,15,2.459,0
1750089600000,2.474,2.4810000000000003,2.462,2.47,3257801,804508404.9999999,0.0,15,2.4730000000000003,0
1750176000000,2.469,2.473,2.448,2.467,2484049,611461073.0,0.0,15,2.4699999999999998,0
1750262400000,2.4619999999999997,2.473,2.428,2.437,4074918,996642317.0,0.0,15,2.467,0
1750348800000,2.4339999999999997,2.443,2.416,2.417,5589962,1356143053.0000002,0.0,15,2.437,0
1750608000000,2.4050000000000002,2.4490000000000003,2.4050000000000002,2.4480000000000004,5001208,1218381179.0000002,0.0,15,2.4170000000000003,0
1750694400000,2.449,2.496,2.448,2.4939999999999998,5207289,1293160774.0,0.0,15,2.448,0
1750780800000,2.496,2.535,2.495,2.531,5732399,1443542821.0000002,0.0,15,2.494,0
1750867200000,2.528,2.5420000000000003,2.519,2.52,6457280,1632240900.0,0.0,15,2.531,0
1750953600000,2.527,2.5490000000000004,2.5220000000000002,2.5290000000000004,4649191,1178506791.0,0.0,15,2.5200000000000005,0
1751212800000,2.533,2.564,2.533,2.562,5757628,1470207152.0,0.0,15,2.529,0
1751299200000,2.562,2.57,2.541,2.569,3883808,993151556.0,0.0,15,2.562,0
1751385600000,2.563,2.564,2.536,2.546,3844243,978550360.0,0.0,15,2.569,0
1751472000000,2.545,2.56,2.536,2.557,3519043,897083089.0,0.0,15,2.546,0
1751558400000,2.55,2.573,2.537,2.5469999999999997,3335741,851113098.0,0.0,15,2.557,0
1751817600000,2.543,2.5540000000000003,2.5420000000000003,2.5500000000000003,1624965,414157613.0,0.0,15,2.547,0
1751904000000,2.549,2.587,2.544,2.586,4083411,1052121837.0,0.0,15,2.55,0
1751990400000,2.588,2.5949999999999998,2.573,2.578,4434211,1145274637.0000002,0.0,15,2.586,0
1752076800000,2.577,2.596,2.569,2.5829999999999997,3711829,958508578.0000001,0.0,15,2.578,0
1752163200000,2.585,2.622,2.576,2.609,6811639,1774114729.0,0.0,15,2.583,0
1752422400000,2.6109999999999998,2.6119999999999997,2.598,2.6069999999999998,4741596,1235881872.0000002,0.0,15,2.609,0
1752508800000,2.605,2.614,2.573,2.598,4021893,1042538899.0,0.0,15,2.6069999999999998,0
1752595200000,2.599,2.621,2.595,2.609,3545032,924795858.0000001,0.0,15,2.5980000000000003,0
1752681600000,2.605,2.641,2.602,2.6399999999999997,2966366,779912216.0,0.0,15,2.609,0
1752768000000,2.641,2.653,2.632,2.646,2920691,772012784.0,0.0,15,2.64,0
1753027200000,2.646,2.669,2.646,2.6679999999999997,6383651,1700335605.9999998,0.0,15,2.646,0
1753113600000,2.67,2.685,2.661,2.684,3011105,804987759.0,0.0,15,2.668,0
1753200000000,2.685,2.697,2.665,2.674,3870389,1037425441.0,0.0,15,2.684,0
1753286400000,2.672,2.712,2.668,2.71,5117805,1380421807.0,0.0,15,2.674,0
1753372800000,2.712,2.712,2.693,2.708,4134425,1117894811.0000002,0.0,15,2.71,0
1753632000000,2.709,2.723,2.693,2.716,6368247,1725893866.0000002,0.0,15,2.708,0
1753718400000,2.712,2.741,2.693,2.739,3629430,985352231.0,0.0,15,2.716,0
1753804800000,2.736,2.736,2.693,2.714,4828015,1311967412.0,0.0,15,2.739,0
1753891200000,2.706,2.726,2.68,2.6950000000000003,3922444,1061977193.0,0.0,15,2.714,0
1753977600000,2.691,2.711,2.677,2.693,3759888,1012789196.0,0.0,15,2.695,0
1754236800000,2.682,2.7270000000000003,2.676,2.726,3898977,1055042535.9999999,0.0,15,2.693,0
1754323200000,2.726,2.743,2.722,2.742,3367306,919724149.0000001,0.0,15,2.726,0
1754409600000,2.7409999999999997,2.776,2.735,2.771,5454593,1507563977.0,0.0,15,2.742,0
1754496000000,2.774,2.7809999999999997,2.751,2.772,5084602,1407145914.0,0.0,15,2.771,0
1754582400000,2.7689999999999997,2.7729999999999997,2.751,2.763,2675093,738651457.0,0.0,15,2.772,0
1754841600000,2.765,2.814,2.7640000000000002,2.8030000000000004,8174219,2288333864.0,0.0,15,2.7630000000000003,0
1754928000000,2.8040000000000003,2.814,2.7880000000000003,2.813,3929987,1101429805.0,0.0,15,2.8030000000000004,0
1755014400000,2.816,2.8609999999999998,2.816,2.8539999999999996,6043962,1716167434.0000002,0.0,15,2.8129999999999997,0
1755100800000,2.857,2.8600000000000003,2.8120000000000003,2.8230000000000004,6189467,1755421751.0000002,0.0,15,2.854,0
1755187200000,2.81,2.8830000000000005,2.8080000000000003,2.8810000000000002,7056194,2016757400.0000002,0.0,15,2.8230000000000004,0
1755446400000,2.886,2.941,2.883,2.923,8914773,2602947187.0,0.0,15,2.8810000000000002,0
1755532800000,2.92,2.9450000000000003,2.906,2.9250000000000003,5201864,1522119437.0000002,0.0,15,2.923,0
1755619200000,2.9130000000000003,2.96,2.894,2.958,8077271,2366208143.9999995,0.0,15,2.9250000000000003,0
1755705600000,2.963,2.971,2.916,2.931,8520156,2502943431.0000005,0.0,15,2.9579999999999997,0
1755792000000,2.927,2.984,2.927,2.982,7095157,2100501004.0,0.0,15,2.931,0
1756051200000,2.995,3.039,2.992,3.021,6981360,2103633284.0000002,0.0,15,2.982,0
1756137600000,3.011,3.0460000000000003,3.0020000000000002,3.0210000000000004,3500818,1058591719.0000001,0.0,15,3.0210000000000004,0
1756224000000,3.02,3.0570000000000004,2.962,2.968,5484478,1651099835.0,0.0,15,3.0210000000000004,0
1756310400000,2.951,3.01,2.916,3.009,9167117,2726772864.0,0.0,15,2.968,0
1756396800000,3.0020000000000002,3.0260000000000002,2.978,3.0060000000000002,5340852,1602241276.0,0.0,15,3.0090000000000003,0
1756656000000,3.0149999999999997,3.044,2.997,3.038,3899438,1177584128.0,0.0,15,3.006,0
1756742400000,3.028,3.0300000000000002,2.931,2.959,6842851,2027568639.0,0.0,15,3.0380000000000003,0
1756828800000,2.961,2.972,2.899,2.914,6291994,1848128927.0,0.0,15,2.959,0
1756915200000,2.911,2.934,2.806,2.846,13369104,3834456899.0,0.0,15,2.914,0
1757001600000,2.8449999999999998,2.934,2.839,2.929,7687233,2221064701.0000005,0.0,15,2.846,0
1757260800000,2.928,2.962,2.915,2.953,11496582,3375375712.0000005,0.0,15,2.929,0
1757347200000,2.944,2.955,2.906,2.919,3516488,1032124134.0000001,0.0,15,2.9530000000000003,0
1757433600000,2.915,2.951,2.902,2.9210000000000003,4901063,1434574666.0000002,0.0,15,2.919,0
1757520000000,2.91,3.0,2.887,2.999,6125193,1816753782.0,0.0,15,2.921,0
1757606400000,3.0,3.0220000000000002,2.987,3.0,4721036,1418023572.0,0.0,15,2.999,0
1757865600000,3.0010000000000003,3.0130000000000003,2.99,2.9970000000000003,3658822,1097967806.0,0.0,15,3.0,0
1757952000000,2.997,3.033,2.973,3.029,3322431,999678718.0,0.0,15,2.997,0
1758038400000,3.0210000000000004,3.0610000000000004,3.0140000000000002,3.056,4038775,1229537886.0,0.0,15,3.0290000000000004,0
1758124800000,3.059,3.099,2.984,3.017,6784084,2065290106.9999998,0.0,15,3.056,0
1758211200000,3.0140000000000002,3.0380000000000003,2.99,3.0060000000000002,3138352,947421819.0,0.0,15,3.0170000000000003,0
1758470400000,3.007,3.033,2.996,3.031,2481714,748026695.0,0.0,15,3.006,0
1758556800000,3.029,3.031,2.94,2.995,4299791,1281869499.0,0.0,15,3.031,0
1758643200000,2.976,3.0490000000000004,2.966,3.047,4076013,1231461852.0,0.0,15,2.995,0
1758729600000,3.0460000000000003,3.059,3.0300000000000002,3.036,3750931,1141320425.0,0.0,15,3.047,0
1758816000000,3.026,3.0429999999999997,2.993,2.9949999999999997,2934122,884004107.0,0.0,15,3.036,0
1759075200000,2.992,3.044,2.984,3.032,5993423,1812375200.0,0.0,15,2.995,0
1759161600000,3.043,3.075,3.0380000000000003,3.063,3908299,1196572701.0,0.0,15,3.0320000000000005,0
1759939200000,3.0740000000000003,3.104,3.067,3.089,4197474,1296549892.0,0.0,15,3.063,0
1760025600000,3.08,3.08,3.039,3.048,5107071,1560995430.0,0.0,15,3.089,0
1760284800000,2.9499999999999997,3.051,2.936,3.039,5423413,1631955981.0,0.0,15,3.048,0
1760371200000,3.0530000000000004,3.076,2.97,2.9850000000000003,5059742,1531959611.0,0.0,15,3.039,0
1760457600000,2.9779999999999998,3.03,2.961,3.026,4311605,1293056114.0000002,0.0,15,2.985,0
1760544000000,3.012,3.0220000000000002,2.986,2.995,3965898,1191589748.0000002,0.0,15,3.0260000000000002,0
1760630400000,2.99,3.0040000000000004,2.9050000000000002,2.9090000000000003,5420437,1593350754.0,0.0,15,2.995,0
1760889600000,2.924,2.956,2.911,2.927,3775552,1107010497.0,0.0,15,2.9090000000000003,0
1760976000000,2.935,2.976,2.927,2.968,6038970,1788428492.0000002,0.0,15,2.927,0
1761062400000,2.9530000000000003,2.9730000000000003,2.9410000000000003,2.958,3255757,962524400.0,0.0,15,2.9680000000000004,0
1761148800000,2.9490000000000003,2.9640000000000004,2.9090000000000003,2.9600000000000004,4191302,1229183167.0,0.0,15,2.958,0
1761235200000,2.9699999999999998,3.01,2.969,3.008,4239473,1266926095.0,0.0,15,2.96,0
1761494400000,3.028,3.0420000000000003,3.007,3.0300000000000002,5077658,1537540694.0,0.0,15,3.008,0
1761580800000,3.0260000000000002,3.052,3.011,3.025,3020402,915679731.0,0.0,15,3.0300000000000002,0
1761667200000,3.031,3.067,3.019,3.0660000000000003,3534658,1076427278.0,0.0,15,3.025,0
1761753600000,3.061,3.064,3.024,3.035,4386358,1334865164.0,0.0,15,3.066,0
1761840000000,3.032,3.072,3.028,3.037,5306608,1619049117.0,0.0,15,3.035,0
1762099200000,3.035,3.0540000000000003,2.998,3.0490000000000004,4898346,1482343354.0000002,0.0,15,3.0370000000000004,0
1762185600000,3.04,3.0429999999999997,2.989,3.008,3424814,1032912033.0,0.0,15,3.049,0
1762272000000,2.978,3.032,2.974,3.023,3547432,1067369854.0,0.0,15,3.008,0
1762358400000,3.023,3.06,3.0180000000000002,3.0570000000000004,2218367,674503686.0000001,0.0,15,3.023,0
1762444800000,3.0469999999999997,3.069,3.029,3.0549999999999997,1877563,572784717.0,0.0,15,3.057,0
1762704000000,3.069,3.074,3.04,3.059,2077794,634558561.9999999,0.0,15,3.055,0
1762790400000,3.068,3.0789999999999997,3.045,3.052,2469450,755785172.0000001,0.0,15,3.0589999999999997,0
1762876800000,3.045,3.052,3.005,3.034,2601545,787013464.0000001,0.0,15,3.052,0
1762963200000,3.0260000000000002,3.08,3.0220000000000002,3.076,3321699,1016817833.0,0.0,15,3.0340000000000003,0
1763049600000,3.0530000000000004,3.072,3.0340000000000003,3.035,3351870,1023067739.0,0.0,15,3.076,0
1763308800000,3.035,3.0540000000000003,3.027,3.0420000000000003,2651587,806258368.0,0.0,15,3.035,0
1763395200000,3.0349999999999997,3.042,3.001,3.018,4025082,1215499091.0,0.0,15,3.042,0
1763481600000,3.012,3.028,2.974,2.992,4355182,1304903115.9999998,0.0,15,3.0180000000000002,0
1763568000000,3.008,3.0140000000000002,2.97,2.9730000000000003,4134139,1233129891.0,0.0,15,2.992,0
1763654400000,2.944,2.954,2.862,2.862,9746233,2827531118.0,0.0,15,2.9730000000000003,0
1763913600000,2.87,2.909,2.859,2.895,5810025,1677040184.0,0.0,15,2.862,0
1764000000000,2.907,2.958,2.907,2.933,8173549,2402312634.0,0.0,15,2.895,0
1764086400000,2.935,2.9570000000000003,2.9210000000000003,2.9330000000000003,3844660,1131627605.0,0.0,15,2.9330000000000003,0
1764172800000,2.933,2.967,2.932,2.936,2558849,754209829.0000001,0.0,15,2.933,0
1764259200000,2.935,2.9699999999999998,2.928,2.967,1826992,539547378.9999999,0.0,15,2.936,0
1764518400000,2.976,2.993,2.969,2.9869999999999997,2962288,883188854.0,0.0,15,2.967,0
1764604800000,2.9859999999999998,2.9859999999999998,2.952,2.9619999999999997,2149075,636159947.9999999,0.0,15,2.987,0
1764691200000,2.964,2.968,2.926,2.935,2417443,710780851.0,0.0,15,2.962,0
1764777600000,2.936,2.946,2.91,2.938,2552587,747805814.0,0.0,15,2.935,0
1764864000000,2.9339999999999997,2.98,2.912,2.9779999999999998,5094740,1508665508.0,0.0,15,2.9379999999999997,0
1765123200000,2.985,3.014,2.981,3.004,4043642,1212798136.0,0.0,15,2.9779999999999998,0
1765209600000,3.001,3.012,2.984,2.987,2380182,713248653.0,0.0,15,3.004,0
1765296000000,2.982,3.0050000000000003,2.966,2.999,3787372,1129835751.0,0.0,15,2.987,0
1765382400000,3.004,3.009,2.964,2.968,4622932,1379094794.9999998,0.0,15,2.999,0
1765468800000,2.9690000000000003,2.998,2.958,2.988,5350587,1592378750.0000002,0.0,15,2.968,0
1765728000000,2.9779999999999998,2.9909999999999997,2.961,2.9669999999999996,2689199,799367753.0,0.0,15,2.988,0
1765814400000,2.963,2.963,2.898,2.916,3378049,985234127.0,0.0,15,2.967,0
1765900800000,2.909,2.965,2.899,2.955,4520324,1325051502.0000002,0.0,15,2.916,0
1765987200000,2.935,2.9770000000000003,2.934,2.9490000000000003,2917181,863284585.0,0.0,15,2.955,0
1766073600000,2.96,2.9850000000000003,2.95,2.974,3384447,1005756484.0,0.0,15,2.9490000000000003,0
1766332800000,2.9859999999999998,3.014,2.985,3.001,2720159,816590554.0000001,0.0,15,2.9739999999999998,0
1766419200000,2.999,3.016,2.986,2.998,2134442,639972505.0,0.0,15,3.0010000000000003,0
1766505600000,2.993,3.049,2.993,3.045,3183410,966004332.0,0.0,15,2.9979999999999998,0
1766592000000,3.044,3.081,3.039,3.071,3694471,1133242322.0,0.0,15,3.045,0
1766678400000,3.069,3.103,3.063,3.0820000000000003,7637317,2358590830.0,0.0,15,3.071,0
1766937600000,3.0820000000000003,3.0970000000000004,3.0660000000000003,3.0770000000000004,4279847,1319562847.0,0.0,15,3.0820000000000003,0
1767024000000,3.068,3.0980000000000003,3.0620000000000003,3.08,2961751,913465496.0,0.0,15,3.0770000000000004,0
1767110400000,3.0869999999999997,3.09,3.061,3.0789999999999997,4086187,1257709786.0,0.0,15,3.08,0
1767542400000,3.09,3.152,3.088,3.15,3941756,1232361749.0,0.0,15,3.079,0
1767628800000,3.157,3.2,3.148,3.1950000000000003,5114932,1622343719.0,0.0,15,3.15,0
1767715200000,3.1950000000000003,3.2180000000000004,3.1870000000000003,3.2030000000000003,5601079,1793959249.9999998,0.0,15,3.1950000000000003,0
1767801600000,3.196,3.244,3.196,3.2310000000000003,3382575,1090632989.0,0.0,15,3.2030000000000003,0
1767888000000,3.226,3.31,3.226,3.305,8691458,2854686754.0000005,0.0,15,3.231,0
1768147200000,3.323,3.414,3.311,3.406,10505042,3546463629.9999995,0.0,15,3.305,0
1768233600000,3.408,3.411,3.318,3.337,9595879,3213527947.0,0.0,15,3.406,0
1768320000000,3.319,3.42,3.302,3.345,17469369,5889750236.0,0.0,15,3.337,0
1768406400000,3.318,3.35,3.3000000000000003,3.345,9707516,3230169279.9999995,0.0,15,3.345,0
1768492800000,3.367,3.371,3.31,3.336,19071445,6355260291.0,0.0,15,3.345,0
1768752000000,3.276,3.327,3.271,3.304,21489688,7097946228.000001,0.0,15,3.295,0
1768838400000,3.308,3.32,3.242,3.277,15791204,5171017769.0,0.0,15,3.304,0
1768924800000,3.258,3.323,3.254,3.305,55315289,18225690670.0,0.0,15,3.277,0
1769011200000,3.3150000000000004,3.33,3.3000000000000003,3.33,19684846,6522283738.000001,0.0,15,3.305,0
1769097600000,3.343,3.411,3.33,3.402,34122752,11508716134.0,0.0,15,3.33,0
1769356800000,3.406,3.424,3.319,3.344,27246605,9142661824.0,0.0,15,3.402,0
1769443200000,3.3310000000000004,3.37,3.2720000000000002,3.357,16583569,5530076295.0,0.0,15,3.3440000000000003,0
1769529600000,3.355,3.3739999999999997,3.332,3.3659999999999997,22661383,7595431321.000001,0.0,15,3.3569999999999998,0
1769616000000,3.3569999999999998,3.394,3.323,3.34,14961023,5017027384.000001,0.0,15,3.366,0
1769702400000,3.321,3.3400000000000003,3.229,3.311,8134446,2677913192.0,0.0,15,3.3400000000000003,0
1769961600000,3.2740000000000005,3.297,3.1710000000000003,3.1750000000000003,15018112,4836900740.000001,0.0,15,3.3110000000000004,0
1770048000000,3.2150000000000003,3.293,3.204,3.2840000000000003,8925549,2906752965.0,0.0,15,3.1750000000000003,0
1770134400000,3.28,3.2929999999999997,3.239,3.2889999999999997,9890246,3227698198.0000005,0.0,15,3.284,0
1770220800000,3.259,3.265,3.21,3.2319999999999998,7108639,2297231271.0000005,0.0,15,3.289,0
1770307200000,3.19,3.2680000000000002,3.177,3.221,12217401,3953130736.0,0.0,15,3.232,0
1770566400000,3.262,3.3040000000000003,3.261,3.302,9443624,3107409368.0,0.0,15,3.221,0
1770652800000,3.3000000000000003,3.3120000000000003,3.281,3.301,4345780,1434599945.9999998,0.0,15,3.302,0
1770739200000,3.295,3.328,3.295,3.303,3946264,1306685076.0,0.0,15,3.3009999999999997,0
1770825600000,3.3009999999999997,3.344,3.291,3.336,6362104,2117612112.0000002,0.0,15,3.303,0
1770912000000,3.3200000000000003,3.3320000000000003,3.281,3.285,10793248,3563349150.9999995,0.0,15,3.3360000000000003,0
1771862400000,3.321,3.351,3.298,3.322,5719002,1902759248.0000002,0.0,15,3.285,0
1771948800000,3.328,3.382,3.327,3.371,13526611,4554023804.0,0.0,15,3.322,0
1772035200000,3.378,3.4,3.358,3.396,11200890,3784913296.0,0.0,15,3.371,0
1772121600000,3.383,3.432,3.366,3.431,6010958,2050800828.0000002,0.0,15,3.396,0
1772380800000,3.3960000000000004,3.4200000000000004,3.357,3.3930000000000002,10312423,3495460337.0,0.0,15,3.431,0
1772467200000,3.396,3.405,3.255,3.268,10847751,3582470992.0,0.0,15,3.393,0
1772553600000,3.235,3.299,3.226,3.238,8067757,2624182763.0000005,0.0,15,3.268,0
1772640000000,3.285,3.2950000000000004,3.248,3.266,7789341,2551815050.0,0.0,15,3.2380000000000004,0
1772726400000,3.245,3.313,3.245,3.3000000000000003,4540586,1495044035.0,0.0,15,3.266,0
1772985600000,3.25,3.298,3.197,3.287,7007415,2270579174.0,0.0,15,3.3000000000000003,0
1773072000000,3.31,3.346,3.309,3.3440000000000003,6273684,2087054026.0000002,0.0,15,3.2870000000000004,0
1773158400000,3.346,3.36,3.335,3.346,4145813,1387909318.0,0.0,15,3.344,0
1773244800000,3.332,3.356,3.302,3.338,3986499,1327090956.0,0.0,15,3.346,0
1773331200000,3.32,3.345,3.282,3.291,3318061,1099532333.0,0.0,15,3.338,0
1773590400000,3.284,3.294,3.235,3.2849999999999997,3843596,1257058118.0,0.0,15,3.291,0
1773676800000,3.285,3.292,3.21,3.2119999999999997,5304662,1717548878.0,0.0,15,3.285,0
1773763200000,3.216,3.2430000000000003,3.1910000000000003,3.24,9884335,3186405583.0000005,0.0,15,3.212,0
1773849600000,3.1950000000000003,3.209,3.152,3.17,5663677,1800851515.9999998,0.0,15,3.24,0
1773936000000,3.175,3.202,3.114,3.117,7906510,2497769362.0,0.0,15,3.17,0
1774195200000,3.07,3.093,2.944,2.967,10155031,3064690365.0000005,0.0,15,3.117,0
1774281600000,3.002,3.046,2.949,3.044,11529652,3459685012.0,0.0,15,2.9669999999999996,0
1774368000000,3.0620000000000003,3.1170000000000004,3.0620000000000003,3.1010000000000004,11326936,3507116571.0,0.0,15,3.0440000000000005,0
1774454400000,3.086,3.1109999999999998,3.049,3.057,4344641,1337000942.0000002,0.0,15,3.101,0
1774540800000,3.016,3.119,3.016,3.106,4743006,1460200991.0,0.0,15,3.057,0
1774800000000,3.069,3.115,3.048,3.109,5720759,1762958408.0,0.0,15,3.106,0
1774886400000,3.1050000000000004,3.12,3.0500000000000003,3.051,5110449,1573716480.0,0.0,15,3.1090000000000004,0
1774972800000,3.101,3.121,3.081,3.1069999999999998,5827220,1806421889.0000002,0.0,15,3.051,0
1775059200000,3.09,3.111,3.032,3.055,5371187,1647033000.0,0.0,15,3.107,0
1775145600000,3.066,3.069,3.012,3.02,3657702,1109787432.0,0.0,15,3.055,0
1775491200000,3.026,3.062,3.025,3.045,6097545,1857820791.0000002,0.0,15,3.02,0
1775577600000,3.12,3.1910000000000003,3.1,3.189,11816200,3716993673.0000005,0.0,15,3.045,0
1775664000000,3.156,3.186,3.152,3.1710000000000003,8767362,2781005235.0,0.0,15,3.189,0
1775750400000,3.186,3.231,3.186,3.201,5455250,1751475935.0,0.0,15,3.171,0
1776009600000,3.185,3.219,3.174,3.213,5291688,1697156888.0,0.0,15,3.201,0
1776096000000,3.24,3.265,3.225,3.263,4642736,1504789075.0,0.0,15,3.213,0
1776182400000,3.2830000000000004,3.2840000000000003,3.24,3.246,4874965,1588571620.0,0.0,15,3.2630000000000003,0
1776268800000,3.2529999999999997,3.3049999999999997,3.247,3.298,6375998,2093383461.0000002,0.0,15,3.246,0
1776355200000,3.29,3.3430000000000004,3.2880000000000003,3.33,6384134,2115703225.0,0.0,15,3.298,0
1776614400000,3.329,3.3590000000000004,3.3240000000000003,3.345,7715448,2580739023.0,0.0,15,3.33,0
1776700800000,3.337,3.348,3.31,3.344,5984205,1994360867.0,0.0,15,3.345,0
1776787200000,3.327,3.402,3.327,3.401,7269038,2455334014.0000005,0.0,15,3.344,0
1776873600000,3.4010000000000002,3.406,3.329,3.355,8972800,3010058947.0000005,0.0,15,3.4010000000000002,0
1776960000000,3.329,3.355,3.309,3.326,11291952,3759355932.0000005,0.0,15,3.355,0
1777219200000,3.323,3.353,3.309,3.339,11843603,3953673572.0,0.0,15,3.326,0
1777305600000,3.326,3.335,3.282,3.297,10473004,3460949756.0000005,0.0,15,3.339,0
1777392000000,3.284,3.351,3.274,3.346,16925825,5637358802.0,0.0,15,3.297,0
1777478400000,3.336,3.368,3.335,3.362,17847549,5976880487.0,0.0,15,3.346,0
1777996800000,3.383,3.455,3.383,3.433,13643136,4683871959.0,0.0,15,3.362,0
1778083200000,3.4480000000000004,3.4970000000000003,3.4370000000000003,3.4930000000000003,6443625,2235023697.0,0.0,15,3.4330000000000003,0
1778169600000,3.472,3.516,3.466,3.5060000000000002,8588784,3003352744.9999995,0.0,15,3.4930000000000003,0
1778428800000,3.525,3.569,3.513,3.5549999999999997,10080201,3574858602.0000005,0.0,15,3.506,0
1778515200000,3.555,3.5580000000000003,3.5140000000000002,3.54,5263474,1861816115.0,0.0,15,3.555,0
1778601600000,3.5100000000000002,3.603,3.5100000000000002,3.5980000000000003,4866506,1735216481.0,0.0,15,3.54,0
1778688000000,3.61,3.613,3.525,3.529,6280729,2238207387.0,0.0,15,3.598,0
1778774400000,3.526,3.554,3.461,3.488,10989460,3851089697.0000005,0.0,15,3.529,0
1779033600000,3.473,3.5269999999999997,3.461,3.5029999999999997,6770396,2369757998.0,0.0,15,3.488,0
1779120000000,3.5,3.5450000000000004,3.454,3.5420000000000003,6463303,2262618059.0,0.0,15,3.503,0
1779206400000,3.517,3.546,3.492,3.545,6676468,2346425503.0,0.0,15,3.542,0
1779292800000,3.555,3.583,3.422,3.432,10142679,3543117593.0,0.0,15,3.545,0
1779379200000,3.446,3.531,3.431,3.495,10245746,3561142225.0,0.0,15,3.432,0
1779638400000,3.511,3.543,3.484,3.539,8761878,3082372006.0000005,0.0,15,3.495,0
1779724800000,3.515,3.5220000000000002,3.4450000000000003,3.499,5126266,1784394000.0000002,0.0,15,3.539,0
1779811200000,3.491,3.519,3.414,3.4370000000000003,7122995,2468815424.9999995,0.0,15,3.499,0
1779897600000,3.437,3.485,3.404,3.472,6958363,2394450663.0,0.0,15,3.437,0
1779984000000,3.479,3.488,3.363,3.383,13518917,4591159130.0,0.0,15,3.472,0
1780243200000,3.368,3.42,3.355,3.359,11707167,3957072407.9999995,0.0,15,3.383,0
1780329600000,3.358,3.394,3.307,3.368,12491283,4187143941.0,0.0,15,3.359,0
1780416000000,3.37,3.436,3.359,3.389,13132783,4469758898.0,0.0,15,3.368,0
1780502400000,3.35,3.4,3.35,3.3850000000000002,7576995,2563956253.0,0.0,15,3.3890000000000002,0
1780588800000,3.3659999999999997,3.423,3.34,3.3579999999999997,7480480,2524879105.0,0.0,15,3.385,0
1780848000000,3.29,3.3240000000000003,3.216,3.258,12993022,4255609800.0000005,0.0,15,3.358,0
1780934400000,3.283,3.348,3.259,3.3409999999999997,15298071,5043848542.0,0.0,15,3.258,0
1781020800000,3.3000000000000003,3.3320000000000003,3.265,3.303,6314231,2083885471.9999998,0.0,15,3.341,0
1781107200000,3.279,3.313,3.258,3.286,5232782,1715659503.0,0.0,15,3.303,0
1781193600000,3.322,3.367,3.299,3.3089999999999997,6537981,2177669039.0,0.0,15,3.286,0
1781452800000,3.344,3.44,3.342,3.439,9110165,3096700796.0000005,0.0,15,3.309,0
1781539200000,3.4490000000000003,3.508,3.43,3.491,8231813,2852078190.0,0.0,15,3.439,0
1781625600000,3.475,3.52,3.468,3.519,4059303,1419535675.0,0.0,15,3.491,0
1781712000000,3.501,3.553,3.5,3.544,4106092,1451729505.0,0.0,15,3.519,0
1782057600000,3.555,3.595,3.482,3.58,5802124,2045199985.0,0.0,15,3.544,0
1782144000000,3.562,3.5789999999999997,3.485,3.51,5804598,2050210533.0,0.0,15,3.58,0
1782230400000,3.507,3.556,3.472,3.551,8828682,3109888511.0,0.0,15,3.51,0
1782316800000,3.549,3.584,3.528,3.569,4177397,1486707305.0,0.0,15,3.551,0
1782403200000,3.55,3.56,3.461,3.484,5405177,1892122016.0,0.0,15,3.569,0
1782662400000,3.4739999999999998,3.511,3.404,3.475,11048784,3813713694.9999995,0.0,15,3.484,0
1782748800000,3.467,3.5810000000000004,3.458,3.5770000000000004,7436022,2618370336.0,0.0,15,3.475,0
1782835200000,3.555,3.615,3.555,3.585,4472382,1606030673.0000002,0.0,15,3.577,0
1782921600000,3.563,3.583,3.48,3.491,8668077,3054881403.0,0.0,15,3.585,0
1783008000000,3.4770000000000003,3.5340000000000003,3.466,3.488,6574088,2301916878.0,0.0,15,3.491,0
1783267200000,3.499,3.523,3.4170000000000003,3.435,10980206,3785665420.0,0.0,15,3.4880000000000004,0
1783353600000,3.411,3.438,3.347,3.368,12000566,4053036441.0,0.0,15,3.435,0
1783440000000,3.3680000000000003,3.3760000000000003,3.289,3.29,16378832,5428911563.000001,0.0,15,3.3680000000000003,0
1783526400000,3.3000000000000003,3.362,3.233,3.354,18112638,5975203734.999999,0.0,15,3.29,0
1783612800000,3.3590000000000004,3.41,3.3120000000000003,3.3120000000000003,12201063,4127840183.0,0.0,15,3.354,0
1783872000000,3.3,3.312,3.145,3.158,22877471,7324695009.0,0.0,15,3.312,0
