time,open,high,low,close,volume,amount,settelementPrice,openInterest,preClose,suspendFlag
1616515200000,0.994,0.998,0.98,0.981,985367,97403783.0,0.0,15,1.0,0
1616601600000,0.974,0.986,0.971,0.982,106803,10497582.0,0.0,15,0.981,0
1616688000000,0.983,1.0,0.983,0.998,153037,15228461.0,0.0,15,0.982,0
1616947200000,1.002,1.007,0.998,1.003,415770,41667140.99999999,0.0,15,0.998,0
1617033600000,1.0,1.0,0.992,0.998,136576,13626074.0,0.0,15,1.003,0
1617120000000,0.998,0.998,0.99,0.997,205249,20427257.0,0.0,15,0.998,0
1617206400000,0.997,1.003,0.996,1.003,61011,6092459.0,0.0,15,0.997,0
1617292800000,1.006,1.009,1.002,1.004,93229,9389970.0,0.0,15,1.003,0
1617638400000,1.004,1.015,1.004,1.014,108204,10942687.000000002,0.0,15,1.004,0
1617724800000,1.016,1.016,1.006,1.012,27866,2811631.0,0.0,15,1.014,0
1617811200000,1.011,1.013,1.006,1.011,29288,2958766.0,0.0,15,1.012,0
1617897600000,1.01,1.013,1.006,1.011,76679,7749117.0,0.0,15,1.011,0
1618156800000,1.01,1.012,0.992,0.992,39838,4006288.0,0.0,15,1.011,0
1618243200000,0.992,0.993,0.985,0.986,776,76695.00000000001,0.0,15,0.992,0
1618329600000,0.986,0.999,0.982,0.999,34315,3397958.9999999995,0.0,15,0.986,0
1618416000000,0.994,0.998,0.99,0.997,29085,2894138.0000000005,0.0,15,0.999,0
1618502400000,1.0,1.01,0.999,1.008,60578,6083419.0,0.0,15,0.997,0
1618761600000,1.0090000000000001,1.0250000000000001,1.0090000000000001,1.024,62082,6330439.0,0.0,15,1.0080000000000002,0
1618848000000,1.021,1.028,1.02,1.022,40745,4172828.9999999995,0.0,15,1.024,0
1618934400000,1.02,1.023,1.014,1.021,18099,1842717.0,0.0,15,1.022,0
1619020800000,1.02,1.026,1.02,1.025,27668,2835396.0,0.0,15,1.021,0
1619107200000,1.021,1.024,1.016,1.021,16066,1642306.0,0.0,15,1.025,0
1619366400000,1.021,1.031,1.016,1.018,20813,2132646.0,0.0,15,1.021,0
1619452800000,1.014,1.016,1.0030000000000001,1.0130000000000001,44050,4454334.0,0.0,15,1.018,0
1619539200000,1.013,1.017,1.008,1.017,76030,7714394.0,0.0,15,1.013,0
1619625600000,1.014,1.019,1.012,1.015,52135,5296281.0,0.0,15,1.017,0
1619712000000,1.014,1.014,1.0050000000000001,1.0090000000000001,13627,1375466.0,0.0,15,1.0150000000000001,0
1620230400000,1.008,1.014,1.0070000000000001,1.0130000000000001,50282,5094098.000000001,0.0,15,1.0090000000000001,0
1620316800000,1.0130000000000001,1.0130000000000001,1.0010000000000001,1.0010000000000001,17711,1786134.0000000002,0.0,15,1.0130000000000001,0
1620576000000,1.0,1.006,1.0,1.005,61855,6200183.000000001,0.0,15,1.001,0
1620662400000,1.001,1.006,0.989,1.004,17335,1730822.0000000002,0.0,15,1.005,0
1620748800000,1.0030000000000001,1.016,1.0030000000000001,1.016,35227,3549046.0000000005,0.0,15,1.004,0
1620835200000,1.017,1.019,1.008,1.008,30055,3046135.0,0.0,15,1.016,0
1620921600000,1.012,1.023,1.01,1.022,8755,888683.0,0.0,15,1.008,0
1621180800000,1.022,1.026,1.0190000000000001,1.02,3528,360694.0,0.0,15,1.022,0
1621267200000,1.019,1.026,1.018,1.025,49027,4998811.0,0.0,15,1.02,0
1621353600000,1.025,1.0279999999999998,1.025,1.0259999999999998,11807,1212049.0,0.0,15,1.025,0
1621440000000,1.026,1.028,1.022,1.024,16694,1711311.9999999998,0.0,15,1.026,0
1621526400000,1.026,1.031,1.024,1.027,13641,1398665.0,0.0,15,1.024,0
1621785600000,1.0279999999999998,1.037,1.027,1.037,41179,4259863.0,0.0,15,1.027,0
1621872000000,1.037,1.049,1.035,1.049,12888,1338291.0,0.0,15,1.037,0
1621958400000,1.048,1.055,1.048,1.05,8073,848394.0000000001,0.0,15,1.049,0
1622044800000,1.056,1.061,1.052,1.06,2460,260592.0,0.0,15,1.05,0
1622131200000,1.059,1.067,1.056,1.057,13228,1405847.0,0.0,15,1.06,0
1622390400000,1.057,1.075,1.057,1.0739999999999998,19609,2098457.0000000005,0.0,15,1.057,0
1622476800000,1.071,1.08,1.07,1.08,32947,3536466.0,0.0,15,1.074,0
1622563200000,1.078,1.078,1.064,1.066,11787,1262919.0,0.0,15,1.08,0
1622649600000,1.0679999999999998,1.0799999999999998,1.063,1.0679999999999998,66806,7162106.0,0.0,15,1.0659999999999998,0
1622736000000,1.063,1.0739999999999998,1.063,1.0719999999999998,24978,2676095.0,0.0,15,1.0679999999999998,0
1622995200000,1.076,1.085,1.076,1.085,6047,652432.9999999999,0.0,15,1.072,0
1623081600000,1.085,1.087,1.074,1.075,15064,1631618.0,0.0,15,1.085,0
1623168000000,1.075,1.081,1.074,1.08,7271,782644.0,0.0,15,1.075,0
1623254400000,1.0799999999999998,1.091,1.079,1.0899999999999999,3853,416289.0,0.0,15,1.0799999999999998,0
1623340800000,1.0899999999999999,1.091,1.085,1.085,1227,133647.00000000003,0.0,15,1.0899999999999999,0
1623686400000,1.085,1.085,1.077,1.079,13983,1514384.0000000002,0.0,15,1.085,0
1623772800000,1.076,1.076,1.056,1.059,10414,1116123.0,0.0,15,1.079,0
1623859200000,1.059,1.0759999999999998,1.059,1.0759999999999998,17059,1815524.0,0.0,15,1.059,0
1623945600000,1.073,1.087,1.073,1.0859999999999999,12881,1390309.0,0.0,15,1.0759999999999998,0
1624204800000,1.0859999999999999,1.1019999999999999,1.085,1.0999999999999999,13987,1533697.0,0.0,15,1.0859999999999999,0
1624291200000,1.107,1.107,1.098,1.106,5575,615347.0000000001,0.0,15,1.1,0
1624377600000,1.106,1.114,1.106,1.113,6121,679413.0000000001,0.0,15,1.106,0
1624464000000,1.1139999999999999,1.1139999999999999,1.103,1.1039999999999999,7159,791149.0,0.0,15,1.113,0
1624550400000,1.105,1.109,1.1,1.106,6212,686997.0,0.0,15,1.104,0
1624809600000,1.11,1.119,1.11,1.114,23636,2631195.0,0.0,15,1.106,0
1624896000000,1.1139999999999999,1.117,1.105,1.105,6962,771890.0,0.0,15,1.1139999999999999,0
1624982400000,1.105,1.1179999999999999,1.105,1.117,9481,1057627.9999999998,0.0,15,1.105,0
1625068800000,1.1260000000000001,1.1260000000000001,1.098,1.1,3326,367656.0,0.0,15,1.117,0
1625155200000,1.102,1.102,1.088,1.092,3703,405535.00000000006,0.0,15,1.1,0
1625414400000,1.09,1.105,1.09,1.105,17427,1913872.0,0.0,15,1.092,0
1625500800000,1.105,1.113,1.092,1.103,43137,4753436.0,0.0,15,1.105,0
1625587200000,1.099,1.118,1.098,1.115,15239,1692301.0,0.0,15,1.103,0
1625673600000,1.1159999999999999,1.125,1.115,1.1199999999999999,13623,1526618.0000000002,0.0,15,1.115,0
1625760000000,1.102,1.1280000000000001,1.102,1.127,41344,4595511.0,0.0,15,1.12,0
1626019200000,1.1380000000000001,1.149,1.1340000000000001,1.1480000000000001,14059,1605997.0000000002,0.0,15,1.1270000000000002,0
1626105600000,1.1380000000000001,1.157,1.1380000000000001,1.157,36099,4152846.0000000005,0.0,15,1.1480000000000001,0
1626192000000,1.157,1.157,1.143,1.143,8872,1018428.0,0.0,15,1.157,0
1626278400000,1.143,1.143,1.123,1.142,9246,1048633.0,0.0,15,1.143,0
1626364800000,1.137,1.156,1.137,1.148,81066,9324554.0,0.0,15,1.142,0
1626624000000,1.148,1.148,1.137,1.139,78527,8968691.0,0.0,15,1.148,0
1626710400000,1.131,1.145,1.131,1.145,10662,1211444.0,0.0,15,1.139,0
1626796800000,1.1520000000000001,1.1680000000000001,1.1520000000000001,1.165,18471,2139454.0,0.0,15,1.1450000000000002,0
1626883200000,1.17,1.174,1.16,1.1709999999999998,11732,1368536.0,0.0,15,1.1649999999999998,0
1626969600000,1.17,1.1729999999999998,1.158,1.162,8931,1043109.0000000001,0.0,15,1.1709999999999998,0
1627228800000,1.1620000000000001,1.1640000000000001,1.1260000000000001,1.151,66345,7579079.0,0.0,15,1.1620000000000001,0
1627315200000,1.201,1.201,1.122,1.122,20137,2311232.0000000005,0.0,15,1.151,0
1627401600000,1.1219999999999999,1.131,1.067,1.091,81870,8999520.0,0.0,15,1.1219999999999999,0
1627488000000,1.096,1.1340000000000001,1.096,1.133,73417,8271431.0,0.0,15,1.0910000000000002,0
1627574400000,1.138,1.143,1.129,1.141,34063,3876745.0000000005,0.0,15,1.133,0
1627833600000,1.1400000000000001,1.1620000000000001,1.1400000000000001,1.161,6427,740125.0,0.0,15,1.141,0
1627920000000,1.161,1.167,1.1500000000000001,1.1520000000000001,9643,1117743.0,0.0,15,1.161,0
1628006400000,1.153,1.175,1.151,1.174,17805,2074290.0,0.0,15,1.152,0
1628092800000,1.174,1.1789999999999998,1.17,1.174,36943,4341325.0,0.0,15,1.174,0
1628179200000,1.175,1.18,1.171,1.18,6588,774126.0000000001,0.0,15,1.174,0
1628438400000,1.18,1.186,1.166,1.1849999999999998,25398,2988308.0,0.0,15,1.18,0
1628524800000,1.1849999999999998,1.192,1.174,1.188,11418,1351440.0000000002,0.0,15,1.1849999999999998,0
1628611200000,1.188,1.197,1.187,1.196,9782,1168485.0,0.0,15,1.188,0
1628697600000,1.1969999999999998,1.208,1.196,1.206,17578,2109861.0,0.0,15,1.196,0
1628784000000,1.206,1.215,1.201,1.208,86827,10511038.0,0.0,15,1.206,0
1629043200000,1.208,1.208,1.193,1.196,16720,2005885.0,0.0,15,1.208,0
1629129600000,1.197,1.197,1.159,1.163,66470,7865646.999999999,0.0,15,1.196,0
1629216000000,1.168,1.174,1.159,1.165,57609,6714681.0,0.0,15,1.163,0
1629302400000,1.163,1.188,1.155,1.175,137499,16122748.999999998,0.0,15,1.165,0
1629388800000,1.1749999999999998,1.184,1.164,1.178,29240,3433879.0,0.0,15,1.1749999999999998,0
1629648000000,1.177,1.205,1.177,1.204,71064,8511885.000000002,0.0,15,1.178,0
1629734400000,1.204,1.216,1.2,1.2129999999999999,36670,4444702.0,0.0,15,1.204,0
1629820800000,1.2129999999999999,1.2209999999999999,1.208,1.22,59863,7259610.0,0.0,15,1.2129999999999999,0
1629907200000,1.218,1.229,1.209,1.211,31149,3785813.0,0.0,15,1.22,0
1629993600000,1.206,1.209,1.195,1.209,29069,3488247.0,0.0,15,1.211,0
1630252800000,1.212,1.224,1.21,1.216,16045,1953375.0000000002,0.0,15,1.209,0
1630339200000,1.216,1.217,1.203,1.217,30047,3644635.0,0.0,15,1.216,0
1630425600000,1.217,1.227,1.183,1.203,81444,9789735.000000002,0.0,15,1.217,0
1630512000000,1.202,1.212,1.191,1.211,35605,4267813.000000001,0.0,15,1.203,0
1630598400000,1.26,1.26,1.192,1.202,17768,2157685.0,0.0,15,1.2109999999999999,0
1630857600000,1.202,1.215,1.189,1.214,24794,2996826.0,0.0,15,1.202,0
1630944000000,1.214,1.239,1.213,1.238,67342,8259461.0,0.0,15,1.214,0
1631030400000,1.238,1.246,1.238,1.244,83799,10418953.000000002,0.0,15,1.238,0
1631116800000,1.244,1.2449999999999999,1.236,1.2449999999999999,97055,12022364.0,0.0,15,1.244,0
1631203200000,1.2449999999999999,1.252,1.234,1.248,50172,6229132.0,0.0,15,1.2449999999999999,0
1631462400000,1.2429999999999999,1.251,1.24,1.25,35458,4427667.0,0.0,15,1.248,0
1631548800000,1.251,1.263,1.242,1.246,116050,14548196.999999998,0.0,15,1.25,0
1631635200000,1.246,1.256,1.237,1.254,141319,17662873.0,0.0,15,1.246,0
1631721600000,1.256,1.258,1.223,1.224,92246,11416762.0,0.0,15,1.254,0
1631808000000,1.223,1.228,1.195,1.219,41000,4990966.0,0.0,15,1.224,0
1632240000000,1.2169999999999999,1.224,1.206,1.2229999999999999,28224,3433325.0,0.0,15,1.2189999999999999,0
1632326400000,1.228,1.237,1.227,1.232,16859,2076787.0000000002,0.0,15,1.223,0
1632412800000,1.22,1.232,1.211,1.211,20938,2555539.9999999995,0.0,15,1.232,0
1632672000000,1.211,1.218,1.169,1.178,53151,6292289.000000001,0.0,15,1.211,0
1632758400000,1.178,1.183,1.169,1.178,18169,2136841.0,0.0,15,1.178,0
1632844800000,1.169,1.169,1.137,1.137,22490,2590849.0,0.0,15,1.178,0
1632931200000,1.1420000000000001,1.1660000000000001,1.1420000000000001,1.1640000000000001,100449,11631705.0,0.0,15,1.1370000000000002,0
1633622400000,1.17,1.1829999999999998,1.166,1.172,50580,5931232.0,0.0,15,1.164,0
1633881600000,1.172,1.172,1.16,1.1629999999999998,30932,3603703.0,0.0,15,1.172,0
1633968000000,1.161,1.161,1.1260000000000001,1.135,54136,6163671.0,0.0,15,1.163,0
1634054400000,1.134,1.148,1.127,1.146,124852,14186851.0,0.0,15,1.135,0
1634140800000,1.146,1.159,1.143,1.157,37504,4312873.0,0.0,15,1.146,0
1634227200000,1.16,1.16,1.149,1.158,65648,7579539.0,0.0,15,1.157,0
1634486400000,1.1580000000000001,1.1700000000000002,1.1520000000000001,1.169,64430,7482395.000000001,0.0,15,1.1580000000000001,0
1634572800000,1.17,1.1829999999999998,1.17,1.1829999999999998,44915,5287402.0,0.0,15,1.169,0
1634659200000,1.178,1.191,1.177,1.185,41708,4932851.0,0.0,15,1.183,0
1634745600000,1.186,1.19,1.18,1.182,70234,8309410.999999999,0.0,15,1.1849999999999998,0
1634832000000,1.18,1.186,1.174,1.174,35272,4170261.0,0.0,15,1.182,0
1635091200000,1.174,1.1869999999999998,1.168,1.186,67459,7973256.0,0.0,15,1.174,0
1635177600000,1.1869999999999998,1.1949999999999998,1.182,1.184,26643,3158959.0,0.0,15,1.186,0
1635264000000,1.184,1.184,1.169,1.173,33882,3975979.9999999995,0.0,15,1.184,0
1635350400000,1.1720000000000002,1.1720000000000002,1.1480000000000001,1.1500000000000001,10031,1166046.0,0.0,15,1.173,0
1635436800000,1.1560000000000001,1.1660000000000001,1.1440000000000001,1.165,56647,6544200.0,0.0,15,1.1500000000000001,0
1635696000000,1.164,1.1809999999999998,1.162,1.1769999999999998,114556,13455745.0,0.0,15,1.1649999999999998,0
1635782400000,1.182,1.183,1.153,1.163,51148,6015481.0,0.0,15,1.177,0
1635868800000,1.1629999999999998,1.166,1.156,1.1649999999999998,90357,10502875.0,0.0,15,1.1629999999999998,0
1635955200000,1.17,1.18,1.168,1.18,64359,7562991.999999999,0.0,15,1.165,0
1636041600000,1.176,1.181,1.167,1.168,37394,4402793.0,0.0,15,1.18,0
1636300800000,1.164,1.172,1.162,1.168,124817,14566692.000000002,0.0,15,1.168,0
1636387200000,1.177,1.187,1.173,1.187,125557,14803528.0,0.0,15,1.1680000000000001,0
1636473600000,1.1849999999999998,1.188,1.172,1.188,137942,16312711.0,0.0,15,1.1869999999999998,0
1636560000000,1.186,1.1989999999999998,1.186,1.1969999999999998,77490,9247137.0,0.0,15,1.188,0
1636646400000,1.197,1.215,1.197,1.214,76189,9209051.0,0.0,15,1.197,0
1636905600000,1.218,1.22,1.208,1.212,107477,13035829.0,0.0,15,1.214,0
1636992000000,1.212,1.212,1.197,1.198,30485,3685686.9999999995,0.0,15,1.212,0
1637078400000,1.194,1.218,1.194,1.2169999999999999,14990,1815784.0,0.0,15,1.198,0
1637164800000,1.217,1.224,1.213,1.218,27709,3376647.0,0.0,15,1.217,0
1637251200000,1.218,1.228,1.217,1.227,25427,3113810.0,0.0,15,1.218,0
1637510400000,1.227,1.25,1.227,1.249,79546,9920290.0,0.0,15,1.227,0
1637596800000,1.2489999999999999,1.254,1.248,1.2489999999999999,66848,8364276.0,0.0,15,1.2489999999999999,0
1637683200000,1.25,1.2530000000000001,1.245,1.249,79479,9928475.0,0.0,15,1.249,0
1637769600000,1.247,1.2510000000000001,1.245,1.245,56337,7034862.000000001,0.0,15,1.249,0
1637856000000,1.243,1.25,1.243,1.247,100477,12528576.0,0.0,15,1.245,0
1638115200000,1.242,1.258,1.23,1.258,90885,11376775.000000002,0.0,15,1.2469999999999999,0
1638201600000,1.263,1.273,1.26,1.268,72087,9142031.0,0.0,15,1.258,0
1638288000000,1.268,1.2690000000000001,1.2630000000000001,1.2690000000000001,51479,6517831.0,0.0,15,1.268,0
1638374400000,1.2690000000000001,1.2690000000000001,1.2570000000000001,1.2590000000000001,39220,4941162.0,0.0,15,1.2690000000000001,0
1638460800000,1.262,1.266,1.2550000000000001,1.264,36595,4624898.0,0.0,15,1.2590000000000001,0
1638720000000,1.276,1.276,1.249,1.25,28567,3591459.0,0.0,15,1.264,0
1638806400000,1.249,1.2530000000000001,1.219,1.227,98150,12033690.0,0.0,15,1.25,0
1638892800000,1.224,1.248,1.224,1.2469999999999999,119572,14883289.0,0.0,15,1.2269999999999999,0
1638979200000,1.2469999999999999,1.251,1.242,1.2469999999999999,101739,12699666.0,0.0,15,1.2469999999999999,0
1639065600000,1.247,1.254,1.243,1.2530000000000001,54771,6848471.0,0.0,15,1.247,0
1639324800000,1.2530000000000001,1.2610000000000001,1.2510000000000001,1.2550000000000001,38160,4792583.000000001,0.0,15,1.2530000000000001,0
1639411200000,1.2590000000000001,1.2590000000000001,1.2530000000000001,1.2570000000000001,40524,5096631.0,0.0,15,1.2550000000000001,0
1639497600000,1.252,1.2650000000000001,1.245,1.2550000000000001,71594,9019703.000000002,0.0,15,1.2570000000000001,0
1639584000000,1.256,1.264,1.25,1.261,29258,3686831.0,0.0,15,1.255,0
1639670400000,1.262,1.262,1.247,1.247,50338,6310204.0,0.0,15,1.2610000000000001,0
1639929600000,1.29,1.29,1.224,1.2249999999999999,52271,6444350.0,0.0,15,1.2469999999999999,0
1640016000000,1.225,1.238,1.225,1.238,77532,9552602.0,0.0,15,1.225,0
1640102400000,1.241,1.2530000000000001,1.241,1.252,68900,8596366.0,0.0,15,1.2380000000000002,0
1640188800000,1.252,1.256,1.247,1.2530000000000001,16832,2107615.0,0.0,15,1.252,0
1640275200000,1.254,1.254,1.229,1.23,44748,5545669.999999999,0.0,15,1.2530000000000001,0
1640534400000,1.232,1.237,1.227,1.229,42168,5196692.0,0.0,15,1.23,0
1640620800000,1.232,1.244,1.232,1.244,19185,2369815.0,0.0,15,1.229,0
1640707200000,1.244,1.2469999999999999,1.242,1.246,51053,6355496.000000001,0.0,15,1.244,0
1640793600000,1.243,1.2570000000000001,1.243,1.2530000000000001,81769,10243590.000000002,0.0,15,1.246,0
1640880000000,1.256,1.267,1.256,1.265,71777,9074160.0,0.0,15,1.2530000000000001,0
1641225600000,1.263,1.275,1.258,1.263,64823,8210898.000000001,0.0,15,1.265,0
1641312000000,1.251,1.253,1.226,1.232,134808,16649463.0,0.0,15,1.263,0
1641398400000,1.227,1.243,1.223,1.239,65132,8044162.0,0.0,15,1.232,0
1641484800000,1.245,1.245,1.217,1.218,74987,9196916.0,0.0,15,1.239,0
1641744000000,1.218,1.226,1.207,1.221,62983,7693121.0,0.0,15,1.218,0
1641830400000,1.228,1.229,1.209,1.212,38841,4727536.0,0.0,15,1.221,0
1641916800000,1.216,1.228,1.216,1.228,82410,10095957.0,0.0,15,1.212,0
1642003200000,1.228,1.228,1.21,1.21,103201,12582275.000000002,0.0,15,1.228,0
1642089600000,1.204,1.254,1.149,1.211,88227,10704025.0,0.0,15,1.21,0
1642348800000,1.2149999999999999,1.2329999999999999,1.214,1.2309999999999999,87850,10748049.000000002,0.0,15,1.211,0
1642435200000,1.2309999999999999,1.236,1.226,1.228,109806,13511837.0,0.0,15,1.2309999999999999,0
1642521600000,1.2229999999999999,1.224,1.208,1.2149999999999999,76981,9348994.0,0.0,15,1.228,0
1642608000000,1.214,1.214,1.188,1.192,136809,16358583.0,0.0,15,1.2149999999999999,0
1642694400000,1.192,1.192,1.17,1.1749999999999998,156209,18401836.0,0.0,15,1.192,0
1642953600000,1.172,1.182,1.164,1.178,131271,15438157.000000002,0.0,15,1.1749999999999998,0
1643040000000,1.1780000000000002,1.1780000000000002,1.1340000000000001,1.1340000000000001,85322,9863820.0,0.0,15,1.1780000000000002,0
1643126400000,1.134,1.144,1.123,1.138,86049,9774858.0,0.0,15,1.134,0
1643212800000,1.1360000000000001,1.1400000000000001,1.106,1.109,106947,11984111.0,0.0,15,1.1380000000000001,0
1643299200000,1.113,1.124,1.09,1.109,96233,10642766.0,0.0,15,1.109,0
1644163200000,1.1199999999999999,1.126,1.109,1.1199999999999999,106619,11966187.0,0.0,15,1.109,0
1644249600000,1.117,1.126,1.103,1.123,122159,13616456.0,0.0,15,1.1199999999999999,0
1644336000000,1.121,1.146,1.121,1.144,110012,12456522.0,0.0,15,1.123,0
1644422400000,1.1420000000000001,1.1460000000000001,1.1340000000000001,1.139,110642,12594092.0,0.0,15,1.1440000000000001,0
1644508800000,1.136,1.196,1.117,1.1179999999999999,123478,13939791.0,0.0,15,1.139,0
1644768000000,1.118,1.195,1.042,1.113,71022,7940738.000000001,0.0,15,1.118,0
1644854400000,1.113,1.129,1.111,1.128,93475,10490349.000000002,0.0,15,1.113,0
1644940800000,1.1340000000000001,1.1420000000000001,1.1320000000000001,1.1400000000000001,89220,10145425.0,0.0,15,1.1280000000000001,0
1645027200000,1.139,1.15,1.135,1.143,116783,13352267.0,0.0,15,1.14,0
1645113600000,1.1420000000000001,1.1480000000000001,1.1380000000000001,1.1480000000000001,102356,11719638.000000002,0.0,15,1.143,0
1645372800000,1.147,1.162,1.147,1.162,110112,12735600.000000002,0.0,15,1.148,0
1645459200000,1.154,1.157,1.145,1.154,118374,13642141.0,0.0,15,1.162,0
1645545600000,1.154,1.182,1.154,1.182,157718,18503752.0,0.0,15,1.154,0
1645632000000,1.18,1.183,1.139,1.158,100091,11740107.0,0.0,15,1.182,0
1645718400000,1.162,1.176,1.162,1.1649999999999998,141234,16512304.000000002,0.0,15,1.158,0
1645977600000,1.1649999999999998,1.174,1.156,1.172,100240,11684665.000000002,0.0,15,1.1649999999999998,0
1646064000000,1.172,1.178,1.17,1.1749999999999998,93605,10984991.0,0.0,15,1.172,0
1646150400000,1.168,1.1769999999999998,1.164,1.176,106582,12477237.0,0.0,15,1.1749999999999998,0
1646236800000,1.176,1.176,1.164,1.164,143545,16781677.0,0.0,15,1.176,0
1646323200000,1.159,1.164,1.145,1.146,185497,21472559.000000004,0.0,15,1.164,0
1646582400000,1.1400000000000001,1.141,1.118,1.125,137193,15501956.000000002,0.0,15,1.1460000000000001,0
1646668800000,1.126,1.126,1.085,1.0899999999999999,102457,11329458.000000002,0.0,15,1.125,0
1646755200000,1.09,1.096,1.036,1.075,135121,14447731.000000002,0.0,15,1.09,0
1646841600000,1.083,1.1119999999999999,1.083,1.101,114496,12635463.0,0.0,15,1.075,0
1646928000000,1.101,1.109,1.077,1.107,155093,16848385.999999996,0.0,15,1.101,0
1647187200000,1.099,1.105,1.08,1.08,145736,15973638.999999998,0.0,15,1.107,0
1647273600000,1.0699999999999998,1.0739999999999998,1.029,1.029,124008,13036407.0,0.0,15,1.0799999999999998,0
1647360000000,1.03,1.062,1.006,1.061,104424,10752509.000000002,0.0,15,1.029,0
1647446400000,1.065,1.0959999999999999,1.065,1.083,138907,15119695.000000002,0.0,15,1.061,0
1647532800000,1.081,1.091,1.078,1.091,118978,12915870.000000002,0.0,15,1.083,0
1647792000000,1.091,1.105,1.09,1.1,121740,13393005.000000002,0.0,15,1.091,0
1647878400000,1.095,1.103,1.093,1.097,122740,13473378.000000002,0.0,15,1.0999999999999999,0
1647964800000,1.101,1.106,1.096,1.102,123998,13674863.0,0.0,15,1.097,0
1648051200000,1.096,1.101,1.086,1.095,120993,13215975.000000002,0.0,15,1.102,0
1648137600000,1.097,1.099,1.083,1.083,117883,12827243.999999998,0.0,15,1.095,0
1648396800000,1.073,1.0819999999999999,1.063,1.0759999999999998,141757,15225344.0,0.0,15,1.083,0
1648483200000,1.0739999999999998,1.079,1.063,1.069,138527,14821918.000000002,0.0,15,1.0759999999999998,0
1648569600000,1.073,1.087,1.07,1.087,58404,6311637.0,0.0,15,1.0690000000000002,0
1648656000000,1.083,1.083,1.074,1.074,102772,11074164.000000002,0.0,15,1.087,0
1648742400000,1.069,1.076,1.062,1.073,105290,11291348.000000002,0.0,15,1.074,0
1649174400000,1.07,1.073,1.066,1.072,110363,11810287.0,0.0,15,1.073,0
1649260800000,1.0679999999999998,1.0719999999999998,1.051,1.0519999999999998,102418,10863478.0,0.0,15,1.0719999999999998,0
1649347200000,1.0519999999999998,1.0519999999999998,1.031,1.0439999999999998,102202,10651435.0,0.0,15,1.0519999999999998,0
1649606400000,1.044,1.044,1.006,1.009,88189,8978474.0,0.0,15,1.044,0
1649692800000,1.004,1.023,0.997,1.018,114311,11574013.0,0.0,15,1.009,0
1649779200000,1.008,1.014,0.999,1.002,132182,13291904.000000002,0.0,15,1.018,0
1649865600000,1.006,1.012,1.0,1.007,106583,10705705.0,0.0,15,1.002,0
1649952000000,1.004,1.005,0.993,1.003,216957,21673702.0,0.0,15,1.007,0
1650211200000,0.997,1.005,0.981,1.002,121959,12167709.0,0.0,15,1.003,0
1650297600000,1.008,1.012,1.0010000000000001,1.0070000000000001,117996,11867717.000000002,0.0,15,1.002,0
1650384000000,1.004,1.007,0.986,0.99,104137,10411009.0,0.0,15,1.007,0
1650470400000,0.9910000000000001,0.9910000000000001,0.9490000000000001,0.9520000000000001,106203,10233578.0,0.0,15,0.9900000000000001,0
1650556800000,0.9430000000000001,0.9480000000000001,0.931,0.937,131688,12367845.0,0.0,15,0.9520000000000001,0
1650816000000,0.9319999999999999,0.9319999999999999,0.87,0.872,144415,12962334.999999998,0.0,15,0.937,0
1650902400000,0.867,0.873,0.84,0.845,146942,12699341.0,0.0,15,0.872,0
1650988800000,0.8400000000000001,0.8810000000000001,0.8260000000000001,0.8800000000000001,125858,10828239.000000002,0.0,15,0.8450000000000001,0
1651075200000,0.88,0.887,0.865,0.877,121458,10638821.0,0.0,15,0.88,0
1651161600000,0.882,0.915,0.878,0.913,105103,9496548.000000002,0.0,15,0.877,0
1651680000000,0.908,0.936,0.903,0.929,123302,11456594.0,0.0,15,0.913,0
1651766400000,0.929,0.929,0.9,0.918,80697,7392358.0,0.0,15,0.929,0
1652025600000,0.913,0.934,0.913,0.929,128874,11945516.0,0.0,15,0.918,0
1652112000000,0.934,0.9470000000000001,0.915,0.9460000000000001,127859,11989500.0,0.0,15,0.929,0
1652198400000,0.9430000000000001,0.9760000000000001,0.9430000000000001,0.9560000000000001,95596,9248667.000000002,0.0,15,0.9460000000000001,0
1652284800000,0.9510000000000001,0.9650000000000001,0.9510000000000001,0.9600000000000001,96687,9247524.0,0.0,15,0.9560000000000001,0
1652371200000,0.9630000000000001,0.9670000000000001,0.9560000000000001,0.9660000000000001,106103,10203062.0,0.0,15,0.9600000000000001,0
1652630400000,0.971,0.98,0.964,0.967,98144,9503597.000000002,0.0,15,0.966,0
1652716800000,0.9630000000000001,0.9740000000000001,0.9580000000000001,0.9730000000000001,97930,9453861.0,0.0,15,0.9670000000000001,0
1652803200000,0.9730000000000001,0.984,0.924,0.9740000000000001,98966,9679303.0,0.0,15,0.9730000000000001,0
1652889600000,0.974,0.984,0.962,0.984,91713,8929111.0,0.0,15,0.974,0
1652976000000,0.989,0.998,0.983,0.998,112522,11164128.0,0.0,15,0.984,0
1653235200000,1.001,1.011,1.0,1.01,86406,8683552.000000002,0.0,15,0.998,0
1653321600000,1.008,1.011,0.97,0.97,102430,10146448.0,0.0,15,1.01,0
1653408000000,0.965,0.988,0.965,0.988,128335,12522730.0,0.0,15,0.97,0
1653494400000,0.984,0.997,0.974,0.993,113369,11191698.0,0.0,15,0.988,0
1653580800000,1.001,1.001,0.984,0.99,102293,10149131.0,0.0,15,0.993,0
1653840000000,0.992,1.003,0.989,1.003,122581,12214027.0,0.0,15,0.99,0
1653926400000,1.008,1.015,0.994,1.013,135346,13598334.0,0.0,15,1.003,0
1654012800000,1.008,1.02,1.008,1.018,117568,11953163.0,0.0,15,1.013,0
1654099200000,1.012,1.033,1.012,1.032,134292,13718189.0,0.0,15,1.018,0
1654444800000,1.028,1.053,1.028,1.049,130322,13656994.0,0.0,15,1.032,0
1654531200000,1.053,1.055,1.043,1.0499999999999998,132391,13864874.0,0.0,15,1.049,0
1654617600000,1.0499999999999998,1.0599999999999998,1.033,1.053,128686,13415343.000000002,0.0,15,1.0499999999999998,0
1654704000000,1.05,1.05,1.03,1.036,143601,14860191.0,0.0,15,1.053,0
1654790400000,1.028,1.056,1.028,1.055,123619,12985023.0,0.0,15,1.036,0
1655049600000,1.059,1.067,1.052,1.067,154551,16363090.000000002,0.0,15,1.055,0
1655136000000,1.065,1.065,1.03,1.061,179421,18782397.999999996,0.0,15,1.067,0
1655222400000,1.056,1.076,1.056,1.063,152583,16339825.0,0.0,15,1.061,0
1655308800000,1.067,1.076,1.062,1.067,139225,14911887.0,0.0,15,1.063,0
1655395200000,1.06,1.078,1.058,1.077,162532,17331547.0,0.0,15,1.067,0
1655654400000,1.078,1.094,1.078,1.092,183270,19986149.000000004,0.0,15,1.0770000000000002,0
1655740800000,1.0919999999999999,1.0919999999999999,1.071,1.0819999999999999,180159,19469752.0,0.0,15,1.0919999999999999,0
1655827200000,1.081,1.085,1.066,1.066,148660,16033358.0,0.0,15,1.082,0
1655913600000,1.0619999999999998,1.0899999999999999,1.061,1.0899999999999999,122678,13166851.999999998,0.0,15,1.0659999999999998,0
1656000000000,1.095,1.109,1.094,1.105,132927,14672595.999999998,0.0,15,1.09,0
1656259200000,1.104,1.116,1.104,1.116,138247,15380090.000000002,0.0,15,1.105,0
1656345600000,1.113,1.1280000000000001,1.108,1.127,143217,15974344.000000002,0.0,15,1.116,0
1656432000000,1.1260000000000001,1.1260000000000001,1.104,1.106,198365,22084282.0,0.0,15,1.127,0
1656518400000,1.109,1.121,1.104,1.113,241179,26842650.0,0.0,15,1.106,0
1656604800000,1.117,1.1239999999999999,1.109,1.117,144243,16087494.0,0.0,15,1.113,0
1656864000000,1.1199999999999999,1.127,1.105,1.126,117655,13190172.0,0.0,15,1.117,0
1656950400000,1.13,1.13,1.111,1.1219999999999999,242347,27024413.0,0.0,15,1.126,0
1657036800000,1.115,1.12,1.102,1.11,248856,27633361.0,0.0,15,1.122,0
1657123200000,1.107,1.123,1.104,1.119,205687,22943779.0,0.0,15,1.11,0
1657209600000,1.125,1.127,1.114,1.117,200163,22455758.000000004,0.0,15,1.119,0
1657468800000,1.107,1.109,1.091,1.099,167171,18388919.0,0.0,15,1.117,0
1657555200000,1.098,1.102,1.082,1.083,177277,19348392.000000004,0.0,15,1.099,0
1657641600000,1.083,1.0919999999999999,1.077,1.0919999999999999,176885,19180939.999999996,0.0,15,1.083,0
1657728000000,1.087,1.1079999999999999,1.087,1.103,145514,15956792.000000002,0.0,15,1.0919999999999999,0
1657814400000,1.102,1.11,1.088,1.093,154331,17007321.000000004,0.0,15,1.103,0
1658073600000,1.0939999999999999,1.1079999999999999,1.091,1.1079999999999999,150998,16630326.999999998,0.0,15,1.093,0
1658160000000,1.106,1.12,1.106,1.118,205352,22893203.0,0.0,15,1.108,0
1658246400000,1.1219999999999999,1.132,1.117,1.132,246875,27863298.0,0.0,15,1.1179999999999999,0
1658332800000,1.136,1.142,1.119,1.13,426576,48355175.0,0.0,15,1.132,0
1658419200000,1.1300000000000001,1.1400000000000001,1.112,1.124,767153,86435221.0,0.0,15,1.1300000000000001,0
1658678400000,1.128,1.128,1.105,1.109,387945,43108938.0,0.0,15,1.1239999999999999,0
1658764800000,1.1039999999999999,1.123,1.103,1.121,314947,35203206.0,0.0,15,1.109,0
1658851200000,1.1239999999999999,1.134,1.119,1.133,161027,18162403.0,0.0,15,1.121,0
1658937600000,1.137,1.148,1.133,1.142,298734,34108991.99999999,0.0,15,1.133,0
1659024000000,1.15,1.15,1.133,1.137,191712,21847428.000000004,0.0,15,1.142,0
1659283200000,1.137,1.145,1.124,1.1440000000000001,235866,26809215.0,0.0,15,1.137,0
1659369600000,1.144,1.144,1.095,1.111,374197,41565628.0,0.0,15,1.144,0
1659456000000,1.111,1.137,1.099,1.103,468181,52573238.0,0.0,15,1.111,0
1659542400000,1.103,1.111,1.089,1.1059999999999999,324349,35656613.0,0.0,15,1.103,0
1659628800000,1.105,1.129,1.105,1.129,244150,27261313.0,0.0,15,1.1059999999999999,0
1659888000000,1.127,1.141,1.123,1.14,191447,21690740.0,0.0,15,1.129,0
1659974400000,1.14,1.145,1.133,1.144,139623,15900107.999999998,0.0,15,1.14,0
1660060800000,1.1440000000000001,1.1500000000000001,1.1400000000000001,1.1460000000000001,144769,16585637.0,0.0,15,1.1440000000000001,0
1660147200000,1.1460000000000001,1.161,1.1460000000000001,1.1600000000000001,227876,26324460.0,0.0,15,1.1460000000000001,0
1660233600000,1.16,1.163,1.149,1.151,128060,14816892.0,0.0,15,1.16,0
1660492800000,1.151,1.161,1.1480000000000001,1.1580000000000001,229662,26560865.0,0.0,15,1.151,0
1660579200000,1.158,1.17,1.157,1.163,221906,25841095.000000004,0.0,15,1.158,0
1660665600000,1.163,1.167,1.157,1.165,202407,23505719.0,0.0,15,1.163,0
1660752000000,1.16,1.17,1.16,1.17,210013,24462257.000000004,0.0,15,1.1649999999999998,0
1660838400000,1.174,1.174,1.149,1.151,213805,24833764.0,0.0,15,1.17,0
1661097600000,1.146,1.158,1.139,1.157,246943,28471912.000000004,0.0,15,1.151,0
1661184000000,1.157,1.16,1.153,1.16,409126,47333933.0,0.0,15,1.157,0
1661270400000,1.161,1.161,1.119,1.119,328869,37418519.00000001,0.0,15,1.16,0
1661356800000,1.121,1.124,1.104,1.118,245632,27328265.0,0.0,15,1.119,0
1661443200000,1.114,1.1280000000000001,1.108,1.113,194749,21794749.0,0.0,15,1.118,0
1661702400000,1.1079999999999999,1.119,1.063,1.1159999999999999,200226,22293089.0,0.0,15,1.113,0
1661788800000,1.115,1.115,1.106,1.111,185141,20573128.0,0.0,15,1.116,0
1661875200000,1.1,1.11,1.072,1.074,355904,38717035.0,0.0,15,1.111,0
1661961600000,1.068,1.084,1.066,1.069,285444,30701075.0,0.0,15,1.074,0
1662048000000,1.0739999999999998,1.0839999999999999,1.069,1.079,242892,26155821.0,0.0,15,1.069,0
1662307200000,1.0779999999999998,1.0879999999999999,1.073,1.0799999999999998,314494,33960381.0,0.0,15,1.079,0
1662393600000,1.087,1.101,1.079,1.101,282722,30781826.0,0.0,15,1.0799999999999998,0
1662480000000,1.096,1.111,1.096,1.106,224726,24866742.0,0.0,15,1.101,0
1662566400000,1.105,1.109,1.098,1.098,270953,29864520.000000004,0.0,15,1.106,0
1662652800000,1.0959999999999999,1.105,1.083,1.1039999999999999,253327,27837742.0,0.0,15,1.0979999999999999,0
1662998400000,1.0999999999999999,1.109,1.097,1.099,253294,27873080.0,0.0,15,1.1039999999999999,0
1663084800000,1.08,1.092,1.08,1.088,238172,25909333.0,0.0,15,1.099,0
1663171200000,1.092,1.092,1.042,1.053,318970,33832865.0,0.0,15,1.088,0
1663257600000,1.049,1.057,1.03,1.035,273602,28634608.000000004,0.0,15,1.053,0
1663516800000,1.0350000000000001,1.036,1.0150000000000001,1.02,277375,28459313.0,0.0,15,1.0350000000000001,0
1663603200000,1.026,1.042,1.022,1.031,302239,31225541.000000004,0.0,15,1.02,0
1663689600000,1.03,1.038,1.018,1.034,270096,27812484.0,0.0,15,1.031,0
1663776000000,1.038,1.046,1.026,1.036,267177,27742894.000000004,0.0,15,1.034,0
1663862400000,1.0350000000000001,1.0370000000000001,1.0050000000000001,1.0150000000000001,339882,34626793.0,0.0,15,1.036,0
1664121600000,1.004,1.022,1.0,1.002,413720,41896940.0,0.0,15,1.015,0
1664208000000,1.006,1.022,1.002,1.02,323742,32717456.000000004,0.0,15,1.002,0
1664294400000,1.021,1.021,0.99,0.991,190083,19105985.0,0.0,15,1.02,0
1664380800000,0.996,1.005,0.987,0.993,479109,47777261.0,0.0,15,0.991,0
1664467200000,0.995,0.995,0.973,0.979,533432,52503041.0,0.0,15,0.993,0
1665331200000,0.9740000000000001,0.9800000000000001,0.9480000000000001,0.9550000000000001,386678,37361809.0,0.0,15,0.9790000000000001,0
1665417600000,0.9550000000000001,0.9930000000000001,0.9470000000000001,0.9570000000000001,423713,40487974.0,0.0,15,0.9550000000000001,0
1665504000000,0.9570000000000001,0.9870000000000001,0.9440000000000001,0.9870000000000001,473639,45395330.0,0.0,15,0.9570000000000001,0
1665590400000,0.992,1.005,0.984,0.995,448460,44677431.00000001,0.0,15,0.987,0
1665676800000,0.996,1.024,0.996,1.022,367738,37375244.0,0.0,15,0.995,0
1665936000000,1.022,1.033,1.02,1.028,355968,36483751.00000001,0.0,15,1.022,0
1666022400000,1.03,1.043,1.026,1.035,245334,25413842.0,0.0,15,1.028,0
1666108800000,1.0319999999999998,1.041,1.029,1.031,335348,34705211.0,0.0,15,1.035,0
1666195200000,1.034,1.041,1.008,1.024,515583,52886136.99999999,0.0,15,1.031,0
1666281600000,1.0290000000000001,1.032,1.0170000000000001,1.026,383457,39299927.0,0.0,15,1.024,0
1666540800000,1.0350000000000001,1.052,1.0090000000000001,1.02,528485,54342056.0,0.0,15,1.026,0
1666627200000,1.024,1.024,0.998,1.017,428932,43310593.0,0.0,15,1.02,0
1666713600000,1.01,1.046,1.008,1.035,510521,52617695.00000001,0.0,15,1.017,0
1666800000000,1.044,1.044,1.028,1.031,381876,39539680.0,0.0,15,1.035,0
1666886400000,1.031,1.031,0.989,0.994,465676,47061096.0,0.0,15,1.031,0
1667145600000,0.996,1.012,0.987,1.003,446563,44757399.0,0.0,15,0.994,0
1667232000000,0.999,1.03,0.999,1.029,410285,41665267.0,0.0,15,1.003,0
1667318400000,1.033,1.045,1.026,1.038,399450,41369404.99999999,0.0,15,1.029,0
1667404800000,1.037,1.0479999999999998,1.031,1.0459999999999998,403338,42067921.0,0.0,15,1.0379999999999998,0
1667491200000,1.045,1.0719999999999998,1.045,1.071,470372,50022667.0,0.0,15,1.0459999999999998,0
1667750400000,1.063,1.076,1.06,1.067,558820,59713624.0,0.0,15,1.071,0
1667836800000,1.067,1.068,1.06,1.068,464291,49329156.0,0.0,15,1.067,0
1667923200000,1.068,1.072,1.06,1.063,404748,43108004.0,0.0,15,1.068,0
1668009600000,1.052,1.064,1.05,1.054,482165,50855223.0,0.0,15,1.063,0
1668096000000,1.071,1.085,1.057,1.0599999999999998,451449,48214969.0,0.0,15,1.054,0
1668355200000,1.055,1.067,1.045,1.0499999999999998,335958,35499541.0,0.0,15,1.0599999999999998,0
1668441600000,1.048,1.075,1.04,1.074,442523,47186389.0,0.0,15,1.05,0
1668528000000,1.074,1.079,1.066,1.067,415869,44518504.0,0.0,15,1.074,0
1668614400000,1.064,1.07,1.056,1.068,426291,45222919.0,0.0,15,1.067,0
1668700800000,1.071,1.075,1.058,1.061,445273,47624928.0,0.0,15,1.068,0
1668960000000,1.0599999999999998,1.067,1.051,1.0659999999999998,346639,36730877.0,0.0,15,1.061,0
1669046400000,1.066,1.067,1.044,1.051,426254,45125136.0,0.0,15,1.066,0
1669132800000,1.0459999999999998,1.051,1.029,1.047,421315,43835283.0,0.0,15,1.051,0
1669219200000,1.046,1.053,1.042,1.049,305813,32063008.0,0.0,15,1.047,0
1669305600000,1.051,1.051,1.038,1.04,298442,31107693.0,0.0,15,1.049,0
1669564800000,1.04,1.04,1.02,1.035,312538,32213719.000000004,0.0,15,1.04,0
1669651200000,1.039,1.056,1.038,1.05,257636,26986517.000000004,0.0,15,1.0350000000000001,0
1669737600000,1.05,1.056,1.044,1.049,271540,28517356.000000004,0.0,15,1.05,0
1669824000000,1.053,1.067,1.053,1.0599999999999998,267771,28451423.0,0.0,15,1.049,0
1669910400000,1.085,1.085,1.041,1.063,242906,25862447.0,0.0,15,1.0599999999999998,0
1670169600000,1.067,1.073,1.063,1.069,323153,34480422.0,0.0,15,1.063,0
1670256000000,1.067,1.073,1.06,1.067,367657,39226238.0,0.0,15,1.069,0
1670342400000,1.067,1.073,1.063,1.0659999999999998,263119,28119852.000000004,0.0,15,1.067,0
1670428800000,1.0619999999999998,1.067,1.059,1.063,293925,31247806.0,0.0,15,1.0659999999999998,0
1670515200000,1.062,1.069,1.056,1.064,281948,29942411.999999996,0.0,15,1.063,0
1670774400000,1.059,1.065,1.055,1.0599999999999998,269908,28580207.0,0.0,15,1.0639999999999998,0
1670860800000,1.057,1.058,1.05,1.053,299592,31594857.999999996,0.0,15,1.06,0
1670947200000,1.053,1.056,1.044,1.048,279937,29375162.000000004,0.0,15,1.053,0
1671033600000,1.0499999999999998,1.0519999999999998,1.045,1.0499999999999998,233814,24509870.0,0.0,15,1.0479999999999998,0
1671120000000,1.051,1.051,1.036,1.044,285564,29719248.000000004,0.0,15,1.05,0
1671379200000,1.04,1.0450000000000002,1.0170000000000001,1.024,336880,34766329.0,0.0,15,1.044,0
1671465600000,1.0290000000000001,1.0290000000000001,1.0090000000000001,1.012,294567,29897040.0,0.0,15,1.024,0
1671552000000,1.014,1.014,0.997,1.006,255646,25677263.0,0.0,15,1.012,0
1671638400000,1.013,1.013,0.985,0.99,244946,24458422.0,0.0,15,1.006,0
1671724800000,0.99,0.992,0.978,0.984,259530,25556110.000000004,0.0,15,0.99,0
1671984000000,0.985,1.002,0.984,0.999,380639,37939093.0,0.0,15,0.984,0
1672070400000,1.0,1.007,0.996,1.006,282480,28302481.0,0.0,15,0.999,0
1672156800000,1.006,1.006,0.996,1.001,338674,33882350.0,0.0,15,1.006,0
1672243200000,0.998,1.007,0.996,0.998,310186,31060493.0,0.0,15,1.001,0
1672329600000,0.998,1.003,0.998,1.001,343012,34322775.0,0.0,15,0.998,0
1672675200000,1.0050000000000001,1.0250000000000001,1.0010000000000001,1.0230000000000001,153211,15543246.000000002,0.0,15,1.0010000000000001,0
1672761600000,1.022,1.0270000000000001,1.0170000000000001,1.022,182402,18648099.0,0.0,15,1.0230000000000001,0
1672848000000,1.0170000000000001,1.034,1.0170000000000001,1.034,231777,23904823.0,0.0,15,1.022,0
1672934400000,1.0339999999999998,1.041,1.031,1.035,184943,19179156.0,0.0,15,1.0339999999999998,0
1673193600000,1.039,1.045,1.037,1.039,213619,22232785.0,0.0,15,1.035,0
1673280000000,1.0359999999999998,1.043,1.035,1.041,200769,20890749.0,0.0,15,1.039,0
1673366400000,1.0419999999999998,1.0459999999999998,1.033,1.035,211437,21966065.0,0.0,15,1.041,0
1673452800000,1.039,1.042,1.032,1.035,184400,19082286.0,0.0,15,1.035,0
1673539200000,1.039,1.041,1.032,1.041,226730,23461663.0,0.0,15,1.035,0
1673798400000,1.043,1.059,1.036,1.05,216444,22796184.0,0.0,15,1.041,0
1673884800000,1.052,1.057,1.048,1.051,188391,19811252.0,0.0,15,1.05,0
1673971200000,1.054,1.058,1.052,1.054,219344,23139701.0,0.0,15,1.0510000000000002,0
1674057600000,1.052,1.066,1.05,1.066,186917,19806037.0,0.0,15,1.054,0
1674144000000,1.067,1.077,1.067,1.077,159452,17099886.0,0.0,15,1.066,0
1675008000000,1.111,1.111,1.079,1.083,240617,26103469.000000004,0.0,15,1.077,0
1675094400000,1.083,1.089,1.079,1.0859999999999999,178196,19335656.0,0.0,15,1.083,0
1675180800000,1.087,1.102,1.086,1.102,216665,23691448.0,0.0,15,1.086,0
1675267200000,1.107,1.113,1.101,1.1059999999999999,220872,24464334.0,0.0,15,1.1019999999999999,0
1675353600000,1.106,1.106,1.09,1.103,207255,22789906.0,0.0,15,1.106,0
1675612800000,1.1019999999999999,1.103,1.093,1.0999999999999999,184332,20248367.0,0.0,15,1.103,0
1675699200000,1.103,1.105,1.093,1.1039999999999999,180269,19804347.0,0.0,15,1.0999999999999999,0
1675785600000,1.103,1.105,1.094,1.096,140340,15432705.000000002,0.0,15,1.104,0
1675872000000,1.092,1.117,1.088,1.116,203233,22444097.0,0.0,15,1.096,0
1675958400000,1.116,1.119,1.104,1.113,213071,23691350.0,0.0,15,1.116,0
1676217600000,1.115,1.125,1.112,1.125,160775,18015544.0,0.0,15,1.113,0
1676304000000,1.1280000000000001,1.129,1.12,1.1260000000000001,110680,12452166.0,0.0,15,1.125,0
1676390400000,1.125,1.129,1.122,1.127,132474,14914063.0,0.0,15,1.1260000000000001,0
1676476800000,1.127,1.132,1.097,1.105,263479,29540602.999999996,0.0,15,1.127,0
1676563200000,1.105,1.113,1.095,1.095,249453,27527276.0,0.0,15,1.105,0
1676822400000,1.0959999999999999,1.1099999999999999,1.089,1.109,241398,26516957.0,0.0,15,1.095,0
1676908800000,1.11,1.119,1.106,1.115,177538,19788617.000000004,0.0,15,1.109,0
1676995200000,1.11,1.12,1.108,1.117,158366,17654628.0,0.0,15,1.115,0
1677081600000,1.1179999999999999,1.1179999999999999,1.105,1.1119999999999999,156438,17391642.0,0.0,15,1.117,0
1677168000000,1.111,1.115,1.103,1.111,164821,18292228.0,0.0,15,1.1119999999999999,0
1677427200000,1.104,1.109,1.096,1.101,180104,19881910.0,0.0,15,1.111,0
1677513600000,1.1019999999999999,1.1119999999999999,1.097,1.111,148927,16472725.0,0.0,15,1.101,0
1677600000000,1.111,1.117,1.106,1.116,149855,16654498.0,0.0,15,1.111,0
1677686400000,1.115,1.121,1.112,1.114,183933,20505345.0,0.0,15,1.116,0
1677772800000,1.1139999999999999,1.117,1.105,1.1119999999999999,166320,18454495.0,0.0,15,1.1139999999999999,0
1678032000000,1.112,1.118,1.106,1.115,164902,18351342.000000004,0.0,15,1.112,0
1678118400000,1.114,1.114,1.096,1.097,160870,17842142.0,0.0,15,1.115,0
1678204800000,1.0919999999999999,1.1019999999999999,1.089,1.0999999999999999,160710,17633393.0,0.0,15,1.097,0
1678291200000,1.098,1.102,1.094,1.101,218398,24003258.0,0.0,15,1.1,0
1678377600000,1.101,1.101,1.087,1.0899999999999999,184091,20105954.0,0.0,15,1.101,0
1678636800000,1.082,1.093,1.08,1.092,210529,22861596.0,0.0,15,1.09,0
1678723200000,1.092,1.092,1.072,1.082,228912,24771889.000000004,0.0,15,1.092,0
1678809600000,1.087,1.095,1.086,1.088,192770,21023207.0,0.0,15,1.082,0
1678896000000,1.086,1.086,1.07,1.074,254182,27417595.000000004,0.0,15,1.088,0
1678982400000,1.078,1.086,1.074,1.079,232307,25116798.000000004,0.0,15,1.074,0
1679241600000,1.079,1.0819999999999999,1.071,1.077,236214,25471187.0,0.0,15,1.079,0
1679328000000,1.075,1.0879999999999999,1.075,1.087,254914,27630494.0,0.0,15,1.077,0
1679414400000,1.091,1.0939999999999999,1.089,1.093,165908,18109361.000000004,0.0,15,1.087,0
1679500800000,1.092,1.097,1.09,1.097,136824,14956675.0,0.0,15,1.093,0
1679587200000,1.097,1.0999999999999999,1.093,1.0979999999999999,117064,12832342.000000002,0.0,15,1.097,0
1679846400000,1.098,1.103,1.092,1.099,138482,15193585.0,0.0,15,1.098,0
1679932800000,1.096,1.098,1.09,1.093,158348,17330818.000000004,0.0,15,1.099,0
1680019200000,1.095,1.095,1.086,1.088,213522,23257580.999999996,0.0,15,1.093,0
1680105600000,1.0879999999999999,1.0899999999999999,1.081,1.0899999999999999,202232,21928909.0,0.0,15,1.0879999999999999,0
1680192000000,1.089,1.0999999999999999,1.089,1.0999999999999999,184855,20257572.999999996,0.0,15,1.0899999999999999,0
1680451200000,1.102,1.113,1.102,1.11,136476,15119015.0,0.0,15,1.1,0
1680537600000,1.111,1.112,1.106,1.112,158712,17600008.000000004,0.0,15,1.11,0
1680710400000,1.11,1.116,1.108,1.114,125239,13928277.0,0.0,15,1.112,0
1680796800000,1.111,1.125,1.111,1.1239999999999999,246290,27614358.0,0.0,15,1.1139999999999999,0
1681056000000,1.14,1.14,1.113,1.1139999999999999,212945,23842418.0,0.0,15,1.1239999999999999,0
1681142400000,1.112,1.12,1.112,1.118,153605,17133918.999999996,0.0,15,1.114,0
1681228800000,1.118,1.124,1.118,1.123,176609,19809743.0,0.0,15,1.118,0
1681315200000,1.122,1.124,1.116,1.118,181889,20374217.0,0.0,15,1.123,0
1681401600000,1.1219999999999999,1.125,1.115,1.1219999999999999,218636,24486820.0,0.0,15,1.1179999999999999,0
1681660800000,1.123,1.125,1.12,1.124,97173,10909301.0,0.0,15,1.122,0
1681747200000,1.123,1.124,1.116,1.121,155307,17377474.0,0.0,15,1.124,0
1681833600000,1.121,1.123,1.114,1.115,74499,8332637.0,0.0,15,1.121,0
1681920000000,1.113,1.117,1.11,1.117,129723,14426280.000000002,0.0,15,1.115,0
1682006400000,1.117,1.117,1.089,1.091,280853,30932743.0,0.0,15,1.117,0
1682265600000,1.091,1.091,1.077,1.081,312283,33791868.0,0.0,15,1.091,0
1682352000000,1.081,1.081,1.049,1.063,281023,29818959.000000004,0.0,15,1.081,0
1682438400000,1.0550000000000002,1.072,0.9570000000000001,1.064,265048,28187347.0,0.0,15,1.0630000000000002,0
1682524800000,1.0639999999999998,1.0719999999999998,1.055,1.0659999999999998,165398,17621313.0,0.0,15,1.0639999999999998,0
1682611200000,1.067,1.081,1.067,1.081,107031,11512760.0,0.0,15,1.066,0
1683129600000,1.075,1.0819999999999999,1.075,1.079,140934,15200975.0,0.0,15,1.081,0
1683216000000,1.076,1.076,1.062,1.069,157145,16750483.000000002,0.0,15,1.079,0
1683475200000,1.078,1.078,1.07,1.075,239659,25726522.0,0.0,15,1.0690000000000002,0
1683561600000,1.084,1.084,1.062,1.062,164032,17526690.0,0.0,15,1.075,0
1683648000000,1.0619999999999998,1.0679999999999998,1.057,1.063,174172,18517436.0,0.0,15,1.0619999999999998,0
1683734400000,1.065,1.067,1.062,1.062,91138,9696256.0,0.0,15,1.063,0
1683820800000,1.064,1.064,1.048,1.05,189440,19966730.0,0.0,15,1.062,0
1684080000000,1.0519999999999998,1.057,1.039,1.057,224484,23500678.000000004,0.0,15,1.0499999999999998,0
1684166400000,1.063,1.063,1.043,1.047,218684,22928320.0,0.0,15,1.057,0
1684252800000,1.047,1.0539999999999998,1.045,1.053,282808,29707947.999999996,0.0,15,1.047,0
1684339200000,1.056,1.059,1.054,1.057,254176,26840050.0,0.0,15,1.0530000000000002,0
1684425600000,1.058,1.065,1.052,1.062,290165,30760266.000000004,0.0,15,1.057,0
1684684800000,1.063,1.063,1.054,1.061,243782,25827446.000000004,0.0,15,1.062,0
1684771200000,1.0599999999999998,1.063,1.051,1.051,226764,23997637.0,0.0,15,1.061,0
1684857600000,1.051,1.0559999999999998,1.043,1.0479999999999998,356213,37412786.0,0.0,15,1.051,0
1684944000000,1.049,1.0539999999999998,1.033,1.0459999999999998,451038,47016497.0,0.0,15,1.0479999999999998,0
1685030400000,1.0459999999999998,1.057,1.039,1.055,287415,30075893.000000004,0.0,15,1.0459999999999998,0
1685289600000,1.059,1.059,1.049,1.0519999999999998,212433,22357120.0,0.0,15,1.055,0
1685376000000,1.047,1.059,1.043,1.0579999999999998,260514,27376848.0,0.0,15,1.0519999999999998,0
1685462400000,1.056,1.06,1.05,1.058,185938,19597951.000000004,0.0,15,1.058,0
1685548800000,1.055,1.066,1.052,1.06,204010,21641554.0,0.0,15,1.058,0
1685635200000,1.0639999999999998,1.071,1.063,1.0679999999999998,100823,10768023.000000002,0.0,15,1.06,0
1685894400000,1.068,1.071,1.066,1.069,160889,17188097.000000004,0.0,15,1.068,0
1685980800000,1.068,1.068,1.046,1.048,197692,20894880.0,0.0,15,1.069,0
1686067200000,1.05,1.057,1.044,1.047,220244,23083547.0,0.0,15,1.048,0
1686153600000,1.046,1.047,1.034,1.043,236997,24650559.0,0.0,15,1.047,0
1686240000000,1.042,1.05,1.038,1.05,197479,20604835.0,0.0,15,1.043,0
1686499200000,1.047,1.057,1.047,1.053,143614,15136391.000000002,0.0,15,1.0499999999999998,0
1686585600000,1.053,1.059,1.053,1.057,282921,29884092.0,0.0,15,1.053,0
1686672000000,1.057,1.063,1.056,1.061,130502,13821623.0,0.0,15,1.057,0
1686758400000,1.061,1.069,1.06,1.067,183155,19511386.0,0.0,15,1.061,0
1686844800000,1.0699999999999998,1.0779999999999998,1.067,1.075,103628,11132899.0,0.0,15,1.067,0
1687104000000,1.075,1.081,1.075,1.079,164532,17749941.0,0.0,15,1.075,0
1687190400000,1.08,1.085,1.078,1.081,110083,11904880.0,0.0,15,1.079,0
1687276800000,1.081,1.081,1.061,1.061,198717,21254838.0,0.0,15,1.081,0
1687708800000,1.052,1.057,1.04,1.041,175030,18374305.0,0.0,15,1.061,0
1687795200000,1.041,1.081,1.039,1.0519999999999998,167885,17631398.0,0.0,15,1.041,0
1687881600000,1.051,1.051,1.033,1.0499999999999998,217098,22622909.0,0.0,15,1.0519999999999998,0
1687968000000,1.048,1.057,1.048,1.054,572798,60348358.0,0.0,15,1.05,0
1688054400000,1.055,1.0679999999999998,1.055,1.067,325115,34639484.00000001,0.0,15,1.054,0
1688313600000,1.074,1.074,1.064,1.068,247656,26456492.0,0.0,15,1.067,0
1688400000000,1.068,1.074,1.068,1.073,215509,23086408.0,0.0,15,1.068,0
1688486400000,1.071,1.076,1.066,1.067,146325,15660657.000000002,0.0,15,1.073,0
1688572800000,1.067,1.073,1.062,1.064,151116,16106001.000000002,0.0,15,1.067,0
1688659200000,1.061,1.073,1.053,1.0579999999999998,221232,23413591.0,0.0,15,1.0639999999999998,0
1688918400000,1.063,1.0639999999999998,1.055,1.059,218567,23132318.000000004,0.0,15,1.0579999999999998,0
1689004800000,1.062,1.068,1.058,1.068,125868,13386093.0,0.0,15,1.059,0
1689091200000,1.067,1.0679999999999998,1.053,1.0539999999999998,221110,23452474.0,0.0,15,1.0679999999999998,0
1689177600000,1.0579999999999998,1.065,1.057,1.063,91788,9739727.0,0.0,15,1.054,0
1689264000000,1.064,1.067,1.062,1.063,149655,15928622.0,0.0,15,1.063,0
1689523200000,1.067,1.067,1.053,1.0599999999999998,226226,23889123.0,0.0,15,1.063,0
1689609600000,1.0579999999999998,1.0619999999999998,1.055,1.059,134954,14285194.0,0.0,15,1.0599999999999998,0
1689696000000,1.0599999999999998,1.0619999999999998,1.051,1.0559999999999998,204521,21561629.0,0.0,15,1.059,0
1689782400000,1.056,1.06,1.042,1.044,211595,22268425.0,0.0,15,1.056,0
1689868800000,1.041,1.053,1.039,1.043,167739,17499033.0,0.0,15,1.0439999999999998,0
1690128000000,1.039,1.0479999999999998,1.039,1.0399999999999998,101407,10574611.0,0.0,15,1.043,0
1690214400000,1.049,1.059,1.049,1.0559999999999998,206117,21738108.999999996,0.0,15,1.04,0
1690300800000,1.0559999999999998,1.0559999999999998,1.049,1.0519999999999998,153041,16092127.0,0.0,15,1.0559999999999998,0
1690387200000,1.053,1.0539999999999998,1.041,1.043,165573,17324074.0,0.0,15,1.0519999999999998,0
1690473600000,1.039,1.055,1.038,1.052,206726,21691621.0,0.0,15,1.043,0
1690732800000,1.059,1.068,1.058,1.059,202738,21519954.0,0.0,15,1.052,0
1690819200000,1.06,1.061,1.056,1.056,216767,22946555.0,0.0,15,1.059,0
1690905600000,1.065,1.065,1.052,1.055,192446,20297536.0,0.0,15,1.056,0
1690992000000,1.049,1.057,1.049,1.057,198934,20952470.0,0.0,15,1.055,0
1691078400000,1.057,1.0679999999999998,1.057,1.0619999999999998,266742,28340753.000000004,0.0,15,1.057,0
1691337600000,1.053,1.065,1.05,1.059,148894,15763837.000000002,0.0,15,1.062,0
1691424000000,1.0679999999999998,1.0679999999999998,1.049,1.0539999999999998,218770,23045154.0,0.0,15,1.059,0
1691510400000,1.055,1.055,1.044,1.046,196638,20591648.0,0.0,15,1.054,0
1691596800000,1.0499999999999998,1.0499999999999998,1.043,1.0459999999999998,154710,16182318.0,0.0,15,1.0459999999999998,0
1691683200000,1.049,1.049,1.029,1.029,180098,18657725.000000004,0.0,15,1.0459999999999998,0
1691942400000,1.015,1.039,1.014,1.032,242100,24711997.0,0.0,15,1.029,0
1692028800000,1.032,1.0330000000000001,1.0130000000000001,1.024,303550,30969591.0,0.0,15,1.032,0
1692115200000,1.026,1.026,1.012,1.012,227753,23185240.000000004,0.0,15,1.024,0
1692201600000,1.0130000000000001,1.024,1.0030000000000001,1.022,290154,29507051.0,0.0,15,1.012,0
1692288000000,1.022,1.024,1.0,1.001,247931,25079585.0,0.0,15,1.022,0
1692547200000,1.001,1.009,0.99,0.99,216622,21722971.0,0.0,15,1.001,0
1692633600000,0.998,1.002,0.98,0.997,266419,26367691.0,0.0,15,0.99,0
1692720000000,0.996,0.996,0.978,0.98,261196,25756795.0,0.0,15,0.997,0
1692806400000,0.979,0.991,0.975,0.981,210117,20631061.0,0.0,15,0.98,0
1692892800000,0.976,0.981,0.964,0.971,276863,26904058.0,0.0,15,0.981,0
1693152000000,1.016,1.036,0.971,0.972,276002,27392603.0,0.0,15,0.971,0
1693238400000,0.97,1.004,0.966,0.998,227755,22505713.0,0.0,15,0.972,0
1693324800000,1.005,1.013,0.998,1.002,210876,21193560.0,0.0,15,0.998,0
1693411200000,1.003,1.007,0.995,0.999,142292,14209181.0,0.0,15,1.002,0
1693497600000,1.002,1.005,0.995,0.998,200795,20031952.0,0.0,15,0.999,0
1693756800000,1.005,1.015,0.996,1.013,207611,20877748.000000004,0.0,15,0.998,0
1693843200000,1.012,1.014,1.0050000000000001,1.008,139434,14077854.0,0.0,15,1.0130000000000001,0
1693929600000,1.0,1.015,1.0,1.012,187208,18890351.0,0.0,15,1.008,0
1694016000000,1.009,1.009,0.995,0.996,198003,19830974.0,0.0,15,1.012,0
1694102400000,0.995,1.001,0.993,0.997,160088,15966548.0,0.0,15,0.996,0
1694361600000,0.997,1.015,0.995,1.011,187623,18860431.0,0.0,15,0.997,0
1694448000000,1.012,1.014,1.008,1.011,160478,16228848.0,0.0,15,1.011,0
1694534400000,1.012,1.012,0.992,0.999,176128,17599849.0,0.0,15,1.011,0
1694620800000,0.997,0.998,0.988,0.995,124220,12347512.0,0.0,15,0.999,0
1694707200000,0.996,1.003,0.99,0.996,150242,14967870.999999998,0.0,15,0.995,0
1694966400000,0.991,1.002,0.989,0.997,123163,12251671.999999998,0.0,15,0.996,0
1695052800000,0.997,0.997,0.985,0.991,185473,18320883.0,0.0,15,0.997,0
1695139200000,0.989,0.99,0.981,0.983,152813,15057796.000000002,0.0,15,0.991,0
1695225600000,0.98,0.984,0.973,0.974,190576,18623415.999999996,0.0,15,0.983,0
1695312000000,0.976,0.995,0.973,0.994,225283,22176667.0,0.0,15,0.974,0
1695571200000,0.994,0.995,0.985,0.987,194193,19160849.000000004,0.0,15,0.994,0
1695657600000,0.987,0.989,0.983,0.984,131894,13004424.0,0.0,15,0.987,0
1695744000000,0.977,0.995,0.977,0.991,186731,18508661.0,0.0,15,0.984,0
1695830400000,0.999,1.0,0.99,0.996,194708,19325069.0,0.0,15,0.991,0
1696780800000,0.997,0.997,0.987,0.992,184984,18334086.0,0.0,15,0.996,0
1696867200000,0.995,0.998,0.988,0.989,154980,15364407.999999998,0.0,15,0.992,0
1696953600000,0.992,1.0,0.987,0.989,162063,16111710.000000002,0.0,15,0.989,0
1697040000000,0.993,0.999,0.991,0.998,130770,13019429.000000002,0.0,15,0.989,0
1697126400000,0.993,0.997,0.993,0.997,176215,17523088.0,0.0,15,0.998,0
1697385600000,0.994,0.994,0.985,0.988,243229,24033506.000000004,0.0,15,0.997,0
1697472000000,0.987,0.987,0.979,0.984,190312,18688224.0,0.0,15,0.988,0
1697558400000,0.984,0.984,0.969,0.969,190438,18541157.0,0.0,15,0.984,0
1697644800000,0.9660000000000001,0.9720000000000001,0.9580000000000001,0.9640000000000001,211041,20365229.0,0.0,15,0.9690000000000001,0
1697731200000,0.9560000000000001,0.9620000000000001,0.9460000000000001,0.9500000000000001,178123,16991826.999999996,0.0,15,0.9640000000000001,0
1697990400000,0.9460000000000001,0.9460000000000001,0.922,0.927,203534,18990582.0,0.0,15,0.9500000000000001,0
1698076800000,0.929,0.9430000000000001,0.923,0.9400000000000001,349068,32705726.999999996,0.0,15,0.927,0
1698163200000,0.9430000000000001,0.9540000000000001,0.9430000000000001,0.9460000000000001,256943,24371891.999999996,0.0,15,0.9400000000000001,0
1698249600000,0.9490000000000001,0.9560000000000001,0.9400000000000001,0.9540000000000001,164632,15546346.0,0.0,15,0.9460000000000001,0
1698336000000,0.9540000000000001,0.9750000000000001,0.9440000000000001,0.9720000000000001,167282,16114237.0,0.0,15,0.9540000000000001,0
1698595200000,0.971,0.987,0.971,0.982,216163,21148381.0,0.0,15,0.972,0
1698681600000,0.982,0.983,0.973,0.977,207638,20284727.0,0.0,15,0.982,0
1698768000000,0.977,0.981,0.973,0.977,205122,20023890.000000004,0.0,15,0.977,0
1698854400000,0.978,0.98,0.966,0.966,194331,18879137.000000004,0.0,15,0.977,0
1698940800000,0.968,0.985,0.968,0.979,223728,21888586.0,0.0,15,0.966,0
1699200000000,0.984,1.059,0.976,0.998,219327,21782887.999999996,0.0,15,0.979,0
1699286400000,0.997,1.004,0.994,1.001,218563,21829711.000000004,0.0,15,0.998,0
1699372800000,0.998,1.008,0.997,1.005,277638,27861905.0,0.0,15,1.001,0
1699459200000,1.005,1.008,0.996,0.998,199927,19998198.0,0.0,15,1.005,0
1699545600000,0.995,0.999,0.992,0.998,131741,13119889.000000002,0.0,15,0.998,0
1699804800000,1.0,1.007,0.997,1.007,150787,15099895.0,0.0,15,0.998,0
1699891200000,1.007,1.015,1.006,1.012,142032,14353082.000000002,0.0,15,1.007,0
1699977600000,1.0210000000000001,1.0210000000000001,1.0130000000000001,1.018,192959,19618577.0,0.0,15,1.0120000000000002,0
1700064000000,1.009,1.017,1.008,1.009,158621,16054584.0,0.0,15,1.018,0
1700150400000,1.0,1.017,1.0,1.016,174596,17653716.0,0.0,15,1.009,0
1700409600000,1.018,1.026,1.012,1.026,226706,23129530.000000004,0.0,15,1.016,0
1700496000000,1.027,1.029,1.016,1.017,232980,23812324.000000004,0.0,15,1.026,0
1700582400000,1.015,1.021,1.004,1.006,239547,24301239.0,0.0,15,1.017,0
1700668800000,1.006,1.018,1.0010000000000001,1.018,257687,25994755.0,0.0,15,1.006,0
1700755200000,1.016,1.016,1.0010000000000001,1.0030000000000001,319594,32141874.0,0.0,15,1.018,0
1701014400000,1.0,1.007,0.995,1.003,290296,29021255.999999996,0.0,15,1.003,0
1701100800000,0.999,1.007,0.993,1.004,274266,27445773.0,0.0,15,1.003,0
1701187200000,1.003,1.007,0.999,1.002,266548,26724298.0,0.0,15,1.004,0
1701273600000,0.997,1.002,0.989,0.996,250293,24918069.0,0.0,15,1.002,0
1701360000000,0.994,1.007,0.991,1.005,275095,27459035.000000004,0.0,15,0.996,0
1701619200000,1.005,1.007,1.0,1.004,259253,26018630.0,0.0,15,1.005,0
1701705600000,0.998,0.998,0.982,0.983,199292,19764975.0,0.0,15,1.004,0
1701792000000,0.983,0.994,0.976,0.986,269453,26589858.000000004,0.0,15,0.983,0
1701878400000,0.987,0.992,0.979,0.987,350450,34552603.0,0.0,15,0.986,0
1701964800000,0.995,0.996,0.984,0.986,228327,22576835.0,0.0,15,0.987,0
1702224000000,0.98,0.999,0.976,0.997,313564,30915242.000000004,0.0,15,0.986,0
1702310400000,0.997,0.999,0.993,0.997,305599,30408470.999999996,0.0,15,0.997,0
1702396800000,0.996,0.998,0.988,0.989,274829,27331823.0,0.0,15,0.997,0
1702483200000,0.99,0.998,0.982,0.984,251082,24846980.0,0.0,15,0.989,0
1702569600000,0.989,0.99,0.973,0.978,363847,35703093.0,0.0,15,0.984,0
1702828800000,0.977,0.977,0.961,0.964,261010,25358377.0,0.0,15,0.978,0
1702915200000,0.9620000000000001,0.9680000000000001,0.9570000000000001,0.9630000000000001,316410,30448090.0,0.0,15,0.9640000000000001,0
1703001600000,0.9630000000000001,0.9640000000000001,0.9470000000000001,0.9480000000000001,298151,28466596.000000004,0.0,15,0.9630000000000001,0
1703088000000,0.9460000000000001,0.9560000000000001,0.935,0.9510000000000001,253720,23968883.0,0.0,15,0.9480000000000001,0
1703174400000,0.9490000000000001,0.9560000000000001,0.9410000000000001,0.9450000000000001,247533,23470145.000000004,0.0,15,0.9510000000000001,0
1703433600000,0.9410000000000001,0.9480000000000001,0.935,0.9400000000000001,354196,33281624.000000004,0.0,15,0.9450000000000001,0
1703520000000,0.9410000000000001,0.9410000000000001,0.925,0.928,275045,25608239.000000004,0.0,15,0.9400000000000001,0
1703606400000,0.93,0.937,0.927,0.935,253219,23579732.0,0.0,15,0.928,0
1703692800000,0.933,0.9570000000000001,0.929,0.9540000000000001,272313,25828902.999999996,0.0,15,0.935,0
1703779200000,0.9540000000000001,0.9700000000000001,0.9540000000000001,0.9700000000000001,241021,23239846.0,0.0,15,0.9540000000000001,0
1704124800000,0.97,0.973,0.96,0.96,214715,20732992.000000004,0.0,15,0.97,0
1704211200000,0.9600000000000001,0.9640000000000001,0.9500000000000001,0.9570000000000001,211882,20269653.0,0.0,15,0.9600000000000001,0
1704297600000,0.9540000000000001,0.9540000000000001,0.9450000000000001,0.9510000000000001,262563,24936349.0,0.0,15,0.9570000000000001,0
1704384000000,0.9510000000000001,0.9530000000000001,0.932,0.936,232179,21894963.0,0.0,15,0.9510000000000001,0
1704643200000,0.936,0.936,0.913,0.915,207332,19122239.0,0.0,15,0.936,0
1704729600000,0.916,0.923,0.905,0.91,200261,18278143.0,0.0,15,0.915,0
1704816000000,0.914,0.918,0.898,0.907,196392,17863640.0,0.0,15,0.91,0
1704902400000,0.905,0.928,0.905,0.923,219875,20158207.0,0.0,15,0.907,0
1704988800000,0.923,0.929,0.917,0.917,230560,21285061.0,0.0,15,0.923,0
1705248000000,0.915,0.923,0.909,0.914,175487,16084918.0,0.0,15,0.917,0
1705334400000,0.913,0.915,0.898,0.91,191071,17323122.0,0.0,15,0.914,0
1705420800000,0.91,0.91,0.89,0.899,158498,14256841.0,0.0,15,0.91,0
1705507200000,0.893,0.894,0.858,0.888,312633,27294289.999999996,0.0,15,0.899,0
1705593600000,0.871,0.888,0.871,0.876,200636,17616424.0,0.0,15,0.888,0
1705852800000,0.8730000000000001,0.8730000000000001,0.8200000000000001,0.8380000000000001,193964,16497131.0,0.0,15,0.8760000000000001,0
1705939200000,0.8360000000000001,0.8410000000000001,0.8130000000000001,0.8320000000000001,338126,27977946.000000004,0.0,15,0.8380000000000001,0
1706025600000,0.8360000000000001,0.8490000000000001,0.8140000000000001,0.8450000000000001,265473,22062010.000000004,0.0,15,0.8320000000000001,0
1706112000000,0.845,0.878,0.84,0.877,260610,22478766.0,0.0,15,0.845,0
1706198400000,0.877,0.881,0.864,0.868,244253,21306819.0,0.0,15,0.877,0
1706457600000,0.873,0.873,0.844,0.851,238452,20346662.0,0.0,15,0.868,0
1706544000000,0.8440000000000001,0.8480000000000001,0.8190000000000001,0.8210000000000001,218568,18241740.0,0.0,15,0.8510000000000001,0
1706630400000,0.8210000000000001,0.8210000000000001,0.788,0.796,300864,24105184.000000004,0.0,15,0.8210000000000001,0
1706716800000,0.791,0.802,0.772,0.784,234706,18443000.0,0.0,15,0.796,0
1706803200000,0.79,0.792,0.733,0.758,374742,28664806.000000004,0.0,15,0.784,0
1707062400000,0.752,0.7550000000000001,0.6920000000000001,0.7160000000000001,474894,33946252.0,0.0,15,0.758,0
1707148800000,0.7110000000000001,0.762,0.6920000000000001,0.752,446274,32243796.0,0.0,15,0.7160000000000001,0
1707235200000,0.749,0.799,0.748,0.792,633826,49849069.0,0.0,15,0.752,0
1707321600000,0.809,0.8350000000000001,0.796,0.8200000000000001,623719,51190630.0,0.0,15,0.792,0
1708272000000,0.8210000000000001,0.8450000000000001,0.81,0.8220000000000001,530890,43629513.0,0.0,15,0.8200000000000001,0
1708358400000,0.811,0.8290000000000001,0.806,0.8260000000000001,414346,34054102.0,0.0,15,0.8220000000000001,0
1708444800000,0.8160000000000001,0.8550000000000001,0.8160000000000001,0.8310000000000001,373441,31431683.000000004,0.0,15,0.8260000000000001,0
1708531200000,0.8310000000000001,0.8470000000000001,0.8250000000000001,0.8470000000000001,386666,32520742.0,0.0,15,0.8310000000000001,0
1708617600000,0.845,0.86,0.84,0.859,337460,28654204.0,0.0,15,0.847,0
1708876800000,0.859,0.876,0.854,0.862,399206,34505915.0,0.0,15,0.859,0
1708963200000,0.86,0.89,0.855,0.887,517572,45213038.0,0.0,15,0.862,0
1709049600000,0.887,0.9,0.848,0.849,496585,43664139.0,0.0,15,0.887,0
1709136000000,0.846,0.881,0.846,0.88,376789,32672244.0,0.0,15,0.849,0
1709222400000,0.891,0.892,0.874,0.889,305801,27011967.0,0.0,15,0.88,0
1709481600000,0.888,0.895,0.875,0.891,337181,29877119.0,0.0,15,0.889,0
1709568000000,0.889,0.891,0.878,0.882,277732,24555747.0,0.0,15,0.891,0
1709654400000,0.877,0.893,0.873,0.884,228847,20235820.0,0.0,15,0.882,0
1709740800000,0.886,0.894,0.871,0.873,225254,19852472.0,0.0,15,0.884,0
1709827200000,0.877,0.887,0.868,0.882,230574,20216314.000000004,0.0,15,0.873,0
1710086400000,0.88,0.9,0.879,0.899,297321,26471385.000000004,0.0,15,0.882,0
1710172800000,0.902,0.909,0.89,0.904,223241,20118040.0,0.0,15,0.899,0
1710259200000,0.9,0.915,0.9,0.908,191099,17357766.0,0.0,15,0.904,0
1710345600000,0.901,0.912,0.894,0.903,222596,20082488.0,0.0,15,0.908,0
1710432000000,0.9,0.916,0.897,0.916,241028,21821061.0,0.0,15,0.903,0
1710691200000,0.916,0.932,0.913,0.931,225291,20748784.0,0.0,15,0.916,0
1710777600000,0.931,0.931,0.921,0.923,252009,23328926.000000004,0.0,15,0.931,0
1710864000000,0.923,0.933,0.922,0.931,220686,20447545.0,0.0,15,0.923,0
1710950400000,0.93,0.937,0.925,0.931,193872,18038158.0,0.0,15,0.931,0
1711036800000,0.931,0.935,0.913,0.922,226829,20871806.000000004,0.0,15,0.931,0
1711296000000,0.922,0.923,0.9,0.9,213974,19584517.0,0.0,15,0.922,0
1711382400000,0.908,0.908,0.887,0.895,238286,21356424.0,0.0,15,0.9,0
1711468800000,0.896,0.896,0.866,0.868,244346,21561607.0,0.0,15,0.895,0
1711555200000,0.867,0.895,0.86,0.886,235498,20795804.0,0.0,15,0.868,0
1711641600000,0.886,0.897,0.879,0.897,216347,19223090.0,0.0,15,0.886,0
1711900800000,0.898,0.917,0.898,0.915,247246,22485945.000000004,0.0,15,0.897,0
1711987200000,0.917,0.917,0.904,0.911,323705,29390901.999999996,0.0,15,0.915,0
1712073600000,0.908,0.909,0.897,0.906,241686,21827086.0,0.0,15,0.911,0
1712505600000,0.902,0.902,0.888,0.889,133008,11935424.0,0.0,15,0.906,0
1712592000000,0.888,0.9,0.888,0.899,138388,12390983.0,0.0,15,0.889,0
1712678400000,0.895,0.895,0.878,0.883,155241,13744077.000000002,0.0,15,0.899,0
1712764800000,0.882,0.896,0.877,0.886,133376,11877314.0,0.0,15,0.883,0
1712851200000,0.886,0.891,0.877,0.879,134744,11931241.0,0.0,15,0.886,0
1713110400000,0.878,0.884,0.857,0.87,151589,13184093.0,0.0,15,0.879,0
1713196800000,0.86,0.868,0.834,0.836,160275,13591464.0,0.0,15,0.87,0
1713283200000,0.842,0.873,0.842,0.872,197722,17057125.0,0.0,15,0.836,0
1713369600000,0.873,0.881,0.86,0.872,155065,13528691.999999998,0.0,15,0.872,0
1713456000000,0.87,0.875,0.86,0.866,183510,15909893.999999998,0.0,15,0.872,0
1713715200000,0.858,0.874,0.855,0.866,148419,12890942.000000002,0.0,15,0.866,0
1713801600000,0.866,0.867,0.856,0.858,86428,7443239.0,0.0,15,0.866,0
1713888000000,0.859,0.877,0.858,0.876,260943,22734992.0,0.0,15,0.858,0
1713974400000,0.877,0.884,0.872,0.877,161121,14135466.0,0.0,15,0.876,0
1714060800000,0.877,0.894,0.877,0.893,72386,6420391.999999999,0.0,15,0.877,0
1714320000000,0.893,0.918,0.893,0.917,105105,9536561.0,0.0,15,0.893,0
1714406400000,0.925,0.928,0.906,0.907,88332,8049961.0,0.0,15,0.917,0
1714924800000,0.912,0.929,0.912,0.924,78561,7253730.0,0.0,15,0.907,0
1715011200000,0.922,0.929,0.921,0.926,63081,5840507.0,0.0,15,0.924,0
1715097600000,0.927,0.927,0.911,0.913,160587,14700589.000000002,0.0,15,0.926,0
1715184000000,0.916,0.931,0.915,0.928,102890,9528116.0,0.0,15,0.913,0
1715270400000,0.926,0.927,0.916,0.919,143878,13244854.000000002,0.0,15,0.928,0
1715529600000,0.917,0.917,0.903,0.911,82869,7551998.0,0.0,15,0.919,0
1715616000000,0.914,0.921,0.911,0.916,63409,5803524.0,0.0,15,0.911,0
1715702400000,0.919,0.92,0.906,0.908,80007,7301785.0,0.0,15,0.916,0
1715788800000,0.913,0.916,0.903,0.905,65405,5952356.0,0.0,15,0.908,0
1715875200000,0.905,0.923,0.905,0.922,130344,11885744.0,0.0,15,0.905,0
1716134400000,0.923,0.928,0.917,0.922,204036,18850609.0,0.0,15,0.922,0
1716220800000,0.916,0.921,0.909,0.912,176167,16123578.0,0.0,15,0.922,0
1716307200000,0.912,0.917,0.908,0.913,77282,7053239.0,0.0,15,0.912,0
1716393600000,0.906,0.916,0.893,0.895,116237,10459739.0,0.0,15,0.913,0
1716480000000,0.887,0.9,0.88,0.887,145087,12914607.0,0.0,15,0.895,0
1716739200000,0.881,0.895,0.877,0.893,52911,4679368.0,0.0,15,0.887,0
1716825600000,0.89,0.895,0.883,0.883,63517,5662358.0,0.0,15,0.893,0
1716912000000,0.887,0.891,0.88,0.884,85367,7568969.0,0.0,15,0.883,0
1716998400000,0.881,0.889,0.877,0.885,91613,8107284.0,0.0,15,0.884,0
1717084800000,0.882,0.892,0.882,0.888,48215,4289203.0,0.0,15,0.885,0
1717344000000,0.889,0.889,0.869,0.877,71279,6248903.999999999,0.0,15,0.888,0
1717430400000,0.872,0.883,0.868,0.882,86953,7604401.000000001,0.0,15,0.877,0
1717516800000,0.877,0.883,0.869,0.872,86253,7576692.0,0.0,15,0.882,0
1717603200000,0.877,0.877,0.85,0.853,160791,13798260.0,0.0,15,0.872,0
1717689600000,0.86,0.87,0.847,0.856,107425,9191956.999999998,0.0,15,0.853,0
1718035200000,0.856,0.867,0.845,0.864,143456,12290977.0,0.0,15,0.856,0
1718121600000,0.862,0.869,0.862,0.865,92243,7991903.0,0.0,15,0.864,0
1718208000000,0.865,0.867,0.859,0.86,95331,8209624.0,0.0,15,0.865,0
1718294400000,0.86,0.864,0.851,0.864,82818,7111321.0,0.0,15,0.86,0
1718553600000,0.859,0.866,0.858,0.862,79791,6883313.0,0.0,15,0.864,0
1718640000000,0.864,0.872,0.863,0.869,74388,6454551.0,0.0,15,0.862,0
1718726400000,0.872,0.89,0.857,0.859,80824,6958220.0,0.0,15,0.869,0
1718812800000,0.858,0.861,0.841,0.844,95294,8108656.0,0.0,15,0.859,0
1718899200000,0.84,0.847,0.838,0.843,70081,5896537.000000001,0.0,15,0.844,0
1719158400000,0.8380000000000001,0.8380000000000001,0.8130000000000001,0.8160000000000001,116631,9640766.0,0.0,15,0.8430000000000001,0
1719244800000,0.8160000000000001,0.8190000000000001,0.806,0.812,137050,11137007.000000002,0.0,15,0.8160000000000001,0
1719331200000,0.8160000000000001,0.8350000000000001,0.803,0.8340000000000001,138781,11313740.0,0.0,15,0.812,0
1719417600000,0.8340000000000001,0.8360000000000001,0.812,0.8150000000000001,116831,9593521.0,0.0,15,0.8340000000000001,0
1719504000000,0.8160000000000001,0.8300000000000001,0.812,0.8150000000000001,160889,13226183.0,0.0,15,0.8150000000000001,0
1719763200000,0.8150000000000001,0.8270000000000001,0.806,0.8230000000000001,181163,14722547.000000002,0.0,15,0.8150000000000001,0
1719849600000,0.8220000000000001,0.8260000000000001,0.8150000000000001,0.8190000000000001,117966,9694281.0,0.0,15,0.8230000000000001,0
1719936000000,0.811,0.8190000000000001,0.81,0.8140000000000001,121520,9898046.0,0.0,15,0.8190000000000001,0
1720022400000,0.8140000000000001,0.8190000000000001,0.792,0.797,122546,9873067.0,0.0,15,0.8140000000000001,0
1720108800000,0.797,0.808,0.787,0.802,126832,10067331.0,0.0,15,0.797,0
1720368000000,0.804,0.804,0.782,0.786,117233,9256110.0,0.0,15,0.802,0
1720454400000,0.78,0.804,0.778,0.801,172870,13668383.000000002,0.0,15,0.786,0
1720540800000,0.81,0.81,0.797,0.798,143016,11467936.0,0.0,15,0.801,0
1720627200000,0.805,0.8250000000000001,0.805,0.8190000000000001,155397,12623368.0,0.0,15,0.798,0
1720713600000,0.8190000000000001,0.8220000000000001,0.811,0.8150000000000001,86598,7058589.999999999,0.0,15,0.8190000000000001,0
1720972800000,0.8140000000000001,0.8140000000000001,0.804,0.81,110895,8956266.0,0.0,15,0.8150000000000001,0
1721059200000,0.808,0.809,0.799,0.809,107382,8627975.0,0.0,15,0.81,0
1721145600000,0.812,0.812,0.799,0.802,81174,6517134.0,0.0,15,0.809,0
1721232000000,0.801,0.808,0.788,0.808,120025,9574479.0,0.0,15,0.802,0
1721318400000,0.804,0.8130000000000001,0.798,0.807,168987,13654658.999999998,0.0,15,0.808,0
1721577600000,0.807,0.809,0.801,0.805,113765,9165135.0,0.0,15,0.807,0
1721664000000,0.805,0.806,0.783,0.784,143747,11443600.0,0.0,15,0.805,0
1721750400000,0.785,0.787,0.773,0.778,129931,10136303.0,0.0,15,0.784,0
1721836800000,0.771,0.782,0.768,0.774,114457,8856251.0,0.0,15,0.778,0
1721923200000,0.769,0.788,0.769,0.785,127333,9986010.0,0.0,15,0.774,0
1722182400000,0.784,0.786,0.78,0.782,85889,6724387.999999999,0.0,15,0.785,0
1722268800000,0.781,0.788,0.774,0.785,159371,12491030.0,0.0,15,0.782,0
1722355200000,0.785,0.8200000000000001,0.783,0.8200000000000001,270596,21835032.0,0.0,15,0.785,0
1722441600000,0.8300000000000001,0.8300000000000001,0.811,0.8160000000000001,163330,13348411.0,0.0,15,0.8200000000000001,0
1722528000000,0.8109999999999999,0.819,0.751,0.804,135153,10948713.0,0.0,15,0.8160000000000001,0
1722787200000,0.804,0.812,0.781,0.784,204257,16267252.0,0.0,15,0.804,0
1722873600000,0.791,0.798,0.784,0.793,170096,13448960.0,0.0,15,0.784,0
1722960000000,0.791,0.797,0.787,0.792,150270,11911726.0,0.0,15,0.793,0
1723046400000,0.792,0.798,0.781,0.793,159463,12603888.0,0.0,15,0.792,0
1723132800000,0.792,0.802,0.784,0.785,165338,13130169.0,0.0,15,0.793,0
1723392000000,0.784,0.787,0.779,0.781,155930,12220075.0,0.0,15,0.785,0
1723478400000,0.781,0.786,0.776,0.785,161325,12593299.000000002,0.0,15,0.781,0
1723564800000,0.783,0.786,0.771,0.778,199657,15568883.0,0.0,15,0.785,0
1723651200000,0.776,0.795,0.774,0.784,277036,21784226.0,0.0,15,0.778,0
1723737600000,0.787,0.79,0.779,0.779,120718,9446099.0,0.0,15,0.784,0
1723996800000,0.779,0.79,0.778,0.781,100620,7885968.000000001,0.0,15,0.779,0
1724083200000,0.781,0.781,0.764,0.768,160102,12308929.0,0.0,15,0.781,0
1724169600000,0.768,0.774,0.762,0.763,90543,6916745.000000001,0.0,15,0.768,0
1724256000000,0.768,0.768,0.752,0.755,180082,13650958.0,0.0,15,0.763,0
1724342400000,0.755,0.756,0.75,0.754,149365,11245637.000000002,0.0,15,0.755,0
1724601600000,0.754,0.761,0.752,0.756,66009,4994639.0,0.0,15,0.754,0
1724688000000,0.753,0.754,0.746,0.749,313531,23491670.0,0.0,15,0.756,0
1724774400000,0.749,0.756,0.745,0.75,188438,14131181.000000002,0.0,15,0.749,0
1724860800000,0.75,0.765,0.746,0.761,406669,30814234.0,0.0,15,0.75,0
1724947200000,0.761,0.788,0.761,0.776,307167,23816831.0,0.0,15,0.761,0
1725206400000,0.77,0.778,0.759,0.761,280126,21500232.000000004,0.0,15,0.776,0
1725292800000,0.76,0.771,0.76,0.764,204204,15633046.0,0.0,15,0.761,0
1725379200000,0.762,0.77,0.758,0.763,277977,21195241.000000004,0.0,15,0.764,0
1725465600000,0.767,0.775,0.764,0.769,180416,13861216.0,0.0,15,0.763,0
1725552000000,0.771,0.772,0.755,0.756,280877,21354588.0,0.0,15,0.769,0
1725811200000,0.753,0.759,0.748,0.751,204326,15374666.999999998,0.0,15,0.756,0
1725897600000,0.753,0.757,0.738,0.752,189939,14154214.0,0.0,15,0.751,0
1725984000000,0.751,0.755,0.747,0.753,164968,12391163.0,0.0,15,0.752,0
1726070400000,0.754,0.763,0.749,0.751,214169,16212574.0,0.0,15,0.753,0
1726156800000,0.752,0.752,0.741,0.743,211919,15808345.000000002,0.0,15,0.751,0
1726588800000,0.746,0.746,0.729,0.739,149910,11017736.0,0.0,15,0.743,0
1726675200000,0.742,0.761,0.736,0.755,187933,14115107.0,0.0,15,0.739,0
1726761600000,0.755,0.755,0.743,0.751,123924,9257645.000000002,0.0,15,0.755,0
1727020800000,0.751,0.758,0.744,0.749,156376,11783471.0,0.0,15,0.751,0
1727107200000,0.752,0.785,0.749,0.785,293884,22509739.0,0.0,15,0.749,0
1727193600000,0.788,0.808,0.787,0.788,261579,20868104.0,0.0,15,0.785,0
1727280000000,0.79,0.8300000000000001,0.785,0.8230000000000001,319061,25572711.0,0.0,15,0.788,0
1727366400000,0.8450000000000001,0.8810000000000001,0.8310000000000001,0.8750000000000001,174547,14806499.0,0.0,15,0.8230000000000001,0
1727625600000,0.925,0.9630000000000001,0.908,0.9630000000000001,512106,47827005.0,0.0,15,0.875,0
1728316800000,1.059,1.059,0.982,1.059,1408535,147140561.0,0.0,15,0.963,0
1728403200000,1.0590000000000002,1.0590000000000002,0.9580000000000001,0.9600000000000001,469123,46901244.0,0.0,15,1.0590000000000002,0
1728489600000,0.9610000000000001,0.9950000000000001,0.9440000000000001,0.9540000000000001,391736,37920577.0,0.0,15,0.9600000000000001,0
1728576000000,0.9500000000000001,0.9510000000000001,0.898,0.927,412212,37920016.0,0.0,15,0.9540000000000001,0
1728835200000,0.922,0.9450000000000001,0.899,0.9410000000000001,317528,29286871.0,0.0,15,0.927,0
1728921600000,0.935,0.9540000000000001,0.922,0.925,1261170,118540208.0,0.0,15,0.9410000000000001,0
1729008000000,0.917,0.9410000000000001,0.896,0.928,669892,62271717.00000001,0.0,15,0.925,0
1729094400000,0.936,0.9460000000000001,0.923,0.925,674702,63147779.0,0.0,15,0.928,0
1729180800000,0.922,1.0,0.922,0.9650000000000001,488304,46685189.00000001,0.0,15,0.925,0
1729440000000,0.989,1.0,0.968,0.984,508391,50161155.0,0.0,15,0.965,0
1729526400000,0.988,0.998,0.978,0.991,352909,34800619.0,0.0,15,0.984,0
1729612800000,0.991,1.01,0.982,0.993,326615,32573311.0,0.0,15,0.991,0
1729699200000,0.99,0.991,0.98,0.988,277762,27385835.0,0.0,15,0.993,0
1729785600000,0.988,1.013,0.988,1.01,294039,29503287.0,0.0,15,0.988,0
1730044800000,2.397,2.432,2.38,2.431,135315,32579067.999999996,0.0,15,2.395,0
1730131200000,2.444,2.444,2.39,2.398,132559,32105541.0,0.0,15,2.431,0
1730217600000,2.395,2.42,2.38,2.412,78423,18821285.0,0.0,15,2.3979999999999997,0
1730304000000,2.412,2.4659999999999997,2.4,2.445,98741,24068797.0,0.0,15,2.412,0
1730390400000,2.4450000000000003,2.4450000000000003,2.373,2.378,103982,25013604.0,0.0,15,2.4450000000000003,0
1730649600000,2.378,2.426,2.371,2.425,58990,14170056.0,0.0,15,2.378,0
1730736000000,2.424,2.5180000000000002,2.422,2.504,171001,42505296.0,0.0,15,2.4250000000000003,0
1730822400000,2.516,2.547,2.499,2.523,162623,41037521.0,0.0,15,2.504,0
1730908800000,2.5189999999999997,2.5669999999999997,2.481,2.565,94922,24068851.0,0.0,15,2.5229999999999997,0
1730995200000,2.571,2.624,2.5540000000000003,2.5730000000000004,99693,25726009.0,0.0,15,2.5650000000000004,0
1731254400000,2.574,2.631,2.562,2.626,117200,30438315.0,0.0,15,2.573,0
1731340800000,2.627,2.648,2.581,2.6029999999999998,92285,24208003.0,0.0,15,2.626,0
1731427200000,2.581,2.603,2.544,2.591,63529,16366152.000000002,0.0,15,2.603,0
1731513600000,2.567,2.586,2.512,2.528,94029,24056378.0,0.0,15,2.591,0
1731600000000,2.513,2.5349999999999997,2.453,2.457,91833,22995308.999999996,0.0,15,2.528,0
1731859200000,2.452,2.5060000000000002,2.386,2.395,93433,22630073.000000004,0.0,15,2.4570000000000003,0
1731945600000,2.398,2.45,2.386,2.4490000000000003,78538,18926974.0,0.0,15,2.395,0
1732032000000,2.45,2.5060000000000002,2.427,2.5060000000000002,94453,23332082.0,0.0,15,2.449,0
1732118400000,2.491,2.518,2.484,2.505,33845,8476575.0,0.0,15,2.506,0
1732204800000,2.48,2.511,2.414,2.418,50247,12371584.0,0.0,15,2.5050000000000003,0
1732464000000,2.408,2.431,2.383,2.431,61967,14939661.0,0.0,15,2.418,0
1732550400000,2.448,2.448,2.396,2.4019999999999997,61277,14809105.0,0.0,15,2.431,0
1732636800000,2.411,2.462,2.353,2.458,68620,16442119.0,0.0,15,2.402,0
1732723200000,2.4579999999999997,2.473,2.44,2.443,65315,16056720.999999998,0.0,15,2.4579999999999997,0
1732809600000,2.456,2.5100000000000002,2.426,2.4810000000000003,105503,26044288.0,0.0,15,2.443,0
1733068800000,2.483,2.545,2.46,2.536,107937,27200090.0,0.0,15,2.481,0
1733155200000,2.536,2.554,2.505,2.536,81530,20570546.0,0.0,15,2.536,0
1733241600000,2.533,2.535,2.488,2.499,110037,27664147.0,0.0,15,2.536,0
1733328000000,2.48,2.538,2.48,2.527,39280,9899458.0,0.0,15,2.499,0
1733414400000,2.527,2.576,2.5060000000000002,2.56,70269,17890570.0,0.0,15,2.527,0
1733673600000,2.56,2.5650000000000004,2.5180000000000002,2.5370000000000004,59281,15086112.0,0.0,15,2.56,0
1733760000000,2.6270000000000002,2.654,2.556,2.565,107656,27909895.000000004,0.0,15,2.537,0
1733846400000,2.551,2.599,2.551,2.596,48014,12423877.0,0.0,15,2.565,0
1733932800000,2.597,2.625,2.58,2.618,80621,20969484.999999996,0.0,15,2.596,0
1734019200000,2.617,2.617,2.565,2.5709999999999997,71882,18571518.000000004,0.0,15,2.618,0
1734278400000,2.571,2.571,2.528,2.537,67483,17179637.0,0.0,15,2.571,0
1734364800000,2.533,2.554,2.477,2.4869999999999997,79473,19848376.0,0.0,15,2.537,0
1734451200000,2.489,2.521,2.477,2.502,97921,24534850.0,0.0,15,2.4869999999999997,0
1734537600000,2.4979999999999998,2.516,2.465,2.512,55955,13877832.0,0.0,15,2.502,0
1734624000000,2.51,2.552,2.501,2.536,64571,16379841.0,0.0,15,2.512,0
1734883200000,2.535,2.535,2.467,2.471,41241,10294474.0,0.0,15,2.536,0
1734969600000,2.471,2.4939999999999998,2.456,2.4939999999999998,60764,15041679.0,0.0,15,2.471,0
1735056000000,2.4899999999999998,2.4899999999999998,2.445,2.468,48852,12017414.0,0.0,15,2.4939999999999998,0
1735142400000,2.472,2.499,2.464,2.491,63455,15769957.0,0.0,15,2.468,0
1735228800000,2.497,2.528,2.477,2.4939999999999998,34183,8558847.0,0.0,15,2.4909999999999997,0
1735488000000,2.4810000000000003,2.503,2.466,2.486,38174,9473816.0,0.0,15,2.494,0
1735574400000,2.487,2.4930000000000003,2.41,2.411,69894,17049381.0,0.0,15,2.486,0
1735747200000,2.431,2.431,2.325,2.3520000000000003,45880,10918103.0,0.0,15,2.411,0
1735833600000,2.348,2.353,2.274,2.291,59213,13690400.0,0.0,15,2.352,0
1736092800000,2.285,2.301,2.2600000000000002,2.2790000000000004,58525,13337429.0,0.0,15,2.2910000000000004,0
1736179200000,2.274,2.302,2.262,2.302,42479,9697654.0,0.0,15,2.279,0
1736265600000,2.293,2.31,2.229,2.2920000000000003,57735,13098644.0,0.0,15,2.302,0
1736352000000,2.27,2.311,2.27,2.297,40630,9349667.0,0.0,15,2.292,0
1736438400000,2.298,2.31,2.25,2.252,27734,6320999.0,0.0,15,2.297,0
1736697600000,2.2520000000000002,2.2680000000000002,2.22,2.257,30197,6778017.0,0.0,15,2.2520000000000002,0
1736784000000,2.266,2.362,2.257,2.361,51730,12000813.0,0.0,15,2.257,0
1736870400000,2.361,2.361,2.333,2.3400000000000003,27646,6483316.0,0.0,15,2.361,0
1736956800000,2.348,2.4,2.335,2.352,44120,10427288.0,0.0,15,2.34,0
1737043200000,2.35,2.3890000000000002,2.334,2.369,32774,7757728.000000001,0.0,15,2.352,0
1737302400000,2.378,2.412,2.37,2.386,23284,5571111.0,0.0,15,2.369,0
1737388800000,2.4,2.409,2.367,2.397,22725,5416341.000000001,0.0,15,2.386,0
1737475200000,2.374,2.392,2.366,2.38,76178,18083310.0,0.0,15,2.3970000000000002,0
1737561600000,2.4090000000000003,2.4360000000000004,2.369,2.373,59046,14276689.0,0.0,15,2.3800000000000003,0
1737648000000,2.369,2.4210000000000003,2.369,2.419,39988,9610032.0,0.0,15,2.373,0
1737907200000,2.4219999999999997,2.4419999999999997,2.372,2.376,46298,11080549.0,0.0,15,2.419,0
1738684800000,2.399,2.414,2.378,2.388,35287,8451789.0,0.0,15,2.3760000000000003,0
1738771200000,2.389,2.455,2.379,2.451,57696,14067195.999999998,0.0,15,2.388,0
1738857600000,2.454,2.5220000000000002,2.451,2.492,86800,21525557.0,0.0,15,2.451,0
1739116800000,2.489,2.525,2.489,2.517,61263,15377020.0,0.0,15,2.492,0
1739203200000,2.517,2.525,2.495,2.515,55510,13911109.999999998,0.0,15,2.517,0
1739289600000,2.513,2.552,2.5,2.548,42877,10849735.000000002,0.0,15,2.515,0
1739376000000,2.5549999999999997,2.5549999999999997,2.521,2.528,54484,13811084.0,0.0,15,2.548,0
1739462400000,2.5269999999999997,2.545,2.513,2.538,44487,11275978.000000002,0.0,15,2.528,0
1739721600000,2.54,2.56,2.532,2.555,70952,18107390.0,0.0,15,2.538,0
1739808000000,2.555,2.555,2.486,2.5,65346,16392979.0,0.0,15,2.555,0
1739894400000,2.499,2.5540000000000003,2.495,2.552,61809,15654812.0,0.0,15,2.5,0
1739980800000,2.551,2.577,2.547,2.565,65490,16756884.999999998,0.0,15,2.552,0
1740067200000,2.568,2.623,2.564,2.62,78197,20309448.0,0.0,15,2.565,0
1740326400000,2.6199999999999997,2.637,2.59,2.6189999999999998,89416,23411540.999999996,0.0,15,2.6199999999999997,0
1740412800000,2.593,2.636,2.587,2.613,49019,12838635.0,0.0,15,2.619,0
1740499200000,2.6149999999999998,2.65,2.605,2.643,34744,9131587.0,0.0,15,2.613,0
1740585600000,2.617,2.668,2.432,2.634,62846,16562363.0,0.0,15,2.643,0
1740672000000,2.617,2.617,2.543,2.5540000000000003,79712,20498640.0,0.0,15,2.6340000000000003,0
1740931200000,2.549,2.5869999999999997,2.537,2.544,23592,6048944.999999999,0.0,15,2.554,0
1741017600000,2.532,2.584,2.531,2.584,71836,18405044.0,0.0,15,2.544,0
1741104000000,2.572,2.6060000000000003,2.563,2.591,49033,12636193.0,0.0,15,2.584,0
1741190400000,2.597,2.656,2.597,2.646,48021,12688629.0,0.0,15,2.591,0
1741276800000,2.6700000000000004,2.6700000000000004,2.6310000000000002,2.637,57641,15290120.0,0.0,15,2.6460000000000004,0
1741536000000,2.638,2.648,2.628,2.6390000000000002,65938,17384622.0,0.0,15,2.637,0
1741622400000,2.636,2.654,2.613,2.654,30777,8108681.0,0.0,15,2.639,0
1741708800000,2.8600000000000003,2.8600000000000003,2.6550000000000002,2.6660000000000004,60727,16236149.0,0.0,15,2.6540000000000004,0
1741795200000,2.664,2.664,2.6,2.629,53739,14118986.0,0.0,15,2.666,0
1741881600000,2.6260000000000003,2.669,2.611,2.668,68754,18204605.0,0.0,15,2.629,0
1742140800000,2.6679999999999997,2.6839999999999997,2.662,2.674,53379,14252289.0,0.0,15,2.6679999999999997,0
1742227200000,2.681,2.6980000000000004,2.6710000000000003,2.68,49708,13343654.0,0.0,15,2.6740000000000004,0
1742313600000,2.688,2.688,2.657,2.675,40830,10888168.0,0.0,15,2.68,0
1742400000000,2.6830000000000003,2.6830000000000003,2.652,2.66,29070,7744202.0,0.0,15,2.6750000000000003,0
1742486400000,2.6519999999999997,2.655,2.602,2.6149999999999998,46057,12095232.0,0.0,15,2.6599999999999997,0
1742745600000,2.596,2.6140000000000003,2.543,2.587,94773,24368271.0,0.0,15,2.615,0
1742832000000,2.584,2.5930000000000004,2.5580000000000003,2.571,59009,15241837.0,0.0,15,2.587,0
1742918400000,2.573,2.597,2.573,2.577,19081,4930583.0,0.0,15,2.571,0
1743004800000,2.5690000000000004,2.6060000000000003,2.5460000000000003,2.5820000000000003,37578,9706400.0,0.0,15,2.5770000000000004,0
1743091200000,2.5820000000000003,2.5900000000000003,2.555,2.557,23770,6115046.0,0.0,15,2.5820000000000003,0
1743350400000,2.549,2.552,2.511,2.539,82376,20850546.0,0.0,15,2.557,0
1743436800000,2.548,2.569,2.545,2.5509999999999997,28558,7301897.0,0.0,15,2.539,0
1743523200000,2.551,2.577,2.551,2.557,26736,6863334.0,0.0,15,2.551,0
1743609600000,2.5469999999999997,2.572,2.521,2.536,96654,24592405.0,0.0,15,2.557,0
1743955200000,2.5,2.5,2.282,2.282,147067,34464897.0,0.0,15,2.536,0
1744041600000,2.282,2.307,2.21,2.29,155048,34687865.0,0.0,15,2.282,0
1744128000000,2.257,2.3200000000000003,2.14,2.295,157152,35367268.00000001,0.0,15,2.29,0
1744214400000,2.31,2.4010000000000002,2.31,2.35,140958,33428595.0,0.0,15,2.295,0
1744300800000,2.33,2.4170000000000003,2.33,2.3930000000000002,96576,23116213.0,0.0,15,2.35,0
1744560000000,2.4,2.439,2.4,2.42,73616,17826570.0,0.0,15,2.393,0
1744646400000,2.42,2.42,2.398,2.41,21851,5265105.0,0.0,15,2.42,0
1744732800000,2.397,2.408,2.351,2.379,54274,12860847.0,0.0,15,2.41,0
1744819200000,2.357,2.4090000000000003,2.357,2.3840000000000003,123073,29515881.000000004,0.0,15,2.379,0
1744905600000,2.375,2.398,2.37,2.38,101405,24145391.000000004,0.0,15,2.384,0
1745164800000,2.381,2.432,2.359,2.43,55857,13369126.0,0.0,15,2.38,0
1745251200000,2.436,2.442,2.418,2.4290000000000003,54433,13212158.0,0.0,15,2.43,0
1745337600000,2.406,2.463,2.406,2.446,51519,12619746.999999998,0.0,15,2.4290000000000003,0
1745424000000,2.446,2.446,2.411,2.425,47280,11469358.0,0.0,15,2.446,0
1745510400000,2.425,2.449,2.412,2.428,60634,14779801.0,0.0,15,2.425,0
1745769600000,2.428,2.428,2.398,2.408,56245,13548965.000000002,0.0,15,2.428,0
1745856000000,2.398,2.426,2.3930000000000002,2.418,28460,6866606.0,0.0,15,2.4080000000000004,0
1745942400000,2.43,2.444,2.427,2.435,25619,6244936.0,0.0,15,2.418,0
1746460800000,2.449,2.496,2.449,2.496,41038,10191352.000000002,0.0,15,2.435,0
1746547200000,2.5500000000000003,2.5500000000000003,2.479,2.498,44217,11093549.999999998,0.0,15,2.496,0
1746633600000,2.496,2.524,2.496,2.52,62422,15703983.000000002,0.0,15,2.4979999999999998,0
1746720000000,2.52,2.52,2.481,2.4899999999999998,24944,6216962.0,0.0,15,2.52,0
1746979200000,2.513,2.525,2.499,2.525,28305,7111667.0,0.0,15,2.49,0
1747065600000,2.54,2.548,2.509,2.5109999999999997,85060,21422283.0,0.0,15,2.525,0
1747152000000,2.534,2.542,2.5,2.52,88122,22192992.0,0.0,15,2.511,0
1747238400000,2.4979999999999998,2.519,2.48,2.4859999999999998,48721,12147230.0,0.0,15,2.52,0
1747324800000,2.48,2.497,2.472,2.481,71504,17756020.000000004,0.0,15,2.4859999999999998,0
1747584000000,2.47,2.496,2.459,2.495,26431,6543806.0,0.0,15,2.481,0
1747670400000,2.495,2.52,2.482,2.5170000000000003,34794,8701952.0,0.0,15,2.495,0
1747756800000,2.518,2.518,2.5,2.51,27042,6782331.0,0.0,15,2.517,0
1747843200000,2.511,2.519,2.484,2.4859999999999998,42301,10576632.0,0.0,15,2.51,0
1747929600000,2.4899999999999998,2.501,2.456,2.457,41156,10204684.0,0.0,15,2.4859999999999998,0
1748188800000,2.453,2.4749999999999996,2.449,2.468,29584,7282560.0,0.0,15,2.457,0
1748275200000,2.46,2.4699999999999998,2.448,2.464,30290,7438003.999999999,0.0,15,2.468,0
1748361600000,2.469,2.469,2.449,2.456,27380,6721628.0,0.0,15,2.464,0
1748448000000,2.458,2.498,2.458,2.498,26121,6488729.0,0.0,15,2.4560000000000004,0
1748534400000,2.498,2.498,2.471,2.478,31511,7805243.0,0.0,15,2.498,0
1748880000000,2.465,2.502,2.465,2.488,19407,4836088.0,0.0,15,2.4779999999999998,0
1748966400000,2.496,2.515,2.487,2.5140000000000002,24478,6145377.0,0.0,15,2.488,0
1749052800000,2.5,2.536,2.5,2.532,33073,8341483.0,0.0,15,2.514,0
1749139200000,2.528,2.535,2.5220000000000002,2.528,35736,9026919.000000002,0.0,15,2.532,0
1749398400000,2.535,2.56,2.532,2.554,28175,7184341.0,0.0,15,2.528,0
1749484800000,2.5509999999999997,2.554,2.509,2.533,23004,5815794.0,0.0,15,2.554,0
1749571200000,2.533,2.56,2.533,2.542,31703,8075993.0,0.0,15,2.533,0
1749657600000,2.551,2.552,2.532,2.544,10445,2658565.0,0.0,15,2.542,0
1749744000000,2.544,2.552,2.508,2.513,28591,7201206.0,0.0,15,2.544,0
1750003200000,2.508,2.533,2.508,2.529,8309,2099623.0,0.0,15,2.513,0
1750089600000,2.5300000000000002,2.5380000000000003,2.519,2.5220000000000002,19053,4813114.0,0.0,15,2.529,0
1750176000000,2.524,2.528,2.509,2.525,18932,4766312.0,0.0,15,2.522,0
1750262400000,2.5220000000000002,2.528,2.487,2.496,27608,6908700.0,0.0,15,2.525,0
1750348800000,2.513,2.513,2.473,2.473,47255,11734852.0,0.0,15,2.496,0
1750608000000,2.472,2.5060000000000002,2.467,2.504,30772,7679619.000000001,0.0,15,2.473,0
1750694400000,2.489,2.5509999999999997,2.489,2.55,42229,10725755.999999998,0.0,15,2.504,0
1750780800000,2.525,2.5949999999999998,2.525,2.589,54601,14074905.0,0.0,15,2.55,0
1750867200000,2.588,2.6,2.577,2.58,40646,10515843.0,0.0,15,2.589,0
1750953600000,2.5959999999999996,2.61,2.574,2.586,17585,4565942.0,0.0,15,2.5799999999999996,0
1751212800000,2.585,2.62,2.585,2.618,21968,5739523.0,0.0,15,2.586,0
1751299200000,2.616,2.6270000000000002,2.6,2.625,38313,10047282.000000002,0.0,15,2.618,0
1751385600000,2.602,2.6109999999999998,2.593,2.604,25132,6533712.0,0.0,15,2.625,0
1751472000000,2.606,2.617,2.596,2.613,13925,3628426.0,0.0,15,2.604,0
1751558400000,2.61,2.6319999999999997,2.594,2.6039999999999996,28430,7421851.0,0.0,15,2.613,0
1751817600000,2.603,2.61,2.6,2.606,7132,1858477.0000000002,0.0,15,2.604,0
1751904000000,2.615,2.645,2.615,2.644,16113,4238381.999999999,0.0,15,2.6060000000000003,0
1751990400000,2.6439999999999997,2.6519999999999997,2.634,2.635,12600,3329224.0,0.0,15,2.6439999999999997,0
1752076800000,2.634,2.654,2.62,2.64,20866,5512072.0,0.0,15,2.6350000000000002,0
1752163200000,2.64,2.6790000000000003,2.64,2.665,59660,15882745.000000002,0.0,15,2.64,0
1752422400000,2.685,2.688,2.6470000000000002,2.669,19778,5272680.999999999,0.0,15,2.665,0
1752508800000,2.67,2.673,2.634,2.658,37091,9821172.0,0.0,15,2.669,0
1752595200000,2.6580000000000004,2.68,2.6510000000000002,2.664,25820,6886141.0,0.0,15,2.6580000000000004,0
1752681600000,2.668,2.697,2.668,2.6950000000000003,34946,9376452.0,0.0,15,2.664,0
1752768000000,2.695,2.71,2.69,2.701,16371,4419013.0,0.0,15,2.695,0
1753027200000,2.704,2.73,2.704,2.7230000000000003,22152,6026022.0,0.0,15,2.701,0
1753113600000,2.7199999999999998,2.742,2.719,2.742,16742,4574485.000000001,0.0,15,2.723,0
1753200000000,2.739,2.757,2.722,2.7319999999999998,28008,7669669.999999999,0.0,15,2.742,0
1753286400000,2.732,2.7720000000000002,2.708,2.7720000000000002,20318,5596565.000000001,0.0,15,2.732,0
1753372800000,2.787,2.787,2.749,2.7680000000000002,8787,2430066.0,0.0,15,2.7720000000000002,0
1753632000000,2.7680000000000002,2.785,2.761,2.777,60675,16822106.000000004,0.0,15,2.7680000000000002,0
1753718400000,2.7769999999999997,2.7969999999999997,2.755,2.796,23645,6563705.0,0.0,15,2.7769999999999997,0
1753804800000,2.797,2.797,2.753,2.771,29922,8317459.0,0.0,15,2.7960000000000003,0
1753891200000,2.769,2.786,2.741,2.753,27020,7444681.0,0.0,15,2.771,0
1753977600000,2.753,2.769,2.729,2.755,24575,6766243.0,0.0,15,2.753,0
1754236800000,2.755,2.7880000000000003,2.737,2.782,13371,3695808.0000000005,0.0,15,2.755,0
1754323200000,2.8,2.803,2.782,2.802,7120,1987788.0,0.0,15,2.782,0
1754409600000,2.803,2.838,2.797,2.8360000000000003,7174,2026666.0,0.0,15,2.802,0
1754496000000,2.826,2.8569999999999998,2.815,2.838,12905,3649317.0,0.0,15,2.836,0
1754582400000,2.8249999999999997,2.835,2.815,2.824,9721,2746133.0,0.0,15,2.838,0
1754841600000,2.8360000000000003,2.874,2.833,2.867,14486,4140979.0,0.0,15,2.8240000000000003,0
1754928000000,2.862,2.875,2.85,2.874,13016,3727237.0,0.0,15,2.867,0
1755014400000,2.878,2.9210000000000003,2.878,2.914,17461,5070118.000000001,0.0,15,2.874,0
1755100800000,2.914,2.924,2.879,2.889,29018,8427811.0,0.0,15,2.914,0
1755187200000,2.88,2.945,2.88,2.944,13701,4013067.0,0.0,15,2.889,0
1755446400000,2.939,3.007,2.939,2.988,17798,5312374.000000001,0.0,15,2.944,0
1755532800000,2.997,3.007,2.972,2.993,22150,6629766.000000001,0.0,15,2.988,0
1755619200000,2.993,3.024,2.955,3.024,19642,5883854.0,0.0,15,2.993,0
1755705600000,3.024,3.0389999999999997,2.993,2.9979999999999998,33892,10182991.0,0.0,15,3.024,0
1755792000000,3.003,3.048,3.0,3.048,37822,11438798.0,0.0,15,2.998,0
1756051200000,3.049,3.1,3.036,3.086,27794,8555645.0,0.0,15,3.048,0
1756137600000,3.0860000000000003,3.108,3.063,3.0860000000000003,30264,9346394.0,0.0,15,3.0860000000000003,0
1756224000000,3.086,3.12,3.036,3.048,29805,9158598.0,0.0,15,3.086,0
1756310400000,3.043,3.0730000000000004,2.978,3.0730000000000004,31422,9543257.0,0.0,15,3.048,0
1756396800000,3.074,3.0869999999999997,3.037,3.072,39029,11928484.0,0.0,15,3.073,0
1756656000000,3.072,3.094,3.057,3.078,19341,5943099.0,0.0,15,3.072,0
1756742400000,3.09,3.09,2.993,3.021,46474,14063665.0,0.0,15,3.078,0
1756828800000,3.0260000000000002,3.035,2.967,2.981,21162,6332113.0,0.0,15,3.021,0
1756915200000,2.9810000000000003,2.995,2.87,2.903,35316,10350276.0,0.0,15,2.9810000000000003,0
1757001600000,2.903,2.998,2.903,2.995,13817,4078079.0,0.0,15,2.903,0
1757260800000,2.995,3.024,2.978,3.016,29271,8772061.0,0.0,15,2.995,0
1757347200000,3.016,3.017,2.969,2.9909999999999997,20451,6123479.0,0.0,15,3.016,0
1757433600000,2.991,3.011,2.962,2.976,11145,3327873.0,0.0,15,2.991,0
1757520000000,2.976,3.06,2.954,3.06,24347,7355459.000000001,0.0,15,2.976,0
1757606400000,3.0620000000000003,3.0820000000000003,3.0540000000000003,3.0610000000000004,19529,5984962.0,0.0,15,3.06,0
1757865600000,3.067,3.074,3.052,3.056,17832,5464286.0,0.0,15,3.061,0
1757952000000,3.057,3.091,3.039,3.088,28128,8645110.0,0.0,15,3.056,0
1758038400000,3.0879999999999996,3.127,3.078,3.1149999999999998,34099,10608773.0,0.0,15,3.0879999999999996,0
1758124800000,3.1149999999999998,3.165,3.061,3.1069999999999998,59844,18649675.0,0.0,15,3.1149999999999998,0
1758211200000,3.1069999999999998,3.134,3.053,3.078,30295,9318787.0,0.0,15,3.1069999999999998,0
1758470400000,3.068,3.088,3.0580000000000003,3.0850000000000004,14956,4599866.999999999,0.0,15,3.0780000000000003,0
1758556800000,3.0780000000000003,3.091,3.0020000000000002,3.06,48219,14691241.0,0.0,15,3.0850000000000004,0
1758643200000,3.0330000000000004,3.1170000000000004,3.0300000000000002,3.1170000000000004,31220,9597934.0,0.0,15,3.06,0
1758729600000,3.1,3.122,3.097,3.1029999999999998,21043,6540434.0,0.0,15,3.117,0
1758816000000,3.115,3.115,3.064,3.067,28150,8685352.000000002,0.0,15,3.103,0
1759075200000,3.0789999999999997,3.1149999999999998,3.049,3.1029999999999998,36528,11275894.0,0.0,15,3.0669999999999997,0
1759161600000,3.105,3.138,3.072,3.128,20558,6421755.0,0.0,15,3.103,0
1759939200000,3.128,3.171,3.101,3.161,30243,9535823.0,0.0,15,3.128,0
1760025600000,3.133,3.146,3.113,3.13,38375,11997462.0,0.0,15,3.161,0
1760284800000,3.099,3.12,3.0,3.11,14035,4308277.0,0.0,15,3.13,0
1760371200000,3.11,3.139,3.041,3.049,17870,5507993.0,0.0,15,3.11,0
1760457600000,3.0309999999999997,3.093,3.021,3.076,25509,7787883.0,0.0,15,3.049,0
1760544000000,3.055,3.083,3.0460000000000003,3.052,18262,5584567.0,0.0,15,3.076,0
1760630400000,3.052,3.06,2.972,2.984,25132,7557090.0,0.0,15,3.052,0
1760889600000,2.9749999999999996,3.014,2.973,2.9859999999999998,13237,3957484.0,0.0,15,2.984,0
1760976000000,2.986,3.0380000000000003,2.986,3.0300000000000002,11719,3539915.0,0.0,15,2.986,0
1761062400000,3.018,3.038,3.005,3.028,10286,3102382.9999999995,0.0,15,3.03,0
1761148800000,3.015,3.029,2.972,3.025,13014,3898240.0000000005,0.0,15,3.028,0
1761235200000,3.027,3.067,3.027,3.067,13742,4191528.0000000005,0.0,15,3.0250000000000004,0
1761494400000,3.074,3.12,3.073,3.093,11188,3455884.0,0.0,15,3.067,0
1761580800000,3.075,3.115,3.075,3.0900000000000003,14857,4603932.000000001,0.0,15,3.093,0
1761667200000,3.093,3.1310000000000002,3.084,3.13,17205,5344485.000000001,0.0,15,3.09,0
1761753600000,3.13,3.13,3.096,3.104,25164,7826880.0,0.0,15,3.13,0
1761840000000,3.103,3.141,3.1,3.102,12927,4028209.0,0.0,15,3.104,0
1762099200000,3.075,3.1210000000000004,3.0660000000000003,3.1170000000000004,20749,6414899.0,0.0,15,3.1020000000000003,0
1762185600000,3.101,3.105,3.049,3.07,37750,11627515.0,0.0,15,3.117,0
1762272000000,3.04,3.092,3.04,3.08,22116,6781595.999999999,0.0,15,3.07,0
1762358400000,3.089,3.122,3.082,3.1199999999999997,22120,6873182.000000001,0.0,15,3.08,0
1762444800000,3.11,3.134,3.092,3.117,16604,5171436.0,0.0,15,3.12,0
1762704000000,3.1350000000000002,3.148,3.104,3.122,10151,3164377.0,0.0,15,3.117,0
1762790400000,3.1220000000000003,3.14,3.107,3.112,21297,6651961.0,0.0,15,3.1220000000000003,0
1762876800000,3.0940000000000003,3.1180000000000003,3.067,3.092,13040,4029934.0000000005,0.0,15,3.112,0
1762963200000,3.0620000000000003,3.144,3.0620000000000003,3.136,20213,6323783.0,0.0,15,3.092,0
1763049600000,3.105,3.157,3.1,3.1,20535,6409017.0,0.0,15,3.136,0
1763308800000,3.11,3.114,3.09,3.1029999999999998,30248,9383072.0,0.0,15,3.0999999999999996,0
1763395200000,3.082,3.097,3.061,3.074,17950,5522942.0,0.0,15,3.1029999999999998,0
1763481600000,3.088,3.088,3.0380000000000003,3.055,16339,4987446.0,0.0,15,3.0740000000000003,0
1763568000000,3.085,3.085,3.031,3.041,9605,2922800.0,0.0,15,3.055,0
1763654400000,3.0240000000000005,3.0240000000000005,2.9250000000000003,2.9360000000000004,54871,16226472.000000002,0.0,15,3.0410000000000004,0
1763913600000,2.964,2.97,2.915,2.954,24819,7306200.0,0.0,15,2.936,0
1764000000000,2.9779999999999998,3.02,2.973,2.996,31366,9416553.0,0.0,15,2.9539999999999997,0
1764086400000,2.985,3.015,2.98,2.992,29468,8854973.0,0.0,15,2.996,0
1764172800000,2.969,3.028,2.969,2.9939999999999998,16328,4917414.0,0.0,15,2.992,0
1764259200000,3.0020000000000002,3.027,2.99,3.027,21807,6565678.000000001,0.0,15,2.994,0
1764518400000,3.0309999999999997,3.057,2.997,3.044,12854,3912735.0000000005,0.0,15,3.0269999999999997,0
1764604800000,3.021,3.047,3.012,3.015,12089,3646683.0,0.0,15,3.044,0
1764691200000,3.021,3.0300000000000002,2.987,2.996,19017,5697647.0,0.0,15,3.015,0
1764777600000,2.996,3.006,2.973,3.0,23055,6888788.0,0.0,15,2.996,0
1764864000000,2.985,3.044,2.977,3.0389999999999997,17254,5191492.000000001,0.0,15,3.0,0
1765123200000,3.06,3.077,3.049,3.068,21221,6508519.0,0.0,15,3.039,0
1765209600000,3.064,3.073,3.048,3.06,16511,5048906.999999999,0.0,15,3.068,0
1765296000000,3.048,3.069,3.028,3.061,13789,4208710.0,0.0,15,3.06,0
1765382400000,3.063,3.064,3.027,3.0300000000000002,17956,5461302.0,0.0,15,3.061,0
1765468800000,3.02,3.0570000000000004,3.0180000000000002,3.047,11381,3453832.0,0.0,15,3.0300000000000002,0
1765728000000,3.045,3.061,3.021,3.026,6192,1880306.0,0.0,15,3.0469999999999997,0
1765814400000,3.0100000000000002,3.0100000000000002,2.962,2.974,51078,15184028.0,0.0,15,3.0260000000000002,0
1765900800000,2.9739999999999998,3.026,2.96,3.017,21399,6392761.0,0.0,15,2.9739999999999998,0
1765987200000,3.016,3.035,3.0100000000000002,3.011,17945,5416790.0,0.0,15,3.0170000000000003,0
1766073600000,3.018,3.042,3.009,3.032,14859,4505055.0,0.0,15,3.0109999999999997,0
1766332800000,3.031,3.076,3.031,3.065,16108,4934842.0,0.0,15,3.032,0
1766419200000,3.075,3.0770000000000004,3.0460000000000003,3.059,14338,4385970.0,0.0,15,3.0650000000000004,0
1766505600000,3.059,3.113,3.059,3.1060000000000003,14591,4512621.0,0.0,15,3.059,0
1766592000000,3.117,3.145,3.104,3.137,10610,3314034.0,0.0,15,3.106,0
1766678400000,3.144,3.164,3.124,3.148,11437,3595046.0,0.0,15,3.137,0
1766937600000,3.128,3.16,3.128,3.14,13630,4288282.0,0.0,15,3.148,0
1767024000000,3.104,3.1670000000000003,3.104,3.141,9430,2967159.9999999995,0.0,15,3.14,0
1767110400000,3.134,3.144,3.125,3.132,13448,4216967.0,0.0,15,3.141,0
1767542400000,3.124,3.216,3.124,3.216,19836,6305836.0,0.0,15,3.132,0
1767628800000,3.22,3.253,3.209,3.253,10163,3288756.0,0.0,15,3.216,0
1767715200000,3.238,3.275,3.238,3.264,23018,7508400.0,0.0,15,3.253,0
1767801600000,3.263,3.3,3.262,3.291,11643,3825942.0000000005,0.0,15,3.264,0
1767888000000,3.301,3.371,3.301,3.371,22774,7617184.0,0.0,15,3.2910000000000004,0
1768147200000,3.369,3.5060000000000002,3.35,3.472,8792,3018237.9999999995,0.0,15,3.371,0
1768233600000,3.555,3.555,3.369,3.4400000000000004,13033,4476042.0,0.0,15,3.4720000000000004,0
1768320000000,3.419,3.49,3.363,3.413,28150,9687230.000000002,0.0,15,3.44,0
1768406400000,3.403,3.421,3.368,3.4059999999999997,11459,3884316.0,0.0,15,3.413,0
1768492800000,3.4,3.432,3.38,3.416,23188,7892560.0,0.0,15,3.4059999999999997,0
1768752000000,3.4090000000000003,3.434,3.3930000000000002,3.41,24586,8410277.0,0.0,15,3.4160000000000004,0
1768838400000,3.4299999999999997,3.435,3.348,3.384,23370,7873376.0,0.0,15,3.4099999999999997,0
1768924800000,3.392,3.428,3.371,3.414,24311,8287872.0,0.0,15,3.384,0
1769011200000,3.4410000000000003,3.45,3.414,3.436,19662,6746149.999999999,0.0,15,3.414,0
1769097600000,3.449,3.517,3.431,3.512,21386,7460072.0,0.0,15,3.436,0
1769356800000,3.539,3.5490000000000004,3.47,3.48,10032,3504363.0,0.0,15,3.512,0
1769443200000,3.495,3.495,3.386,3.4730000000000003,9257,3163880.9999999995,0.0,15,3.48,0
1769529600000,3.448,3.489,3.448,3.488,11314,3923892.0,0.0,15,3.473,0
1769616000000,3.4939999999999998,3.507,3.444,3.445,12095,4205157.0,0.0,15,3.488,0
1769702400000,3.4490000000000003,3.473,3.346,3.4210000000000003,13901,4729179.0,0.0,15,3.4450000000000003,0
1769961600000,3.4130000000000003,3.434,3.3000000000000003,3.3110000000000004,12825,4287079.0,0.0,15,3.4210000000000003,0
1770048000000,3.3080000000000003,3.4090000000000003,3.3080000000000003,3.4010000000000002,26595,9012188.999999998,0.0,15,3.3110000000000004,0
1770134400000,3.374,3.41,3.354,3.398,16367,5512771.000000001,0.0,15,3.4010000000000002,0
1770220800000,3.3920000000000003,3.3930000000000002,3.3240000000000003,3.346,12286,4120880.0,0.0,15,3.398,0
1770307200000,3.346,3.3750000000000004,3.2560000000000002,3.3400000000000003,11016,3675183.0,0.0,15,3.346,0
1770566400000,3.3729999999999998,3.41,3.359,3.409,6243,2119744.0,0.0,15,3.34,0
1770652800000,3.4090000000000003,3.4210000000000003,3.3890000000000002,3.41,6431,2194289.0,0.0,15,3.4090000000000003,0
1770739200000,3.41,3.437,3.395,3.415,7093,2426002.0,0.0,15,3.41,0
1770825600000,3.3930000000000002,3.4570000000000003,3.3930000000000002,3.451,16523,5681915.0,0.0,15,3.415,0
1770912000000,3.451,3.451,3.392,3.4,15278,5225506.0,0.0,15,3.451,0
1771862400000,3.422,3.4600000000000004,3.4090000000000003,3.439,9843,3381741.0,0.0,15,3.4000000000000004,0
1771948800000,3.44,3.4939999999999998,3.44,3.481,12433,4324818.0,0.0,15,3.439,0
1772035200000,3.4789999999999996,3.5149999999999997,3.473,3.5029999999999997,9966,3480355.0000000005,0.0,15,3.481,0
1772121600000,3.47,3.5380000000000003,3.47,3.5380000000000003,11110,3904218.0,0.0,15,3.503,0
1772380800000,3.503,3.524,3.47,3.5050000000000003,18429,6451994.0,0.0,15,3.5380000000000003,0
1772467200000,3.505,3.5189999999999997,3.368,3.383,32955,11273056.0,0.0,15,3.505,0
1772553600000,3.3080000000000003,3.4510000000000005,3.3080000000000003,3.3520000000000003,15867,5343308.000000001,0.0,15,3.3830000000000005,0
1772640000000,3.384,3.404,3.358,3.382,9202,3110184.0,0.0,15,3.3520000000000003,0
1772726400000,3.346,3.414,3.346,3.4050000000000002,15025,5111260.000000001,0.0,15,3.382,0
1772985600000,3.4050000000000002,3.407,3.286,3.396,42193,14074893.0,0.0,15,3.4050000000000002,0
1773072000000,3.4090000000000003,3.454,3.394,3.451,36380,12503329.0,0.0,15,3.396,0
1773158400000,3.455,3.4730000000000003,3.442,3.452,10648,3679236.0,0.0,15,3.451,0
1773244800000,3.4650000000000003,3.4650000000000003,3.4130000000000003,3.442,10009,3438909.0,0.0,15,3.4520000000000004,0
1773331200000,3.4290000000000003,3.4450000000000003,3.3890000000000002,3.3960000000000004,17719,6052624.0,0.0,15,3.442,0
1773590400000,3.396,3.396,3.342,3.391,17408,5856969.0,0.0,15,3.396,0
1773676800000,3.375,3.394,3.319,3.322,24297,8130862.0,0.0,15,3.391,0
1773763200000,3.33,3.3550000000000004,3.3080000000000003,3.3550000000000004,13967,4665059.0,0.0,15,3.322,0
1773849600000,3.33,3.342,3.02,3.2640000000000002,12262,4025596.0000000005,0.0,15,3.355,0
1773936000000,3.282,3.314,3.222,3.223,20482,6688092.0,0.0,15,3.264,0
1774195200000,3.223,3.223,3.106,3.1519999999999997,16067,5067377.0,0.0,15,3.223,0
1774281600000,3.152,3.2430000000000003,3.055,3.1390000000000002,32129,9937440.0,0.0,15,3.152,0
1774368000000,3.138,3.214,3.138,3.202,24601,7859476.0,0.0,15,3.139,0
1774454400000,3.202,3.21,3.145,3.161,23973,7597528.999999999,0.0,15,3.202,0
1774540800000,3.111,3.2150000000000003,3.111,3.201,15837,5043836.0,0.0,15,3.161,0
1774800000000,3.172,3.206,3.141,3.205,22967,7299992.0,0.0,15,3.201,0
1774886400000,3.205,3.213,3.1470000000000002,3.1550000000000002,25370,8046584.0,0.0,15,3.205,0
1774972800000,3.184,3.217,3.1790000000000003,3.2100000000000004,31076,9941592.0,0.0,15,3.1550000000000002,0
1775059200000,3.18,3.202,3.128,3.142,33484,10550079.0,0.0,15,3.21,0
1775145600000,3.155,3.155,3.113,3.116,17765,5574430.000000001,0.0,15,3.142,0
1775491200000,3.146,3.162,3.126,3.146,11182,3517319.0,0.0,15,3.116,0
1775577600000,3.181,3.298,3.181,3.294,22601,7327748.999999999,0.0,15,3.146,0
1775664000000,3.285,3.285,3.25,3.273,19424,6346460.999999999,0.0,15,3.294,0
1775750400000,3.305,3.3280000000000003,3.273,3.3000000000000003,21929,7263069.000000001,0.0,15,3.273,0
1776009600000,3.2760000000000002,3.3150000000000004,3.2760000000000002,3.31,28643,9462711.0,0.0,15,3.3000000000000003,0
1776096000000,3.3369999999999997,3.3609999999999998,3.323,3.3609999999999998,35395,11828277.000000002,0.0,15,3.31,0
1776182400000,3.372,3.3930000000000002,3.35,3.36,50073,16844346.0,0.0,15,3.361,0
1776268800000,3.358,3.402,3.35,3.402,45496,15375838.0,0.0,15,3.36,0
1776355200000,3.396,3.444,3.396,3.4379999999999997,61631,21074739.0,0.0,15,3.4019999999999997,0
1776614400000,3.448,3.46,3.432,3.4459999999999997,12916,4452960.0,0.0,15,3.4379999999999997,0
1776700800000,3.428,3.448,3.416,3.448,10722,3675716.0,0.0,15,3.4459999999999997,0
1776787200000,3.4450000000000003,3.503,3.4450000000000003,3.5000000000000004,14097,4908173.0,0.0,15,3.4480000000000004,0
1776873600000,3.5000000000000004,3.535,3.4330000000000003,3.4610000000000003,32581,11241695.000000002,0.0,15,3.5000000000000004,0
1776960000000,3.465,3.467,3.412,3.4339999999999997,72458,24857590.999999996,0.0,15,3.461,0
1777219200000,3.41,3.454,3.41,3.4410000000000003,9854,3390845.0000000005,0.0,15,3.434,0
1777305600000,3.441,3.4419999999999997,3.384,3.4,12220,4156371.0000000005,0.0,15,3.441,0
1777392000000,3.39,3.455,3.39,3.45,15852,5450222.0,0.0,15,3.4,0
1777478400000,3.4459999999999997,3.4699999999999998,3.44,3.468,22648,7817288.0,0.0,15,3.4499999999999997,0
1777996800000,3.49,3.56,3.49,3.539,96182,34041255.0,0.0,15,3.4680000000000004,0
1778083200000,3.539,3.599,3.539,3.596,86133,30845485.999999996,0.0,15,3.539,0
1778169600000,3.6,3.617,3.561,3.606,58522,21082254.0,0.0,15,3.596,0
1778428800000,3.608,3.674,3.608,3.6630000000000003,75475,27477717.000000004,0.0,15,3.6060000000000003,0
1778515200000,3.6580000000000004,3.6580000000000004,3.619,3.6420000000000003,20897,7612231.000000001,0.0,15,3.6630000000000003,0
1778601600000,3.6390000000000002,3.7060000000000004,3.615,3.7030000000000003,23121,8484198.0,0.0,15,3.6420000000000003,0
1778688000000,3.703,3.726,3.63,3.6319999999999997,14405,5281030.0,0.0,15,3.703,0
1778774400000,3.6670000000000003,3.6670000000000003,3.5780000000000003,3.5980000000000003,25078,9072534.0,0.0,15,3.632,0
1779033600000,3.6,3.6270000000000002,3.5620000000000003,3.6060000000000003,12941,4666319.000000001,0.0,15,3.5980000000000003,0
1779120000000,3.571,3.6430000000000002,3.56,3.6430000000000002,30810,11117859.000000002,0.0,15,3.606,0
1779206400000,3.6430000000000002,3.645,3.592,3.6430000000000002,20550,7435120.0,0.0,15,3.6430000000000002,0
1779292800000,3.7,3.7,3.524,3.534,15562,5594441.000000001,0.0,15,3.6430000000000002,0
1779379200000,3.535,3.612,3.535,3.6020000000000003,17121,6110331.0,0.0,15,3.5340000000000003,0
1779638400000,3.633,3.6380000000000003,3.587,3.6380000000000003,15146,5482536.0,0.0,15,3.6020000000000003,0
1779724800000,3.6380000000000003,3.665,3.555,3.599,29444,10542508.0,0.0,15,3.6380000000000003,0
1779811200000,3.632,3.632,3.524,3.544,14515,5170090.0,0.0,15,3.599,0
1779897600000,3.544,3.591,3.5140000000000002,3.5770000000000004,19732,6995783.999999999,0.0,15,3.544,0
1779984000000,3.5770000000000004,3.5900000000000003,3.478,3.49,40172,14151651.000000002,0.0,15,3.5770000000000004,0
1780243200000,3.524,3.524,3.462,3.464,11424,3985137.0,0.0,15,3.49,0
1780329600000,3.467,3.49,3.4130000000000003,3.478,60717,20895619.0,0.0,15,3.4640000000000004,0
1780416000000,3.4930000000000003,3.5380000000000003,3.466,3.484,10886,3819828.0000000005,0.0,15,3.478,0
1780502400000,3.515,3.515,3.47,3.491,12765,4450672.000000001,0.0,15,3.484,0
1780588800000,3.459,3.5140000000000002,3.438,3.454,26934,9358681.000000002,0.0,15,3.491,0
1780848000000,3.2760000000000002,3.4170000000000003,3.2760000000000002,3.353,33868,11411847.0,0.0,15,3.454,0
1780934400000,3.385,3.487,3.36,3.4499999999999997,62589,21433455.0,0.0,15,3.3529999999999998,0
1781020800000,3.449,3.449,3.335,3.402,52976,17935120.0,0.0,15,3.45,0
1781107200000,3.41,3.41,3.354,3.384,41126,13923225.999999998,0.0,15,3.402,0
1781193600000,3.414,3.461,3.403,3.412,37845,12979577.0,0.0,15,3.384,0
1781452800000,3.446,3.5530000000000004,3.446,3.5530000000000004,33111,11617531.000000002,0.0,15,3.4120000000000004,0
1781539200000,3.5180000000000002,3.6,3.5180000000000002,3.588,27138,9703945.0,0.0,15,3.5530000000000004,0
1781625600000,3.557,3.607,3.551,3.607,18222,6544169.000000001,0.0,15,3.588,0
1781712000000,3.604,3.6460000000000004,3.595,3.6380000000000003,23559,8556600.0,0.0,15,3.607,0
1782057600000,3.6390000000000002,3.68,3.575,3.68,26637,9608917.0,0.0,15,3.6380000000000003,0
1782144000000,3.669,3.6830000000000003,3.571,3.6020000000000003,15094,5475376.0,0.0,15,3.68,0
1782230400000,3.6020000000000003,3.652,3.5660000000000003,3.6510000000000002,19005,6880787.0,0.0,15,3.6020000000000003,0
1782316800000,3.6510000000000002,3.674,3.624,3.6630000000000003,9605,3500004.0,0.0,15,3.6510000000000002,0
1782403200000,3.663,3.663,3.553,3.568,44491,16070512.0,0.0,15,3.663,0
1782662400000,3.568,3.6,3.491,3.569,21646,7646337.000000001,0.0,15,3.568,0
1782748800000,3.5340000000000003,3.657,3.5340000000000003,3.657,20615,7461899.000000001,0.0,15,3.5690000000000004,0
1782835200000,3.622,3.71,3.621,3.673,34019,12544237.0,0.0,15,3.657,0
1782921600000,3.664,3.678,3.573,3.59,19309,7001314.000000001,0.0,15,3.673,0
1783008000000,3.555,3.6340000000000003,3.555,3.577,17806,6409564.000000001,0.0,15,3.5900000000000003,0
1783267200000,3.581,3.6109999999999998,3.513,3.533,21373,7568049.000000001,0.0,15,3.577,0
1783353600000,3.531,3.5860000000000003,3.451,3.461,19322,6742517.0,0.0,15,3.533,0
1783440000000,3.4499999999999997,3.51,3.392,3.392,61029,20773942.000000004,0.0,15,3.461,0
1783526400000,3.39,3.4610000000000003,3.334,3.458,37700,12721206.000000002,0.0,15,3.392,0
1783612800000,3.458,3.5100000000000002,3.41,3.419,46847,16319626.0,0.0,15,3.458,0
1783872000000,3.419,3.419,3.248,3.253,70262,23081199.0,0.0,15,3.419,0
